source,date,text,url,rating
rss_world_soccer_talk,"Thu, 21 Ma","How to watch Al Nassr vs Damac in the USA: Live Stream and TV for 2025/2026 Saudi Pro League. Al Nassr will face off against Damac Matchday 33 of the 2025/2026 Saudi Pro League season. Find here how to watch every moment live in the USA. 
Here are all of the details of where you can watch Al Nassr vs Damac on US television and via legal streaming:




WHO
Al Nassr vs Damac


WHAT
Saudi Pro League


WHEN
2:00pm ET / 11:00am PT • Thursday, May 21, 2026


WHERE
Fubo, Fox Sports 2, FOX Deportes and FOX One


STREAM
WATCH NOW




Match Overview
The Saudi Pro League title race reaches a critical moment as Al Nassr host Damac in a matchup loaded with pressure on both sides. Led by Cristiano Ronaldo, Al Nassr sits first in the standings with 83 points, holding a slim two-point lead over Al Hilal and knowing a win would secure the league title without needing help elsewhere.
Damac, meanwhil",https://worldsoccertalk.com/watch-on-us-tv/how-to-watch-al-nassr-vs-damac-in-the-usa-live-stream-and-tv-for-2025-2026-saudi-pro-league/,
rss_world_soccer_talk,"Wed, 20 Ma","MLS considering major stopped-clock rule change: Has soccer ever seen it before?. Major League Soccer could become the testing ground for a major rule change in soccer. Over the last several years, Major League Soccer has experienced enormous growth, establishing itself among the world’s most important leagues. However, it still features certain distinctive elements compared to the top soccer competitions in Europe and South America, something that could become even more pronounced with a potential rule change that MLS actually experimented with decades ago.
“Major League Soccer has had discussions with the International Football Association Board, global football’s rule making body, about trialing the use of a stopped clock in matches,” British outlet The Guardian reported Wednesday.
If this initiative moves forward, it would represent a major change for soccer. For mo",https://worldsoccertalk.com/news/mls-considering-major-stopped-clock-rule-change-has-soccer-ever-seen-it-before/,
rss_world_soccer_talk,"Wed, 20 Ma","How to watch River Plate vs RB Bragantino in the USA: Live Stream and TV for 2026 Copa Sudamericana. River Plate receive RB Bragantino on Matchday 5 of the 2026 Copa Sudamericana group stage. Viewers in the United States can watch the matchup live—here’s all the essential information on kickoff time and broadcast or streaming options. 
Here are all of the details of where you can watch River Plate vs RB Bragantino on US television and via legal streaming:




WHO
River Plate vs RB Bragantino


WHAT
Copa Sudamericana


WHEN
8:30pm ET / 5:30pm PT • Wednesday, May 20, 2026


WHERE
Fubo, Fanatiz, beIN SPORTS and beIN SPORTS Connect


FREE TRIAL
WATCH NOW




Match Overview
Everything is on the line in Group H as River Plate shift their full attention to the Copa Sudamericana following their run to the domestic league final. River sit in prime position to lock up the top spot in the group, and",https://worldsoccertalk.com/watch-on-us-tv/how-to-watch-river-plate-vs-rb-bragantino-in-the-usa-live-stream-and-tv-for-2026-copa-sudamericana/,
rss_world_soccer_talk,"Wed, 20 Ma","How to watch Flamengo vs Estudiantes in the USA: Live Stream and TV for 2026 Copa Libertadores. Flamengo will face Estudiantes on Matchday 5 of the 2026 Copa Libertadores group stage. Fans in the United States can catch the action live—here’s everything you need to know about kickoff time plus TV and streaming coverage. 
Here are all of the details of where you can watch Flamengo vs Estudiantes on US television and via legal streaming:




WHO
Flamengo vs Estudiantes


WHAT
Copa Libertadores


WHEN
8:30pm ET / 5:30pm PT • Wednesday, May 20, 2026


WHERE
Fubo, Fanatiz, beIN SPORTS en Español and beIN SPORTS Connect


FREE TRIAL
WATCH NOW




Match Overview
The battle for a spot in the Round of 16 could be decided in this crucial Group A showdown between Flamengo and Estudiantes. Flamengo lead the group with seven points and can officially lock in qualification with a victory, despite",https://worldsoccertalk.com/watch-on-us-tv/how-to-watch-flamengo-vs-estudiantes-in-the-usa-live-stream-and-tv-for-2026-copa-libertadores/,
rss_world_soccer_talk,"Wed, 20 Ma","Casemiro close to teaming up with Messi as Inter Miami advance in talks despite LA Galaxy interest. Lionel Messi appears increasingly close to having Casemiro as a teammate, as negotiations with Inter Miami are reportedly advancing despite interest from LA Galaxy. For months, it has been widely understood that Casemiro would not remain at Manchester United beyond the end of the current season. That has opened the door to several possible destinations for the Brazilian midfielder, with Inter Miami and LA Galaxy emerging as the leading contenders. The club led by Lionel Messi now appears to be in pole position to land the 34-year-old star.
“Inter Miami and LA Galaxy been chasing Casemiro since March,” The Athletic and CBS Sports reporter Tom Bogert said Wednesday through his official X account. “Miami close to landing the Brazil int’t, who is out of contract this summer. Would join after W",https://worldsoccertalk.com/news/casemiro-close-to-teaming-up-with-messi-as-inter-miami-advance-in-talks-despite-la-galaxy-interest/,
rss_world_soccer_talk,"Wed, 20 Ma","How to watch Santos vs San Lorenzo in the USA: Live Stream and TV for 2026 Copa Sudamericana. Santos will face San Lorenzo on Matchday 5 of the 2026 Copa Sudamericana group stage. Viewers in the United States can watch the matchup live—here’s all the essential information on kickoff time and broadcast or streaming options. 
Here are all of the details of where you can watch Santos vs San Lorenzo on US television and via legal streaming:




WHO
Santos vs San Lorenzo


WHAT
Copa Sudamericana


WHEN
6:00pm ET / 3:00pm PT • Tuesday, May 20, 2026


WHERE
Fubo, Fanatiz and beIN SPORTS Connect


FREE TRIAL
WATCH NOW




Match Overview
There’s little room for error in Group D as San Lorenzo and Santos prepare for a pivotal showdown. San Lorenzo sit atop the standings with six points and could strengthen its hold on first place with another victory heading into the final Matchday.
Meanwhil",https://worldsoccertalk.com/watch-on-us-tv/how-to-watch-santos-vs-san-lorenzo-in-the-usa-live-stream-and-tv-for-2026-copa-sudamericana/,
rss_world_soccer_talk,"Tue, 19 Ma","Lionel Messi’s Inter Miami regain top MLS spot in latest CONCACAF rankings but miss overall Top 3. Lionel Messi's great form has led Inter Miami to take the top MLS spot in the CONCACAF rankings, though they're still trailing the overall Top 3. Lionel Messi has been the driving force behind an Inter Miami side that has spent the first portion of the 2026 season rediscovering the form that carried them to the MLS Cup title last year. The progress is now showing in the standings, with the Herons reclaiming their status as the top MLS club in the CONCACAF rankings, though they still find themselves outside the overall top three.
Back in March, Inter Miami suffered a significant setback with their Round of 16 exit from the CONCACAF Champions Cup at the hands of Nashville, and a string of poor results through early April sent them tumbling to seventh in the rankings. Since then, the club has",https://worldsoccertalk.com/news/lionel-messis-inter-miami-regain-top-mls-spot-in-latest-concacaf-rankings-but-miss-overall-top-3/,
rss_world_soccer_talk,"Tue, 19 Ma","How to watch Boca Juniors vs Cruzeiro in the USA: Live Stream and TV for 2026 Copa Libertadores. Boca Juniors host Cruzeiro on Matchday 5 of the 2026 Copa Libertadores group stage. Fans in the United States can catch the action live—here’s everything you need to know about kickoff time plus TV and streaming coverage. 
Here are all of the details of where you can watch Boca Juniors vs Cruzeiro on US television and via legal streaming:




WHO
Boca Juniors vs Cruzeiro


WHAT
Copa Libertadores


WHEN
8:30pm ET / 5:30pm PT • Tuesday, May 19, 2026


WHERE
Fubo, Fanatiz, beIN SPORTS, beIN SPORTS en Español and beIN SPORTS Connect


FREE TRIAL
WATCH NOW




Match Overview
Everything is on the line in Group D as Boca Juniors return to La Bombonera for a massive showdown against Cruzeiro. After opening the campaign with back-to-back wins before dropping their last two matches, Boca enter the n",https://worldsoccertalk.com/watch-on-us-tv/how-to-watch-boca-juniors-vs-cruzeiro-in-the-usa-live-stream-and-tv-for-2026-copa-libertadores/,
rss_world_soccer_talk,"Tue, 19 Ma","Liverpool icon Jamie Carragher compares Mohamed Salah’s Anfield exit to Cristiano Ronaldo’s Manchester United departure. After his tense relationship with Arne Slot, Mohamed Salah decided to leave Liverpool, while also delivering explosive public comments. In response, club legend Jamie Carragher criticized the Egyptian star, even comparing his departure to Cristiano Ronaldo’s one from Manchester United. Mohamed Salah has not enjoyed the best season of his career, eventually losing his starting role under Arne Slot, a situation that later culminated in his departure from Liverpool. Far from having a quiet exit, the Egyptian star posted a controversial message on social media. In response, Reds legend Jamie Carragher delivered a harsh criticism of Salah, even comparing the situation to Cristiano Ronaldo’s turbulent departure from Manchester United.
After the latest defeat Mohamed Salah posted a strong message",https://worldsoccertalk.com/news/liverpool-icon-jamie-carragher-compares-mohamed-salahs-anfield-exit-to-cristiano-ronaldos-manchester-united-departure/,
rss_world_soccer_talk,"Tue, 19 Ma","How to watch St. Louis vs Houston Dynamo in the USA: Live Stream and TV for 2026 US Open Cup. St. Louis will square off against Houston Dynamo in the 2026 US Open knockout quarterfinal. Here is how you can watch the match live in the USA. 
Here are all of the details of where you can watch St. Louis vs Houston Dynamo on US television and via legal streaming:




WHO
St. Louis vs Houston Dynamo


WHAT
US Open Cup


WHEN
8:00pm ET / 5:00pm PT • Tuesday, May 19, 2026


WHERE
Fubo, DirecTV Stream, Paramount+, CBS Sports Network and Hulu + Live TV


STREAM
WATCH NOW




Match Overview
Houston Dynamo shift their focus from the MLS playoff race to the US Open Cup. With 21 points and only eight behind Western Conference leaders Vancouver Whitecaps, Houston remain in solid form heading into a knockout clash against St. Louis City SC.
St. Louis battling near the bottom of the standings. For",https://worldsoccertalk.com/watch-on-us-tv/how-to-watch-st-louis-vs-houston-dynamo-in-the-usa-live-stream-and-tv-for-2026-us-open-cup/,
rss_world_soccer_talk,"Tue, 19 Ma","How to watch Orlando City SC vs Atlanta United in the USA: Live Stream and TV for 2026 US Open Cup. Orlando City SC will square off against Atlanta United in the 2026 US Open knockout quarterfinal. Here is how you can watch the match live in the USA. 
Here are all of the details of where you can watch Orlando City SC vs Atlanta United on US television and via legal streaming:



WHO
Orlando City SC vs Atlanta United


WHAT
US Open Cup


WHEN
3:00pm ET / 12:00pm PT • Tuesday, September 23, 2026


WHERE
Paramount+, CBS Sports Golazo Network and Amazon Prime Video


STREAM
WATCH NOW




Match Overview
With a US Open Cup semifinal spot on the line, Orlando City SC and Atlanta United meet again after a 1-1 draw last Saturday that highlighted how little separates them. Orlando enters with 14 MLS points, just three shy of the Play-In line.
Facing the Florida team will be Atlanta United, who sit",https://worldsoccertalk.com/watch-on-us-tv/how-to-watch-orlando-city-sc-vs-atlanta-united-in-the-usa-live-stream-and-tv-for-2026-us-open-cup/,
rss_world_soccer_talk,"Mon, 18 Ma","When is Lionel Messi’s next game? Inter Miami star’s MLS title defense continues. With the 2026 MLS season already underway, questions are being raised about when Argentina and Inter Miami star Lionel Messi will play his next game. Lionel Messi is still making history at 38 years old, remaining a cornerstone and captain for both Inter Miami and the Argentina national team. With the 2026 Major League Soccer season now underway, fans are wondering when they’ll see the forward back in action.
Lionel Messi’s next match with Inter Miami is scheduled for Sunday, May 24, when the Herons will be hosting Philadelphia Union in the MLS at the Nu Stadium. The Argentine legend enters the fixture after participating in the two goals of the 2-0 win over the Portland Timbers with a goal and an assist.
As for international duty with Argentina national team, Lionel Messi is set to return",https://worldsoccertalk.com/news/when-is-lionel-messi-next-game/,
rss_world_soccer_talk,"Mon, 18 Ma","Wayne Rooney slams Mohamed Salah over criticism of Liverpool’s Arne Slot: ‘I’d have him nowhere near the stadium’. After battling to secure qualification for the UEFA Champions League, Mohamed Salah posted a strong message that appeared to contain subtle criticism toward Arne Slot of Liverpool FC. In response, Wayne Rooney delivered a strong criticism at the Egyptian legend. Despite winning the 2024-25 Premier League title, Liverpool have struggled throughout this season, battling to secure qualification for the UEFA Champions League. Amid this difficult period, Mohamed Salah posted a strong message on social media that appeared to contain subtle criticism toward head coach Arne Slot. In response, English legend Wayne Rooney decided to publicly criticize the Egyptian star, further escalating the situation.
Following the loss to Aston Villa, Mohamed Salah has decided to post a scathing critique of the R",https://worldsoccertalk.com/news/wayne-rooney-slams-mohamed-salah-over-criticism-of-liverpools-arne-slot-id-have-him-nowhere-near-the-stadium/,
rss_world_soccer_talk,"Mon, 18 Ma","Antoine Griezmann says he ‘made a mistake’ leaving Atletico Madrid for Messi’s Barcelona. Antoine Griezmann stated that he ""made a mistake"" the moment he left Atletico Madrid to join Lionel Messi's Barcelona in 2019. Antoine Griezmann bid farewell to the Atletico Madrid faithful in his final home appearance at the Riyadh Air Metropolitano on Sunday against Girona. In an emotional scene in front of a packed stadium, the French legend admitted that leaving the Colchoneros to join Lionel Messi‘s Barcelona had been “a mistake.”
Regarded at the time as one of the best players in the world and having already signed a contract extension, Griezmann completed a move to Barcelona in 2019 for €120 million. However, the anticipated partnership with Messi never truly clicked, and his two seasons at the club yielded only a Copa del Rey title in 2020-21, with disappointment in La Liga and the",https://worldsoccertalk.com/news/antoine-griezmann-says-he-made-a-mistake-leaving-atletico-madrid-for-messis-barcelona/,
rss_world_soccer_talk,"Sun, 17 Ma","Video: Lionel Messi scores and assists for Inter Miami’s first win at Nu Stadium vs Portland Timbers. After a great collective play, Lionel Messi scored the opening goal for Inter Miami in the MLS game against the Portland Timbers. Inter Miami hosted the Portland Timbers on Sunday at Nu Stadium looking to climb the MLS Eastern Conference standings. Lionel Messi spearheaded the attack for the Herons, providing the game’s opening breakthrough before delivering an assist to push the advantage to 2-0, securing the historic first victory at the club’s new home.
Sunday’s clash marked Inter Miami’s fifth match at Nu Stadium since its grand opening, with the Herons previously enduring a frustrating stretch of three draws and a loss at the new venue. After sustained attacking pressure turned Timbers goalkeeper James Pantemis into the player of the match early with a string of brilliant saves, the H",https://worldsoccertalk.com/news/video-lionel-messi-scores-opening-goal-for-inter-miami-cf-vs-portland-timbers-in-mls/,
rss_world_soccer_talk,"Sun, 17 Ma","Lionel Messi dealt setback as Inter Miami issue injury update on Tadeo Allende surgery. Less than a month before the break for the 2026 World Cup, Lionel Messi received a squad blow with Inter Miami confirming Tadeo Allende's surgery in a latest injury update. Lionel Messi remains the undeniable centerpiece of an Inter Miami side that has struggled to recapture its dominant form from the 2025 season. In yet another setback for the Argentine maestro, the Herons confirmed in a recent injury update that forward Tadeo Allende has undergone knee surgery, delivering another blow to the squad’s depth.
Inter Miami released an official statement regarding Allende’s status on Sunday ahead of their clash with the Portland Timbers: “Forward Tadeo Allende has successfully undergone an arthroscopy on his right knee to address the discomfort he had been experiencing in recent weeks.“
The fo",https://worldsoccertalk.com/news/lionel-messi-dealt-setback-as-inter-miami-issue-injury-update-on-tadeo-allende-surgery/,
rss_world_soccer_talk,"Sun, 17 Ma","Lionel Messi starts: Confirmed lineups for Inter Miami vs. Portland Timbers in MLS clash. Inter Miami are clashing with the Portland Timbers in the MLS, with all eyes on Lionel Messi to feature in the game. Inter Miami host the Portland Timbers on Sunday, May 17, at Nu Stadium in the 2026 MLS regular season. With the Herons looking to climb further up the Eastern Conference standings, the biggest question heading into the match is whether Lionel Messi will be in the lineup.
Messi has been included in the starting lineup against the Timbers. The Argentine arrives in good form after scoring a brace and adding an assist in a 5-3 road win over FC Cincinnati, a performance that earned him a spot in the MLS Team of the Matchday 13 and further underlines his sharp form heading into the summer.
Through 12 MLS appearances this season, Messi has scored 11 goals and registered four assist",https://worldsoccertalk.com/news/is-lionel-messi-playing-projected-lineups-for-inter-miami-vs-portland-timbers-in-mls-clash/,
rss_world_soccer_talk,"Sun, 17 Ma","How to watch Inter Miami vs Portland Timbers in the USA: Live Stream and TV for 2026 MLS. Inter Miami will square off against Portland Timbers in a 2026 MLS regular-season matchup. Find here how to watch this game live in the USA. 
Here are all of the details of where you can watch Inter Miami vs Portland Timbers on US television and via legal streaming:




WHO
Inter Miami vs Portland Timbers


WHAT
MLS 2026 season


WHEN
6:00pm ET / 3:00pm PT • Sunday, May 17, 2026


WHERE
Apple TV


STREAM
WATCH NOW






Match Overview
Inter Miami enter this matchup with plenty of momentum after a convincing win over Cincinnati lifted Lionel Messi and company to 25 points, leaving them just two behind Eastern Conference leaders Nashville SC as the race for the top spot heats up.
Standing in their way are a Portland Timbers side eager to turn its season around despite sitting near the bottom",https://worldsoccertalk.com/watch-on-us-tv/how-to-watch-inter-miami-vs-portland-timbers-in-the-usa-live-stream-and-tv-for-2026-mls/,
rss_google_news,"Sat, 11 Ap",Recap | Revolution earn second straight shutout win with 1-0 victory over D.C. United - revolutionsoccer.net. Recap | Revolution earn second straight shutout win with 1-0 victory over D.C. United  revolutionsoccer.net,https://news.google.com/rss/articles/CBMipAFBVV95cUxOcW1xWG9NSGc4OUNQTDAtR1RZa0lwdnBuYzJtazA5QTNOM2gwd1otc1dTVVNjZ2hkbDh5TFoycGgzazdMY1ZFRU1HR3hiTTREWjFIYTFCX3luZ0lUdHprM3FsY2JnVTJ4Q0dPYi1nMU5BOGt4RV9nN05kM3JSeDJzUGRBWEFNNmNFOFRhSlkybTVOZU45eXYtVVB3YzZBUlViTzNaNA?oc=5,
rss_google_news,"Sat, 28 Fe","RECAP | Minnesota United FC 1, FC Cincinnati 0 – MLS Regular Season - FC Cincinnati. RECAP | Minnesota United FC 1, FC Cincinnati 0 – MLS Regular Season  FC Cincinnati",https://news.google.com/rss/articles/CBMigwFBVV95cUxPc1pkeGlQU25zbGxuT19DcE5jVzlZM082ekhpS0UtbGRHWUo0YUVfWGMzWWw0eEVULTE0eDhvNGprb2tKVTZtSmgxNjV1VXZzMWczRDJCNUlqTFg3ZWFjWWlIaWUtSjlELUtxcWtHb3ZrQ1AtbjM5ZzNDd29objZ6bU16WQ?oc=5,
rss_google_news,"Thu, 23 Oc",MLS average attendance down 5% in 2025 ahead of World Cup - Sports Business Journal. MLS average attendance down 5% in 2025 ahead of World Cup  Sports Business Journal,https://news.google.com/rss/articles/CBMitgFBVV95cUxPVlpXTk11XzBfNjNsOXlpUFU5am1PUGRfZHpYM2l5Nk9GRTQxV1RVWXVibjlucnlURGJ0SzdtQ0txTHhEY0VsZ29tRldRUFppVnk2X2ZSOWtPWDJETUc2ejRnTnl6VkhQQVlfdDBscnlueDhWSjdmZXRnaVd3ZUFRSWhmZmFqRmFZRHFWVjBCN0JiNmd3OEtORnhCb2phS0oxM2R5M3dFbzhQVGhETEN2d2N1NnBuZw?oc=5,
rss_google_news,"Sat, 28 Ju","MATCHDAY GUIDE | Revs vs. Colorado Rapids (June 28, 2025) - revolutionsoccer.net. MATCHDAY GUIDE | Revs vs. Colorado Rapids (June 28, 2025)  revolutionsoccer.net",https://news.google.com/rss/articles/CBMikwFBVV95cUxQek9rYTB6TjhhMEgyZ1h2TjVuNm10UkxmMmNWdkN1S3pQVkxMS1dYRTNEbjZ3LW1ib3MzN2dGTFhzM21PMV9Wc25CSlJnWXFSSTU3WUZBVzRVTUtXUElYSjJiYzhCVDVkdzZPVURIclFISmVDRnpNeEVYUDRybHBqb19wTzl5N0d1LVBlc21Md0dpekk?oc=5,
rss_google_news,"Sat, 14 Ju","RECAP | New England Revolution 0, FC Cincinnati 1 - FC Cincinnati. RECAP | New England Revolution 0, FC Cincinnati 1  FC Cincinnati",https://news.google.com/rss/articles/CBMihwFBVV95cUxPNmg5NklOMTI4UUlTT1gyNDRVYlRuc3pWVWhCOWJDZG1EM2cyNWlHNllaMW02cVhhTkZ2ci1qZUZfT2lNVzR4eVpWQmxKZDZYay1ZcVNodS1rVW5qZHltR3lMSllSeGs0cm81UXdjRmxYbGRoRVdQZEpCRG5yWEZhRXlBSWlTSmc?oc=5,
rss_google_news,"Wed, 27 Ma","Over 60,000 tickets sold for Revolution match vs. Inter Miami CF at Gillette Stadium - revolutionsoccer.net. Over 60,000 tickets sold for Revolution match vs. Inter Miami CF at Gillette Stadium  revolutionsoccer.net",https://news.google.com/rss/articles/CBMitgFBVV95cUxQQVdNbkxvSkFyVG9FbjJ0UVBPMC1fd0ZhT19GTDc4MUx0cE9rSFY2TDNYcWg0LURfa2NWa3lkYmlxVGpuMEs2TFJKZFpfY1BLcjAzRTBPZ0J1OWxJUzVDeVRDenhTbEE2VVJHRkNTYXBjbFRreGYtNHZpNGJiSVNtLUpvdE05NUk1QUNkM2JINGp3bDlXWG01bkdtdldHUTRLTHRseWRIRG1aN0NvZzdBdldVZkRIdw?oc=5,
rss_google_news,"Thu, 15 Ma",Tickets - revolutionsoccer.net. Tickets  revolutionsoccer.net,https://news.google.com/rss/articles/CBMiY0FVX3lxTE0xVlFabXR1UkNGalFkRTNkckVEUmJRaHVpZUprNmRqSXpfTmg3NzQyRHM3MzhQczEtMW9jay1pVzE2UWpCTU5JTWNpR2VJWlNSNnZ6SmxsMlBVX1c0ZW1BbEluSQ?oc=5,
rss_google_news,"Sat, 30 Se","MATCHDAY GUIDE | Revs vs. Charlotte FC (September 30, 2023) - revolutionsoccer.net. MATCHDAY GUIDE | Revs vs. Charlotte FC (September 30, 2023)  revolutionsoccer.net",https://news.google.com/rss/articles/CBMilgFBVV95cUxOTlNTa2p5bmhXd0NJWFVvZzR5Wm5sOFZLSl9PbDg4M3RjN0JhTzUzbTdwcmUwYXBPNEwxdEVxQ0I1M0RKemZNSGpkOTl0ZjkyV0NfRUpreVlBYzI1OEljMHFqSHVvVS1QSU1jZGp1YkVnZFpBWmY0VkhNb2pfNzBCS2Y1VFBJeG13NlVmNHp3b3ZjdDFyQ0E?oc=5,
rss_google_news,"Sat, 15 Ju","Recap | Revs win fifth straight in Foxborough, improve to 9-0-3 at home with 4-0 romp over D.C. - revolutionsoccer.net. Recap | Revs win fifth straight in Foxborough, improve to 9-0-3 at home with 4-0 romp over D.C.  revolutionsoccer.net",https://news.google.com/rss/articles/CBMisAFBVV95cUxQcEhHeXk4aUNhUDVSdkZlNWgwVVF2R3JFMXgxQVB6UWlSVi1Ea2lwX0phQzl2dHdEekV6YnduZkFNSlNJRkgyWnFXLWdfZHp1dlhQMmNNZWdMejEwazZhVFR1WURSUVlIVGhxS0FpNlpQT2NDUXdXRFhnS2xCRTJqaUQtVzBEOFhSSWJvajJGdzdvQlctdm5DejYtVTJFYThXb051X3VISkNLczNtaVFrSA?oc=5,
rss_google_news,"Sun, 15 Ma",Recap | Revolution triumph 6-1 over FC Cincinnati in 2026 home opener - revolutionsoccer.net. Recap | Revolution triumph 6-1 over FC Cincinnati in 2026 home opener  revolutionsoccer.net,https://news.google.com/rss/articles/CBMiqAFBVV95cUxNNDV4NDdSNVhzM3dQdkstYm1xaEg5UFNkSGJQSWFqaWtqczZrdW9tdEJES0tpaEVaTnBHUEh0MVlfckswTDFGRU5KVlR6MHUyYzhMWUx1NGVxX3pUQW1BX0x2VTVnWGJBV0o0S3p1LTl3U2txbWNHY2ZMNmVuNzdQVlNQTXJqTWlaV2pXRlJ6Zk9nV0J4QWoxYzk1NXgtb3AxVFYxQnJYMS0?oc=5,
rss_google_news,"Sat, 21 Oc","Recap | Bou bags both as Revs close regular season with 2-1 win over Union in front of 41,355 in Foxborough - revolutionsoccer.net. Recap | Bou bags both as Revs close regular season with 2-1 win over Union in front of 41,355 in Foxborough  revolutionsoccer.net",https://news.google.com/rss/articles/CBMiqwFBVV95cUxPTjFHMHhud3RQTWFGbWVGU0twSk5HMXBjS3RfUHcxR2kwcFR0UXlGbzUzSE12YlNQdjNoNHR1NVVoUVdOZ2tfN0NiVUxHZHJpZE1MQ3NSWUxZckRRTWVKcDI2c18xdzJscFR5OGw5eXZ5NWxZeTlJeXpBWVczUEQzVkE5Y05wMzl2aEFINFE5bDJNQnp2cUNCSkVMRF9xMmtPdjJqcEFmRVFKMWM?oc=5,
rss_google_news,"Sun, 17 Ma",Recap | Revolution battle to 2-1 win over Minnesota United FC - revolutionsoccer.net. Recap | Revolution battle to 2-1 win over Minnesota United FC  revolutionsoccer.net,https://news.google.com/rss/articles/CBMingFBVV95cUxNQXFwaTlaVF9LVTJ2VVNpcEt2dGFhUzVwQno5aEhpYmNMR1pjT0VzaU1aSEhHVXp6S0lHY0N5eXhLcHZ0dlhvMVFzQkkwWUVJS1BwM2ozVWZwMUhjWlZGUHA5R1Z6X2hLeUlTcF90bWphS3U5WGZRVmdhbkxGeE0xZC11NFZIalN6RjU3Ni1NVjBNc0tzbjQxdTkyNk9aQQ?oc=5,
rss_google_news,"Sat, 27 Se","Recap | Revs treat crowd of 25,790 at Gillette Stadium to 2-0 win over Atlanta United - revolutionsoccer.net. Recap | Revs treat crowd of 25,790 at Gillette Stadium to 2-0 win over Atlanta United  revolutionsoccer.net",https://news.google.com/rss/articles/CBMimgFBVV95cUxNaWktbWJ6REMxZlFFR25sZmZ5WGwwdlYxVTdsUmdYcDZkbGl0X1c2bThrTEp5c1huck5rQ3diN2NCNmRTTkd0R0pSY3hweFVGeEdjTHRWMnVKQ0pWSHdhcjVYdXRRbFgtSHdsX1hYc2k4NElydnFlQ1BScjkwclBKMTZVLVNBNFVyQkZPcERnRTVnZnVtWEhsSVdB?oc=5,
rss_google_news,"Sat, 27 Ap","Recap | Record crowd of 65,612 fills Gillette Stadium, but Revs suffer 4-1 loss to Inter Miami CF - revolutionsoccer.net. Recap | Record crowd of 65,612 fills Gillette Stadium, but Revs suffer 4-1 loss to Inter Miami CF  revolutionsoccer.net",https://news.google.com/rss/articles/CBMizAFBVV95cUxPYVd6clJXbktVWmJIaENWZF9IdzNlNXlUaWI5Y01LZFJqNzc4el9HbEoyOFJnYjJyMG9oSHlRekJFNHp4SDhFZl9ZYjhkV2tiTzBEcG9JY09FdlFReTZac3lJbVphMXZJSjJ5MDZlaVFNeWNZdElkdHVqNEFXazUxSEpjQzFac2txanpKTTJOa2xjeFZMYkg1NGlXMGhXRVNRYjdrd3VVdFJaeDQ4UmRGaG5ldmlPaXNSdTBlRTAwVnB5a0FrSzR6NUwxblY?oc=5,
rss_google_news,"Sat, 07 Se",Recap | Revs battle St. Louis CITY SC to 2-2 draw in first-ever meeting at Gillette Stadium - revolutionsoccer.net. Recap | Revs battle St. Louis CITY SC to 2-2 draw in first-ever meeting at Gillette Stadium  revolutionsoccer.net,https://news.google.com/rss/articles/CBMixAFBVV95cUxOWENuZ3I4TVh3VVBiQXZrTUlFazBKdEhkX1R6TTRWdlhQR1dvOW1uRGgxOW82NGZmQWRKUXE2UDlseEhTNmNnV2tIWXNhQkpWYkVfbEZ6ZC1vNkJTUllDZUEwb2w1aTVFSGh3SjFnS1lYcWxRXzZIMEUzTVpxQXhXclFmYUZKRDJpLVR4Y2JLa01LUWZFa2JjVUQ1N3pxV2xfamJXTks1U2Z2WU1pY1VtNUtkRGZWaU5pMTJWanBYMF9ZNzZx?oc=5,
rss_google_news,"Tue, 08 Ju",Preview | Spotlight shines on Foxborough as Revs host Inter Miami CF on Wednesday night - revolutionsoccer.net. Preview | Spotlight shines on Foxborough as Revs host Inter Miami CF on Wednesday night  revolutionsoccer.net,https://news.google.com/rss/articles/CBMilwFBVV95cUxNTnNXTFVMd05YTmsxZVZfLV9pcG05dUhlUUR3cmI5NjJfVFdmTVBtQVQ3Z28ySllxOUM5UjY1MC1mTk1sekZIM1RkRWt4SExTeG1XMEROeWRURlNKZWNPZHBPQWd4a2E1QmVlRlEyUEgyU0d1UEl2MlphZTBsNUFfdTZ2RHFWMlg3U0x1Z0YtWHpJdUo2TnRR?oc=5,
rss_google_news,"Thu, 10 Ju","MATCHDAY GUIDE | Revs vs. Inter Miami CF (July 9, 2025) - revolutionsoccer.net. MATCHDAY GUIDE | Revs vs. Inter Miami CF (July 9, 2025)  revolutionsoccer.net",https://news.google.com/rss/articles/CBMikAFBVV95cUxNOEEwNVlPVVZnUkxXTDZiUy1QWVVKSmd2N1ZnM0VIT0dFem1oMHcwVlRodDM5Zkt5RmNENFE0ZmFBZXExUWg5Z3V4eG1yQ2IxNmhEMHlQTk9MaVlKZjRXOTdVRUZSRm05eENzZEFEWTgxemIzalF4REFCMWxwQzZtX3RHT1RGQWRPeDlMdDdwSjQ?oc=5,
rss_google_news,"Wed, 26 Ju",Recap | Revs secure place in Leagues Cup Round of 32 with 5-1 win over Liga MX side Atlético de San Luis - revolutionsoccer.net. Recap | Revs secure place in Leagues Cup Round of 32 with 5-1 win over Liga MX side Atlético de San Luis  revolutionsoccer.net,https://news.google.com/rss/articles/CBMitgFBVV95cUxPaVRKU19sQnBCZUVSckxtNDBfQmNQVnFoV0lEVmVYOVk1bWkydnpic1NnUUhUWHdsXzVSY3Rxalc0eXhYbXd3VWZiOHJhUTBhODQxOHdfY2VCUGpJcUN6SENKQ0ZWSDlzUDRVZXNTcGVxT1J4S2hNZjFaaWZMaGdWX1RaRHY0OVpZSmJDMHQ2eW5fNjNfX1ZxWlpSNmpld0c3V2Etc0JZUnVfQTBmTXpabU42SGwzQQ?oc=5,
rss_google_news,"Sat, 27 Ap","MATCHDAY GUIDE | Revs vs. Inter Miami CF (April 27, 2024) - revolutionsoccer.net. MATCHDAY GUIDE | Revs vs. Inter Miami CF (April 27, 2024)  revolutionsoccer.net",https://news.google.com/rss/articles/CBMikwFBVV95cUxNNUhFTVRJU1dBVkVoeDJzcWlEY1RYQlRsbjN6Ny02Ym5BNl9BX2JGTmhWOXJxLXlBbnI0RDNJLTFrb3ZzQW1tRUprMm1rWFFsTnBnRURnUFZLUHQwU2Q2RHBLSVQ3YzNPSVZHVTFHYVBWc3Uzc1BERWdyTFNKdW52WS1NVkxkOHpkZmdXa3BCbUhLRTg?oc=5,
rss_google_news,"Sat, 28 Ju",Recap | Revs score three late goals to claim historic 3-3 draw with Rapids - revolutionsoccer.net. Recap | Revs score three late goals to claim historic 3-3 draw with Rapids  revolutionsoccer.net,https://news.google.com/rss/articles/CBMiqwFBVV95cUxQcjF3RkhDYlotVVJKdElMNVNDNU9Cc0JmYWJTcTY3QUtxSWUxdVljaGduNnlvU3NVM3MxZVpyRVB0Z2F2ZlhtSGY2OVJUT2RSdHhrRDBtbFhfb1doS196c19HUUxfck9Dd185T1JFQm85bjlmSzFxWHAyZ0ZJYzVzM2psM0ZhQ1U3MkNHcmdQTXB2M3E2R0gyblJUOW5iN28tZ0ROa0pXdi04eG8?oc=5,
rss_google_news,"Tue, 20 De","Major League Soccer announces 2023 regular season schedule, including Revs' full 34-game slate - revolutionsoccer.net. Major League Soccer announces 2023 regular season schedule, including Revs' full 34-game slate  revolutionsoccer.net",https://news.google.com/rss/articles/CBMinAFBVV95cUxQSVBfZk04NUN4bWRtQWhBeVZIbUdFRExtQ3V5MDdqQkt1WFZGRGpVZHh0Q2Q3SzNEZGJSMTZxRmRkUElEUENJTjdfUnZ5cHZuZERhb0puTTZ0dUxkUjE0WHFXUkUxY3BqVlQyMkl6dWFGclBYMmlpUGhqSUpLUG05Q1Z1bG50Q1kzelI3ZTZ1YjRWbzgyTGR3RTI4RnU?oc=5,
rss_google_news,"Sat, 27 Ap",New England Revolution set attendance record as Lionel Messi visits Gillette Stadium - MLSsoccer.com. New England Revolution set attendance record as Lionel Messi visits Gillette Stadium  MLSsoccer.com,https://news.google.com/rss/articles/CBMitgFBVV95cUxPSTEta0c3c2Y2VG9xUjJyNU12dTB6RjZyV1FzbHpFeHYzY0xqN29LcjNWSm5nT2dLQlRoelFIdS0wZXZHZS1tSHJKZXNNelhQNVcwbk1zWWNadldnRGJaSDRrUERkZTRUU3poTU5hX1RXTVI0Rk5fZjY3NkhZUEo3cEFHcW5objFXRmJpWmlGcWlSc1dKcUJyX2hSazdZSnBROGJWUXVudUdGbC1KLVk3Qy1IaE5VZw?oc=5,
rss_google_news,"Sat, 30 Se","Recap | Revs stay unbeaten at home (11-0-4), climb to third in East with 2-1 win over Charlotte FC - revolutionsoccer.net. Recap | Revs stay unbeaten at home (11-0-4), climb to third in East with 2-1 win over Charlotte FC  revolutionsoccer.net",https://news.google.com/rss/articles/CBMitwFBVV95cUxQeThWaldpbDNzbG5Zb09RbkhYRnlWdUREX2tjdGVKSU4zMGFGTEh3T09tSzd6ME1DMUhKVWFma1FtYlYxOE9YWlZEeENPZ2tyQkRhVDNuRDdvSjJNM00tQ2IzSUJ1RGpwZkV2Q1dTV3R6MTc5elBubUFKR0pkaWlsd2JTVnpDcHp3U2E4d19ReUdUQW9SbVNfSzdEMVVsLXZ2NG91YkNjWGxsWVZLRmRmRVRsZC0yaFk?oc=5,
rss_google_news,"Sat, 08 Ju","Recap | Revolution Capture Second Consecutive Victory, Defeating New York Red Bulls, 1-0 - revolutionsoccer.net. Recap | Revolution Capture Second Consecutive Victory, Defeating New York Red Bulls, 1-0  revolutionsoccer.net",https://news.google.com/rss/articles/CBMivwFBVV95cUxPSnYySERIazZBV1RZUGkzOHhXdGQ5NGUtdUlNZ3VCWFVyUnRmRmkzeUt0U0hyQ0x4RUtmSUxBVFlFbEhyamxFWFpsSkowc2N0ZHZHQjJ2WWhCTThuRE4teGx4NndNNk5lUHN4MXZTOU1FUEtjRWs1NDFmQlk1TnNQMkZhSjlBYWdOS2dpaVhpQ1ROTy1TOTFpSGwzaFJmZzVIV0M0VENFZzZXamM3MGU1WjNkaUFSSFg0SlBBcU9YNA?oc=5,
rss_google_news,"Sat, 10 Ju","MATCHDAY GUIDE | Revs vs. Inter Miami CF (June 10, 2023) - revolutionsoccer.net. MATCHDAY GUIDE | Revs vs. Inter Miami CF (June 10, 2023)  revolutionsoccer.net",https://news.google.com/rss/articles/CBMikgFBVV95cUxOZFdfcjRjazhTS0gzbThiT3huNm90QWw2MFFQNXhSaGpNZHR5UC1TTWxDWENrb2RYSUZ5QU4yQm1FeTBYelYxdmtmWlpLekQ4RmxlLUNZVlFYSlNPci1USmZpM2M5cUNFM0FWYkFLb3BiT3A1QlpxV1hLSkhrSkFuSGxObEU1QWlEem1JSEVvUmM4QQ?oc=5,
rss_google_news,"Sat, 09 Ma",Match Preview: Atlanta United hosts New England Revolution in home opener - Atlanta United FC. Match Preview: Atlanta United hosts New England Revolution in home opener  Atlanta United FC,https://news.google.com/rss/articles/CBMiqgFBVV95cUxQSk1KNWFuZWYwdXd5N0pVQ2JUUklWc2lzRjB3RjN4cUlYS19qSC1MMUhzc0ZfdXNPRHlDSmEzdk5yVjVrWHBxdldySmJOSFkwcXBRdFRHLTN0QmR5cnRNUUdWS3pWMHdwU01QdUowb1UzY25xQVoxbFpOR2UweHpkVzNvd0IxY1VxQ0JpZEV6Qnotd1RMNHdMWjk3WEZBR2x1Y2d6UDJrVDlJQQ?oc=5,
rss_google_news,"Sat, 01 Ju","RECAP | FC Cincinnati, New England Revolution draw 2-2 at sold-out TQL Stadium - FC Cincinnati. RECAP | FC Cincinnati, New England Revolution draw 2-2 at sold-out TQL Stadium  FC Cincinnati",https://news.google.com/rss/articles/CBMirgFBVV95cUxPQy1URWN6Z3luYVN4Y0RtZmJscU9HMUxhd1AtakxFQUV2akU5YWhnNGp6VzJoXzU1RWloeUVvZEV6SEQ5UjFjVVRjNGFtdl9qb3dfcDh0OXZLTU5QekFrdzZSM1poTldmLW10MHFiTzRvSHA4R3RiLU1NbU5kc1R5TTFwR2pfU2FXdWZma3lLbEJYNkdoXzNtZHpTSS1UWVRPREhSY2h6d3hQZ25Ea2c?oc=5,
rss_google_news,"Sat, 10 Ju",Recap | Revs begin three-game homestand with 3-1 win over Inter Miami CF - revolutionsoccer.net. Recap | Revs begin three-game homestand with 3-1 win over Inter Miami CF  revolutionsoccer.net,https://news.google.com/rss/articles/CBMirAFBVV95cUxOc3ExUnZQMFB4clFZZUhoX3hIWTdkMzZiMmdLd2ZaMEQ1SFZSVDFPTFFKd2FscHRUN2hmUnNoNHVsRWx5TEQ4WEtoTEtRQVU1OGtLVTV6OW9fUlhRZ0ZIOGpzc0E2TkFFVzVDZ3BSczhKblh0UnU3TXVVUEp2YjM1QkNiTjZWYUo3eVVhekJlaEppSUFNdFItMFp5T1BXWWM2VUdCSnZQYW9HeVNS?oc=5,
rss_google_news,"Wed, 27 Ma","New England Revolution have sold more than 60,000 tickets for Messi's visit - FOX Sports. New England Revolution have sold more than 60,000 tickets for Messi's visit  FOX Sports",https://news.google.com/rss/articles/CBMirwFBVV95cUxQaUl0QzF4V1NZTEx5OFo0R0h4NjRxLTJ4cGVrNHJzaXNVcGg0Sms5TDNYNHF3QVpXY2NDTnJ0N1VyQm5pMm5lTVhKaE9wTmR1dlVaTElQMld5RUdGNlotUzdtNVRjaUhCR3FjYm50Rk5mYXBjUFZ3aFlTR3IzblhqNFVXOXlUaXh3MDFDX2ZWSFVmOWxOVzhvZEhDZkVmaGktWmprS0ljS25lY1I5YUJz0gGvAUFVX3lxTE5TRUJXRndIT2h0NDhjYnVXOGFTZUNyMUkyR1BRU0JfMl9ncFloRHZFckI1cG95MjN1aXBoY3ZMQzd3bEF1aEQxQlUzWkx1bjdnc3VaaEhEdEE3UGtuOGFabEVVX1pqTGxLbDdTVHowS2dBUlY2ZW0tNXl6U0RIZEV6c0ZqWFZsRWhRUFBaTUZfY3NwZnJDcFdLQXh2T0I2WHM3TTJsV25rcWtnNHlPcUE?oc=5,
rss_google_news,"Sun, 28 Ap",Messi’s Road Show Shatters Another Attendance Record - Sportico.com. Messi’s Road Show Shatters Another Attendance Record  Sportico.com,https://news.google.com/rss/articles/CBMitwFBVV95cUxQOWNyejNwR29DRmZOdDhWSW84YUZ6dUZyMDJxeFRBcUNENGxOLXowVkRzZTRUUkdQeU5Na1ZDSHhxdjlnUGc3Q1FLc2ZXZWdkczJBTjVBNktvN0tLeVhYcjl0bXB1VjFaLVpIMU5SWnpyd29OSDNIZXRnajBLVU04V3Qxay1EMlBscFFEUzNzTVhwUnNXREJXYV9LV1ltc2stWm8wTmZLRGJpNFA2aFRTRjJhUWJBOWs?oc=5,
rss_google_news,"Mon, 24 Ju",Major League Soccer on track for another season of record-breaking attendance - MLSsoccer.com. Major League Soccer on track for another season of record-breaking attendance  MLSsoccer.com,https://news.google.com/rss/articles/CBMirAFBVV95cUxOSVlybUNPcktkOEF0Y2ZGaHRleGNBdzZNNE1fM2phMEwtRVFMcjMxdk5VZ1NUb0NiMldJam1oYUh3em9VQk1iNnZGUV9lelpKX0hmM3BQd0tTWFN1WnhZZ0ZoYU9zYnlEMW90al9MeVQ3RnhvZFVueTVFcU41YlI1Y3lyUWxkUWZrWnB0bmVJOHV0RGVxb3JYV1lWQVZaNy1PY3ZQVnZrZWpfd1Ay?oc=5,
rss_google_news,"Sun, 20 Ap",New York City FC weaknesses exposed by New England Revolution - Hudson River Blue. New York City FC weaknesses exposed by New England Revolution  Hudson River Blue,https://news.google.com/rss/articles/CBMisAFBVV95cUxPbnJ3Z1ZPRnhqWXN0T0NJMG1jbjBleTlYMlc4emRXVmZsWk5DdmZrbFpiSzRHQUlPM0o1VlltemctVjhqNUtPN3ROTW5sSGVsbGhSRnJqeEkzVnpqREN5NzRReEYzUFhSX0lYa05KY3E0V1gtN2R0Y0dKYWd0dWFWcmNreFVmRlE2a2FvMEdWQnNZQ1ZMUFdkTmt0aEhSbkIxbWxta3hTSHA0ZmRQT2ZhNw?oc=5,
rss_google_news,"Sun, 10 Se",RECAP: New England Revolution Draw 1-1 at Minnesota United FC - revolutionsoccer.net. RECAP: New England Revolution Draw 1-1 at Minnesota United FC  revolutionsoccer.net,https://news.google.com/rss/articles/CBMinwFBVV95cUxPeld4R3gxQzJZVmE2ckVlUGhzYzNEYXhfZk9NV3RSaFI1MjdMYm9wOVFKT0VfNnpXMmpjaVpEaF9ZUjdtLUJLT2xHYWtJZ1c2VlI2WjJmOS1zZGhMX1YtZVhYM3FRRC1IcTg2d3V0dExLaFREMlA0ZXI2QzhQWXYyQzhBRGs5RUtBRVZFZTBOaW5EOWNSRTVjY2pqb1g0Ums?oc=5,
rss_google_news,"Fri, 26 Ap","As legend Lionel Messi plays New England Revolution, an opportunity to grow game locally - WGBH. As legend Lionel Messi plays New England Revolution, an opportunity to grow game locally  WGBH",https://news.google.com/rss/articles/CBMiygFBVV95cUxQUzVYMXNLeW84S3VBM1llNlVvU0lfVHdkNks0ZDJ0V1pYQXZsU3JWLVB0WDdfSjZ0bVJRWV9sZmlsQjRHTUlKTm13NmVGQ0tzVVFSV0g4Ml90RUE5VkpYVlhxLVlkdUVvckRBbk9fRkY3Q3ZCVUZRXzhkZjBlcVNITHEzU2RYWjJRZVlOa1dENVFRUFdwY0I1Q1pUV3JDaGg1eTloTnIxdnpMZjdBblRNSG5acEZWMXRncW1OZ1BBZkppNHc3NzhJM3Bn?oc=5,
rss_google_news,"Mon, 24 Ju",MLS attendance up 12 percent from 2023 — and it’s not all down to Messi - The Athletic - The New York Times. MLS attendance up 12 percent from 2023 — and it’s not all down to Messi - The Athletic  The New York Times,https://news.google.com/rss/articles/CBMifEFVX3lxTE9GQkV0eTZPQzQ5TXgwdDhrVnFVaW95RTkya0JDbUlncC1WUWd6Q05ac0dtYVN2MXIzVkVjSjFFUVZBMS1XMXNDSnlGWXF3WmowVk4xR1FVeE16bVQ2eFRkM2doNnpVeUJNUC1hU1o2bGJFS0F1ZFplQWlOOHU?oc=5,
rss_google_news,"Wed, 20 De",Major League Soccer and D.C. United Announce 2024 Schedule - D.C. United. Major League Soccer and D.C. United Announce 2024 Schedule  D.C. United,https://news.google.com/rss/articles/CBMikAFBVV95cUxNMXQzMXhxVkdjT0xrODRBbEk2YXZQcHJDNFh1anNFWll5NktFTGJaQ05aVlVtOEJQUVFhNlNlVFNkeUdSdlpqMjJHb2M0aDRmcC1CVUhSQVpqcWlkY0VKTEpaSG02dkI1bnlDbzNxbHBacjltM3dTcnphX2V6cDk3aDFodGJrZ1k5TldNQUptMXE?oc=5,
rss_google_news,"Tue, 20 De",Austin FC Announces 2023 MLS Regular Season Schedule - Austin FC. Austin FC Announces 2023 MLS Regular Season Schedule  Austin FC,https://news.google.com/rss/articles/CBMiigFBVV95cUxQY3I3NVVncVVIdkozSm5rbFlhcDVqMU11ZDJra0pocE5JZmNPMlpFWHd3TzVfWThnYTUybE5HU1BUMEZTY01vZ1lTdTV5N0lTRDFLVThaSjVCWGl2TWRfRjlEQnlQa1VCN3I1SnJLYVpBek1TU1RqNnFwYVoycXB5MnEwM0RDeDFfWlE?oc=5,
rss_google_news,"Mon, 07 Oc",MLS breaks regular season attendance record with 16 games to go - SportsPro. MLS breaks regular season attendance record with 16 games to go  SportsPro,https://news.google.com/rss/articles/CBMilgFBVV95cUxOZ1lSY2JncWlQbGFiNWNXVzV0VzBfSjFmNEhUZTNrMVFxU291WHBqX2VqNlN4MF9GWVhqd3RUR0ZBSkJQS3c2WER5OUlnODduMTVMRFlhR0hUT0pjTGxNT1JraHNVMng3bFFaMnZsVThsTFZVTmpEUW9xSC1ISG9wdVZ1UXJiUUI5bmYyeWdvS25oREl5LXc?oc=5,
rss_google_news,"Wed, 23 Ma",Revolution II set to welcome fans for first time in 2022 | “A wonderful opportunity” - revolutionsoccer.net. Revolution II set to welcome fans for first time in 2022 | “A wonderful opportunity”  revolutionsoccer.net,https://news.google.com/rss/articles/CBMiugFBVV95cUxOWktwTDlfMnRkd1VOQWpRU0pKa2t1R2JTT3ZPSjUtQkdhRU8wM0xWLV8zU1VfUlRGVjJhZWFGNmNNZHpZOTdNNTJOaEc5VmJ6aC1GREdicV9TWFQxa3J1ZkkzVnpqZEZOVDU3WVFZNGZVWDNneG1CNU1YbTBWZHhfZXQycWU3S0VxcThNTVg4ZlRfMHZwMVZObDJETHdOZzVBeGtCMUJ2dzJ2S2x2cFNNeks5bmI1cGhEa3c?oc=5,
rss_google_news,"Tue, 20 De",Chicago Fire FC Announces 2023 MLS Regular Season Schedule - chicagofirefc.com. Chicago Fire FC Announces 2023 MLS Regular Season Schedule  chicagofirefc.com,https://news.google.com/rss/articles/CBMimAFBVV95cUxPeXBFMlM0ckpid0F4ZGNTSkIwY3dmcmJFanlHQ3UyZEdDTlIwNkJuQXdmN0lUQ0R6bzZPdEM0YnpkOXh6VXE4eGktcmNjRUludExJRl81Rk9NVlRtdGROZjd6ZVN0LXR6ZlhLaWptVmNraEF4OTJaZnhVTEw3TC1zcWRVRkxIODZ1ZjI5OVFPWWNlLU5WeldQVQ?oc=5,
rss_google_news,"Sun, 28 Ap",Lionel Messi and Inter Miami sell-out Gillette Stadium amid sky-high ticket prices as Argentine takes on New England Revolution at home of NFL's New England Patriots - Goal.com. Lionel Messi and Inter Miami sell-out Gillette Stadium amid sky-high ticket prices as Argentine takes on New England Revolution at home of NFL's New England Patriots  Goal.com,https://news.google.com/rss/articles/CBMiywFBVV95cUxNRXh0ZjhBeTZIRDlIYkpwcXljZ3Npb19SeS1pYVYwNWk2MUlEeXpkUGw1cVlMM1dKdGJ0V1pmMFJTWExZLUNsQ01MaFBZb0tXMEpTNXpjanVsQjVLWXNuY3hoSGhORlpYdmZyYzg0Wmo4bkFOcUd1elpHX0d3NmZja0tRQlNuSjFWbW0wS1Z2NG9RajBBX3ExTnk0LVdOVkJLMFp0OFVrMXlLMUZBelF1TjRqSTJLZ3RpcWl5UTl6MV83c21xSF9Ob3NWUQ?oc=5,
rss_google_news,"Mon, 24 Ju",Lionel Messi boosts MLS attendance 7% at mid-season mark - ESPN. Lionel Messi boosts MLS attendance 7% at mid-season mark  ESPN,https://news.google.com/rss/articles/CBMipAFBVV95cUxQUlNQVTVfandhZFoySTBURDJZUWxGM05oRlY1alMyNGo5Xy0zN2wzMmxGQlgwNVJlZTdfclhZWTVuVXVpQkJBNmVzcVo5VnlzQTRjNVF0cnEzVXA5WTY5MXZjVXdyVzZhNnYwbkJYV2EyQ1doNjVWS19Ccy1EVW9WMkkzeF9nVHdERlpqc3prTUJ6eW5hcVlLMmw0QVB1dUJsckpkVg?oc=5,
rss_google_news,"Mon, 22 Ap",Will Messi come to Gillette Stadium?: What to know about the game between Inter Miami and the Revolution - NBC Boston. Will Messi come to Gillette Stadium?: What to know about the game between Inter Miami and the Revolution  NBC Boston,https://news.google.com/rss/articles/CBMi-AFBVV95cUxPS1FqUnpKSzljZmdHblNBLWNTR3hTbG5iX1VuUDlhLXg1UTFrMEJlakxlVU01R1V6U19TZ0NOX1d0VTQ2aWRna3FreGZDT05TNlRtMHVtVDZNSE0tbTAwQ1FwNG5pa1MtSldoeUU3U0VSRnBDYTJfQWZybjlNQkpzUFJYZ2ZZX3NjZVpxNXNnb0dEcVRqSV92eWpxZjVfUHl3REhITkJpUHFfVXJCYkhmV0hvZXo0Q3Y2alpNeFlzUkpNeTByaDhESEtvQUdhWE8xQlNSVW1zY0pGTG5uXzB5RVlGTjR6WTVLYi1feGNadm5WcFo4R29VNtIBgAJBVV95cUxPTHQ4SVYwaWotWkdvbnVYUVJCNWctTl9yWnRZTG8yUkp3NGdJVmYyRHA0dW1feUFHbTRkdkNLeTAtLTNUVklLNWU2bVhPTkM3S1JoN1hsQlhfVzU5OVgyLVRPWUk4anlYdmkxbEY3a0tsMG15ejZYMVZEc0U1Z2lxbkdpM1BNR0YydFJZX2h1bWZ6MFhCblF2dWNXcEtTc2phQTBSME15a2JDckl2bGRSY3NEQTVMdUc5ZUFEbjlXLUQtejNYVDM0VjE2VjAxWGNjX29FS0VrX0xMYUlrTUhYWFlabGlBODJpV0h1NjItNERsRmlPb1M2Ui1yd1lqSXlw?oc=5,
rss_google_news,"Tue, 02 Ma","MLS attendance 2023: Ranking the average number of fans for every club's stadium, including the most supported American team - Goal.com. MLS attendance 2023: Ranking the average number of fans for every club's stadium, including the most supported American team  Goal.com",https://news.google.com/rss/articles/CBMihgJBVV95cUxOdXN5RDZ4SE1DaG1OR3RNR3ZYZ1IzcFQ1YjF2MFJqZ2hjSTF1aGVhc0NiNHFwNzdFRDVQemJwTEtIXzN0Y201T1VKbWdvalprN2xBMHJMS0lnNTZ3OXYyZVdxNFpfU2ZNUkkwYWxxblBPQ0VTWGFnX1QweEZmU0Z0Ynk5UUc0MVlQYzdsZEt6bE1NTUROTi1HRS1rXzFDLWlVR192SGowUGxPdHdTR0ZwODh4RTFySU1wV2dCSDRCclM4RXB4THZJajRwZGx6S21xYTIzU3BFZ2dxc1h5UWJfTUxDQl9fNWZRZnFqeFUyRUxRZ3hzdXVmUXBIdGxjaG9VVktkX0J3?oc=5,
rss_google_news,"Sun, 13 Ap","Lionel Messi changing how world sees MLS, Mascherano says - ESPN. Lionel Messi changing how world sees MLS, Mascherano says  ESPN",https://news.google.com/rss/articles/CBMihgFBVV95cUxQLURuQlJtZnl5M3Q0LTZncGl6V1hjZGw0QVBjVllUa3BfTmtVWjA4Ty1HQ0xRdmI0ZExsSTBEcS0zQ2lrSUZLUHphQUVKNHpZOGJxdlJpU2pVQ2lITjBBb0lpaDllV0hoeTlVMmh1cDZXYW1mblVNRi15S1daalRrbElwVm9kUQ?oc=5,
rss_google_news,"Tue, 08 Oc",MLS Sets Regular Season Attendance Record - Sports Illustrated. MLS Sets Regular Season Attendance Record  Sports Illustrated,https://news.google.com/rss/articles/CBMidkFVX3lxTFAtTEtidzNBa25aLXVQT3hYWXBRNzZJQndKUTZwa0xWZmpwRWlXVk5BTUh6M1hIWlpUWk53MUxycHBScEw0ZzlCX2xxQWpnUDFweTYxNFM3WTNwQV94NlgyUVNQcGxsOXNvcFl3Z1RpNkN2a09zcmc?oc=5,
rss_google_news,"Tue, 14 No","New England Revolution fans could get a new MLS stadium near Boston in Everett, Massachusetts - The Architect’s Newspaper. New England Revolution fans could get a new MLS stadium near Boston in Everett, Massachusetts  The Architect’s Newspaper",https://news.google.com/rss/articles/CBMipgFBVV95cUxPckgwMktzNEJTSHl5LUs0U291Vk1oUzltcjhaYmRxWjlGNUpvcC1BYW5SY0lLdnhkWXZIZ19sWHl1MFFTYjk1MW5qRTlhVTJCa0V3WXhRYWxOdVc0SnN0N3d5Tnc0NGxRSVRuM0ZGa25tYTBXbVdBMm5kcndRRkFPaXNKQU5aNWl6enZJRkM3MkNFZ1JMX1JNbURnY1F2bEN1c0lkYUtn?oc=5,
rss_google_news,"Mon, 15 Ap",New England Revolution Everett home renderings - Coliseum Global Sports Venue Alliance. New England Revolution Everett home renderings  Coliseum Global Sports Venue Alliance,https://news.google.com/rss/articles/CBMihgFBVV95cUxPZERlUXRHaF9oUGR5WkRZU0xidkxiQ0tkcVYydFBDZFA3TXZMZjZMclo1WHhjTWtlOURXWVY4RHoyc2dfUGt6Q3NwYWdrbzhkVjJiMDJPY0VLU25fNmFVdFFfMldwMGhBQjQwS3VaRWdlWU5PZVhYcnZyNk1FcGNtckdHckVHQdIBiwFBVV95cUxNeTN0Y3NjaGlYSTJKbTVFOXgzM1UwcmZuNU5EZHJ1cVl6MnNXRU5xa3QwWUpfRkxIcXRLWmgwTHljZ091RUl6bTA4bXRpRHNRdHZFNklKLU9mQWFBajFiRWNzTzdJRXp6blZmWDdGdFV3dERlS0tvNk1ZQU5aczhjNXplZzVaTU9GamFZ?oc=5,
rss_google_news,"Wed, 10 Ap","Messi or Not, MLS Teams Make Big Plans for Inter Miami - Sportico.com. Messi or Not, MLS Teams Make Big Plans for Inter Miami  Sportico.com",https://news.google.com/rss/articles/CBMinwFBVV95cUxOOUdEQm1CRVc4dk5Namw0M09oMGpJTlM0NlMtLUV4TUlUV3VwOEhQNjVRS0lhN1FaT3R6RVBtRmtkMGhKTkpvYk16dWtubE9sODBlc0EzNHJUczlKOS1acVRTTHBwX29Ud0pRTkxZODUzLXYwSnE2QUZmMEF6eHVyREpkT3pyZVVxUC03WXprVGdtclFjVmo1OGc0NjdfcjQ?oc=5,
rss_google_news,"Mon, 07 Oc",MLS sets all-time record for regular season attendance - MLSsoccer.com. MLS sets all-time record for regular season attendance  MLSsoccer.com,https://news.google.com/rss/articles/CBMijgFBVV95cUxOTDBzRWVacXI4bVhLb05XZUJUTVBtbnplVTFQT0JpeUUtUmxDdmtEUFJ3RlpzLXQ5dVNxVXUzZl9ndXdJRVVDRkd6bHMxZFBUdElseXFYMTREVloxemdVaXVIVUlwUnFXS2JMcjQ5cVlIOW5oWk13cjZFRU1IdkE1WjM0dGdabFRBTDNZZXZn?oc=5,
rss_google_news,"Mon, 21 Oc",Messi Factor Is Just One Variable in MLS Attendance Record - Sportico.com. Messi Factor Is Just One Variable in MLS Attendance Record  Sportico.com,https://news.google.com/rss/articles/CBMikwFBVV95cUxPT1hHT25HNDdEVEVQQmQyeDFCbk42c3czSFhhQWlDSHYzbmxBUjlTcVhYa0dsU2NGcHZpcDRnZFJQSEppcmxhNGNQeVloRFZSZUZHLTNyZmF1T2NTejM2c1M1ZWw5NXRLS3BidzAwR0I2U0lSbHRscXR1TFdYUXpCTG9OU01UQlluTHAxT3NrOS1ETDQ?oc=5,
rss_google_news,"Mon, 14 Ap",Lionel Messi vs Chicago Fire: Soccer game sets MLS attendance record at Soldier Field - Peoria Journal Star. Lionel Messi vs Chicago Fire: Soccer game sets MLS attendance record at Soldier Field  Peoria Journal Star,https://news.google.com/rss/articles/CBMi0wFBVV95cUxQaWFPUjM5WTFFMi1XeV9Ed296VXRuTUhORTBMOTJ4eHdFbXlEbGt1bVFqT0JOQTJVNml4eUllNjlmUGZzcktNdTR4VzZjbXh0eGxXMGZJRTZ3V29nRXdXZmctRUFHQlFBQjVMTnNCMzZhR2x5OHBtbUl6WlZyRm5ERmhUVGE5RHFrb2tSZWh5WS1iaXRKaTlONjhZNFhwMGptdll5V2ExTjk4LTU3UnB5Y1dJSEFmSS1UanE3WlYtVllaUm8zWUlQTEtVbmtFa00zMThj?oc=5,
rss_google_news,"Sat, 07 Ma",DC United draw historic crowd for Lionel Messi & Inter Miami visit - MLSsoccer.com. DC United draw historic crowd for Lionel Messi & Inter Miami visit  MLSsoccer.com,https://news.google.com/rss/articles/CBMimwFBVV95cUxOUGtsZjUtYnNTdU1SOHQ3enVPQmxQRGdjZ18yYjZmQjFkZVFEZXF6cFFERjdZMGdFWkFDZWRHUlQtTHZPZzhvaEpwdkZrOThxZXlJckc2QjhacW1rck41WHFfN0ZJU1BWRmtpZE9fZmlnMzdWMEk1Sk5MRVNnY0JrX0lYQzFQVFFsNUVtdTkzMzNUS09BS0ZJZVZPQQ?oc=5,
rss_google_news,"Fri, 07 Ju","Marvel, Messi, and More: Looking Ahead at the Rest of the Red Bulls’ 2023 MLS Regular Season - New York Red Bulls. Marvel, Messi, and More: Looking Ahead at the Rest of the Red Bulls’ 2023 MLS Regular Season  New York Red Bulls",https://news.google.com/rss/articles/CBMiuAFBVV95cUxPYkpmYWgyeHBpN2dhTWlBRUNBa3o0YVBkLVd3NTVlbGFTd19Pdlo5WHViQkR2ZFFGQTUtUEJKd0JOc0ZqcWhrNGlsZHVGeWRjclFiS0J6dkt3MUNPdXJSbENTYmpqZC04NFo4Wk1kMFg1NWlXaXVnTmtpUFBYNkxYZk9qQXVpcEEwVHRoRWRlcHZXS3ltX2RzU2FUM3ZWdk9uS21RTk44Q2psV2FvNGdXNUlZYWRlUGpn?oc=5,
rss_google_news,"Sat, 02 Au",MLS and NWSL reportedly see attendance dip amid crowded summer schedule featuring Club World Cup and Gold Cup - Yahoo Sports Australia. MLS and NWSL reportedly see attendance dip amid crowded summer schedule featuring Club World Cup and Gold Cup  Yahoo Sports Australia,https://news.google.com/rss/articles/CBMigwFBVV95cUxPZmVjdDQ4bTJhQ2EwSHBBQjRMLVRKZ2l4eFlnQ2MwNHFQSUctV2VuTlhPRXlYOHJSWEdXODNHSzNoVGtubHRmXzhYWkVpUkNVaWJVY3VMYlY5UVY5MjZLNVZXdFZJQ19ZUFBpUDh2aGszQl8tbmxyUkxQNkZFc3BpVVJvZw?oc=5,
rss_google_news,"Mon, 24 Ju",MLS per-match attendance up 7% with 25 teams up or flat - Sports Business Journal. MLS per-match attendance up 7% with 25 teams up or flat  Sports Business Journal,https://news.google.com/rss/articles/CBMikAFBVV95cUxPQzJoNnJucTBzcEZJcEZmTzZub3ZneUJBNHlLU3NMUGhxMUcxXzYyU3F6RExSSHNnNVM1MndRR1BBNnl5VUZ6UC11T1cxN081eXBSQkFIWXdFUzA4MG5sams4VC00NHhzVENYVnBWc1U2emtXc2ZhWUNoWDdvREVXc1pmcWFRVTNjOWVMakxWUVM?oc=5,
rss_google_news,"Tue, 21 Ma",Plan Your Visits to DRV PNK Stadium: Inter Miami CF Announces Theme Matches and Promotional Items for 2023 Season - Inter Miami CF. Plan Your Visits to DRV PNK Stadium: Inter Miami CF Announces Theme Matches and Promotional Items for 2023 Season  Inter Miami CF,https://news.google.com/rss/articles/CBMitAFBVV95cUxOMnBoTXJnVHh2eGRxVG54UzVfZjVxNXZoOXVxY25iYnk5dnNoOFJjZTdEcEdkM0pHejNpamJVanVYT0xxeEhqZENBaTVlSHVHWXl4S3duRkN0Q29BUXExbTRiTGFFYkU5MmxibHc1QUtheERNVXpYNjV3dmg1UFJ6SmI3VWtxZk1ER19nWGxpSVI2QVQ3SW01ajRvTVh1c1dCcnBVcmtfLW1Mc1l4dVFmazdRZ0k?oc=5,
rss_google_news,"Thu, 13 Fe","How Messi is rewriting the norms for teams across MLS, not just Inter Miami - ESPN. How Messi is rewriting the norms for teams across MLS, not just Inter Miami  ESPN",https://news.google.com/rss/articles/CBMijAFBVV95cUxOSFE4Zlc2VDZNNzh0TGdyOFFlM2dRXzVUOHlrNzVKVkJuXzZhRDFmTHk2c3ZXR2JMYW1pa1FoTzFVcnRHaFlRQVVzZzF4T2VvZVJFZnVXNGt0bXFSSVVsVHlzV3UyUEVVeWpuY2ZoOWliVFlYRlZ1NHpUQ3psOGNxb2t2dC1pMkVWMFg2UQ?oc=5,
rss_google_news,"Tue, 22 Oc",MLS sets attendance record in 2024 with 5% uptick over last season - Sports Business Journal. MLS sets attendance record in 2024 with 5% uptick over last season  Sports Business Journal,https://news.google.com/rss/articles/CBMifkFVX3lxTE9ReEdUWktBWDdLZEkzOURkUWs1ZFJ1OFlzVlRHZjNrekdINGtReW5CR3FacU4zdkdHTHRPV3NDUDlYeHhpdlVnd2g1QzZ4X0JrR3VuOUlfRnRYYVZZcV9qNjRJTEdjbEQyYlJmQm9ETWNBbUVSV2IyNGQ3cGI2dw?oc=5,
rss_google_news,"Thu, 12 Ja",Premier Lacrosse League announces Gillette Stadium as site for 2023 Quarterfinals - What's Up Newp. Premier Lacrosse League announces Gillette Stadium as site for 2023 Quarterfinals  What's Up Newp,https://news.google.com/rss/articles/CBMitAFBVV95cUxQM3EyQmQxTVFhWHZDcVUwc3JlckFIR2xWWXBoTjhmbnZNTllCQmNwbndrWXRldEtxdUc4dUVWUWhrc2s3MUxMTU1MYlk1WXBiOWV1ckRMVlF0NDEyaGlBSWlNQkRGMUp5U0lheG1NcHRPa1BsMXNSX215M0Y2Sl9iTFcxMEVsQ3pQdWw1d3lRV0hqT2NkNkJmOFhTYzNPaEZMblJqQ0JEVzFPaWttS1hQN0RYa3Y?oc=5,
rss_google_news,"Thu, 20 Ju",MLS All-Stars fall to Arsenal F.C. 5-0 in Washington D.C. - SoccerWire. MLS All-Stars fall to Arsenal F.C. 5-0 in Washington D.C.  SoccerWire,https://news.google.com/rss/articles/CBMikgFBVV95cUxPR1lHN25Da1pvWnViTkxrUlZfSDFNaGpPNEI0UUZFdVNqb1VLczlRanpDeHRITkJUUlVDUVJpNlNQR0JFaFN3VkVXUWc2cTNXQ1ZiUkN4R1BmcUloOU1GMVpQT0VPS2p6ZXN3RXVFQXFkRmxpVnNsTkNmUEFTVVZhN2JEdm1QZmc5ZzJpVTJIX2EtZw?oc=5,
rss_google_news,"Fri, 17 Ap",How many fans are attending Colorado Rapids vs Inter Miami at Empower Field today in 2026 MLS season? - bolavip.com. How many fans are attending Colorado Rapids vs Inter Miami at Empower Field today in 2026 MLS season?  bolavip.com,https://news.google.com/rss/articles/CBMiygFBVV95cUxOa3VTTEJDbmNWb1dTdXFyQkI0elVfby00SjBUM2QyZ1RpTGhkUUNaUTh1Y1IyOXBwa1FoRUs2a3g2R0Rja0xqRzR4UEllN2dfZGJhQW1jT0xxV2pLelhLX2pJanloUkpacjFyQXJhMVp3YnJnUWtHandpR3dhdDlKWE9WMmdpazljUDRNaEN5ZDdFSERiRjE3YjJXQjB3RG5OOVBQcVR0bTBmTXI0SU9Wb1lHckNMNHRmYU5rM0lKS3VUcm4xSnRvS2ZR0gHPAUFVX3lxTE1hTGltaTl4ekhrS2ZvRVh3OEJGZlJzMlFEOWNkNEJvQTJCVTMwRFN1SlM2dWZ0NlJQWkpkMGtuRE1iMjl2MUp1S3JwWkppMk0xTE9pb2tZdkNFeDBsUFhvT1JlTkhteEdFV2IyYnFjdlF2cUxZQ09vVHgtVlA3ZTZnN2RYRnd1cXRHM3p5b2R1cnA5NlJMYjk3dkN4MkFQSTM4S1lsQkxZYklhYVZ6SVRfVHdiMWgxSnFIRXN2TEk4TzNsX0pHY196OEFHa2JJQQ?oc=5,
rss_google_news,"Sun, 22 Ja",Karol Swiderski tunes out Europe noise: “First I want to win something with Charlotte” - MLSsoccer.com. Karol Swiderski tunes out Europe noise: “First I want to win something with Charlotte”  MLSsoccer.com,https://news.google.com/rss/articles/CBMisAFBVV95cUxOclJlYV9VazlTV3RXRnRoXzc2UEUzOGlCMXF5R0dlTlNmMEh2TEV2VlUtYkc0YUtHTFc0TExMUUlEcGsweXJ6TFVrNGlkdW5XNmZIX0gtSGZtNk5KbWxmaWhYZHByaFpTTTUyLVVabVFOU3Baa1BvTE1mcDN3aHdsc1gwbDJSLXB2WlA3UEpqZkdCYkJOdnFQYngtQUFfUTgzajNLUVB2eUFOWDlXcVZXWQ?oc=5,
rss_google_news,"Tue, 08 Oc",11 million fans: MLS sets all-time attendance record for 2024 season with 16 games to spare - Goal.com. 11 million fans: MLS sets all-time attendance record for 2024 season with 16 games to spare  Goal.com,https://news.google.com/rss/articles/CBMiogFBVV95cUxPTkZDYi03WTF2T0xrNGFRZzk1bkZ0Y1k4MjdlSnd6VlAtdVByTTlSYjJXSkZoTlJuOXg1dTVORlBJeDZPWElkMkotdUhqU1MyQzNIY1ZvNm53UG5IUWVtNFRWWDJrbXhkUnl0RENfMk1WblRJQ3E0UlVzQzlKYW9wUjlkV1ZFRmxtSHNCX3hmc1ZORXBQMW43YkdqSUJpai1rcUE?oc=5,
rss_google_news,"Sat, 04 Ma",How MLS attendance compares to European leagues - World Soccer Talk. How MLS attendance compares to European leagues  World Soccer Talk,https://news.google.com/rss/articles/CBMiiAFBVV95cUxNQm9SSmpxWEU4elF0RlczeEU0UFMzajVScHlhY2RFcnJpeS0weHgzZlF6LUpWOVdsZHktaVpfaXFkeFc0ZnBiTWRpMTN1SzhfdVFTa3l5SWxEcEZja2gtUW1lVFhXSk10Ykg0Y1V0cEJKSC11NGUwbTc1cEpyamNpNEhwMFFtdTZx0gGMAUFVX3lxTE1YWHpkcEZqU01FR3dQbTUtaFdxZnBMdTMtZ2hMa3ZlQTFFY3M5WnJ3Z18tVHhFSF8xbHpUbm1OSm45OEFGSGUxaWtTa1VOUE5OZzlyaVZpdnA4c2MxamxKT3dSUmpMZ0QtTVI1M1JIV0lVQjE1OC1wZk1iS0YyeU9MZ3RHY09IbnpiQlZO?oc=5,
rss_google_news,"Sat, 27 Ap",Lionel Messi dominates with two goals to lead Inter Miami past New England Revolution 4-1 - USA Today. Lionel Messi dominates with two goals to lead Inter Miami past New England Revolution 4-1  USA Today,https://news.google.com/rss/articles/CBMi5gFBVV95cUxQQWYySFp0YzROQ0J3V1RqMHpYMmRvellpUGRGc2tyMmZvS1ZRYXdNcEpTbzNqd0szUXBza3lvQXhwdEFfVGpGdUVlS21heU5VTXI5SVNmWFl0bFl4LWlqNG9qVjVRVUZDZlBudzM0NU9VOWZsc2xzMFZHYnppYkx1dGNYWTh2cm45SVkzeDlrckRORjctZ0dCaHdSN0FVbUNmcjRJVERDWVlzeTBDeTlfTE5BbnR6X2Fkdml0OUJoM0RodGZHSW5fUmd4RW42dmMzYzhKQnI2dTBVS21kdXBZVDVjSWd3UQ?oc=5,
rss_google_news,"Mon, 21 Au",Bruce Springsteen and The E Street Band return to Gillette Stadium on August 24 & 26 - What's Up Newp. Bruce Springsteen and The E Street Band return to Gillette Stadium on August 24 & 26  What's Up Newp,https://news.google.com/rss/articles/CBMitgFBVV95cUxOYUpIMkw2Rkc3MmtLejBWdUl4RW80VXFSZG1BNXZLenItRExMSHJaaTR0T1BWYzBhN0hrZlg4NWdiS1RDTzB5TGsxV2Q2T1g0dy1TamxScnBCUFhNRTVmd3VnLVVVY1dpTzNmQWNpVjFQYnViMVpuVE9RSVVQLWg1dGtVTDZ3MzVXY0VmY0NGbUZDNGJxMTZSczV1cWdMeHZRZlhMQ3JmMWZHSjREOUZpNl90cHoyZw?oc=5,
rss_google_news,"Sun, 03 Au",MLS and NWSL reportedly see attendance dip amid crowded summer schedule featuring Club World Cup and Gold Cup - Goal.com. MLS and NWSL reportedly see attendance dip amid crowded summer schedule featuring Club World Cup and Gold Cup  Goal.com,https://news.google.com/rss/articles/CBMiogFBVV95cUxOYUU1SHByOThubzhIdTdUMlZkbGN3eHcyTHdPekw2ZUtvdk9wc0hTSXBRdGx3cDlEYklXZWhsMHRaUGthZmpJazQ1QjI1WEV5TVV0OGVnbFgtNXZiR2RobWJjUk5xb3JmbEZSOWdNZjNUUHZaU3Y1djNKcHRTaS1fM2lnYUZEVnU5TDZRak45dG5scjNRZlNfWEQ3RUNuY0ZTbGc?oc=5,
rss_google_news,"Fri, 16 Au",Gay footballers fight to exist says former MLS player David Testo - OutSports. Gay footballers fight to exist says former MLS player David Testo  OutSports,https://news.google.com/rss/articles/CBMiuAFBVV95cUxObkFaVXhYYVY1UXU0N005dDIxcU1Od3g0SDZFTklHMTdLeEdZZzZnUU5JQWZ5ei11eHZLdnVqZHZPM3J0QXQxUURJQW1BaTRXd1BjMm5zblVUTFE3YVlqTkZoUkNXemNNU0NxOFM4WUxjVEl6UXo3N0R1RmNiLUVETnQ2ZTlfN0NLN1lZTEpXeDA5Y0h4ajFGY0FIV1A4WVE3dDg4dDhLYWk2N2xRdXdielZEUVFHcUFW?oc=5,
rss_google_news,"Tue, 27 Au","Leagues Cup at a crossroads: Empty stadiums, fan protests remove luster from MLS-Liga MX competition - Goal.com. Leagues Cup at a crossroads: Empty stadiums, fan protests remove luster from MLS-Liga MX competition  Goal.com",https://news.google.com/rss/articles/CBMi5gFBVV95cUxQanFkNlp3eHQxWjVIN2hWeGp3V0VsWTE4cGZEbWNKcTJNbmx6d0lKbDRxQlRfanNqRGtjaGZkdmpPRm5McE9oVnE2ZHI2QWFIaGJGVDRCX3NEbHRVVXVNbE8yWU1LT1N1ejZrNUs5YU5LWGdzemFSdHhRVXpkXzlXV2V2aS03ZVRWTGZ3cVM3NVVucFliRGxmbkNHX1p3LXVLX0JDWkdFeFRZb0c3bS1aR1VzQzUtaEdxNkRRMEQxdE5yMElrcG0zajdTdE8zN21XRDRDN3ZKOVNXaWdVOEZNeV94MVBLdw?oc=5,
rss_google_news,"Mon, 14 Ap","Lionel Messi changing how world sees MLS, Mascherano says - vocal.media. Lionel Messi changing how world sees MLS, Mascherano says  vocal.media",https://news.google.com/rss/articles/CBMijwFBVV95cUxNeDJ0bTBGRzFYS05Tenp2TS1hSDB1bVBGa0NvY3ZESWVyeXpmYzRyRkNuZExiU2R6OGxQMDY2MkI4V0g3TXd6eFVPaGFoX1NuVHV2ak10aGZKN0wyVDBPOGFNZmNIelhRSURzYVUyTjI1dTlZQ3o3QUo0U0VxcDl6NTFJSkdfMUpkVlhnajV4RQ?oc=5,
rss_google_news,"Thu, 05 De",MLS ranks No. 2 behind Premier League in very surprising stat - The Big Lead. MLS ranks No. 2 behind Premier League in very surprising stat  The Big Lead,https://news.google.com/rss/articles/CBMikgFBVV95cUxPcURWd0hsU2M2TW9vTDZ3c2NsVENEOUo5ZFU0R3BHN2NsZ2g2S0JteEJvS090bVN0WXdCOElBVmltSElQaGlHR09qaE9xbVE4ODJzT25OdWl2ei1hNDhwdHVFbWVTdkx0QnhFalpoRkRGbkV1aHI4SWpZVE9QQ3ZqalhFUXo0Q01raGFkRXlUcXF4QQ?oc=5,
rss_google_news,"Fri, 21 Ju","LeBron James, Kim Kardashian & more attend Lionel Messi's Inter Miami debut - MLSsoccer.com. LeBron James, Kim Kardashian & more attend Lionel Messi's Inter Miami debut  MLSsoccer.com",https://news.google.com/rss/articles/CBMirgFBVV95cUxQSko4aUlxVkxmNmxIV3UwMU56cVRyS2xxdEU3ZjZZVEhmaVp6ZzFyWDJxNWFZZnFES2NudUpoZkNCZGNjdFBSS1NwX0FOMjB5MWxjaGF5R0xiVTRycXZTUW9DSElYX1pIOW1sQnFmRXhfT0U2WEZCTzJQUEpYWmJWSll2U0owSTVBcXVfWnNLbjJHeFBkTVhiZ2FHcWkzd0VUWEJrNW9QbDk1SEw0TXc?oc=5,
rss_google_news,"Wed, 09 Ju","New England Revolution project season-high attendance for Lionel Messi, Inter Miami visit - Sports Business Journal. New England Revolution project season-high attendance for Lionel Messi, Inter Miami visit  Sports Business Journal",https://news.google.com/rss/articles/CBMixwFBVV95cUxOTXI2ZlRla2kwX3dNQXpxeDktSG91X293U1ZMaG9yV2s0b2xWSEtBLWhmMkpOb3pFWDV0UTNmU05Kdmcta1dOZDk4TnBqX1RhbTZYZzdLc0Nhck1JZHVKLW1xZmJ5X21ueXJKbmdBT2VnNHlpbm5TdzJnOUxrZVhEcy1salFzT0psTWhQbUJabEF0R1pmQ0U0NjJYVHlaWElWRXhXUHI2QUVYNEl5YzZORGo0bldQdWdrdGRjSTlMcGVRZFpTTnFF?oc=5,
rss_google_news,"Thu, 10 Ju","Revs fans or not, Lionel Messi attracts a crowd at Gillette Stadium - The Providence Journal. Revs fans or not, Lionel Messi attracts a crowd at Gillette Stadium  The Providence Journal",https://news.google.com/rss/articles/CBMi-AFBVV95cUxQUGJYV3FFc1FIRGxjY3BlN2tKbE1SbmgwV3FJN2NCZ0tSY0dDU1hRZTJfVUZ6TnU4SVFJOVZLeHB1cEl4RW96TUR4b3FQRzlzT0NoM3hZWFN2VElDeE9xUTNlZy1fR1FvRkVpZTM3RnAwenhPbnhoeG45QlZEX0xGcUtPTFpFWGxRaEZ3VXdkRG9XTTJWQlppX2dXS0lHcTNnQlVHdF8zeDFiZGxlaEhTcEhIdE52bzctYzNNenpyd1NkU2pFQlZtVWJqaGp1RURHenpheGxjY1ZiVUo4UGMwVHFMUXJWUU9rYWtQZzVXdmdwdVJPSWg1aA?oc=5,
rss_google_news,"Sat, 05 Oc",Recap | Revs eliminated from playoff contention with 2-1 defeat to D.C. United in home finale - revolutionsoccer.net. Recap | Revs eliminated from playoff contention with 2-1 defeat to D.C. United in home finale  revolutionsoccer.net,https://news.google.com/rss/articles/CBMixgFBVV95cUxQQUZLdWluc3haTjc5Z05Kbk5kdkpMT3JvajNBSzRkT2tDSmE4MHBYX2E3cGFIOUk3TFpxOHZuMEktTTNRNWl1NVlQMkl1ZWZtX2RqZ3hycWNPbXhMdXBHcFhfMjBwSVFDanh4Xy12MWxQTVZ3TXhEUjdOWUFNYmJSZTRfdDdmaWRWd2dPaEQtODR2VHJZcmlhWF85MVE4eHN0aVdDNFVMWGhXYTNFZXpwNmVYTEd6d0t6QzFRX3NWUmdaNGhvZkE?oc=5,
rss_google_news,"Wed, 27 Ma",Messi visit set to break New England's 61K attendance record - ESPN. Messi visit set to break New England's 61K attendance record  ESPN,https://news.google.com/rss/articles/CBMirAFBVV95cUxPNmhSMEd6X2VTbkhLVnNJQ0VSeHYzWm5aaGpveHRqQm15YzFkRnVTZFpqMVdyckRQaU9yNnd3RXBsZDlXR19TTUFCN05naENOaUVGallXSXJsUHc5VHA5cl9NUnlEa2JpMmNkcUg4anZhYUJWSEtOT25CUlF4cE1ybFNzUllLRWJLeDdvbGhCQ3dSR0hTQzYzZ2FBWGQxRzZsQ3IwLXFiR0pWZkZH?oc=5,
rss_google_news,"Sat, 27 Ap","The 🐐 has landed. Messi Mania is officially here and over 60,000 fans have packed Gillette Stadium for the largest regular season match in New England Revolution history. - facebook.com. The 🐐 has landed. Messi Mania is officially here and over 60,000 fans have packed Gillette Stadium for the largest regular season match in New England Revolution history.  facebook.com",https://news.google.com/rss/articles/CBMi2AFBVV95cUxOSmNyOUNmVy1tWUYyYkthRXRJVWpUQTBFQUNrYjd4OGFQbzFtZXQ5dmp5V1ZBbUF2NmtLQlNudDdLX1N1dFVsa0JyZzBnYy1oVjJVbi1RNDFRbE9LUmFha1M3cU5weHBoaDFJMy1DR3B4Z28wMjNUa0J0dEdmY3BydFlaVm53Z0dyNTZoNml4MjlIQUJvOTN1czI1NjBjekZDLWk1N0pCbXRzTkp2UXBkV2ItY3pSbGJZMWxZQ2JZeW1XMWs0eERoSmg3UExwZmROUF9nc2pxdkk?oc=5,
rss_google_news,"Sat, 20 Ja","Miami 6-2 New England (Oct 19, 2024) Final Score - ESPN. Miami 6-2 New England (Oct 19, 2024) Final Score  ESPN",https://news.google.com/rss/articles/CBMikAFBVV95cUxQTkdybUFqdkd5TlY1ZWhVOUZYVGlwekRtbDU5TVp5X1dLTV8zc3QwS3A1RlRCeTNUdUZ5MUlZeU5oUkdkdExya2J4cktHMGhzQW52dGNoYlZGMzBiYU4zQ08wYVlYbWFGcHI3bjBtVXczRms0UW1vaUprUC03V2NFMThCVEV4MXVGZGRSZnV3ZTk?oc=5,
rss_google_news,"Sun, 03 Ma","Recap | Revs draw crowd of 29,293 to home opener, but suffer 1-0 loss to Toronto FC - revolutionsoccer.net. Recap | Revs draw crowd of 29,293 to home opener, but suffer 1-0 loss to Toronto FC  revolutionsoccer.net",https://news.google.com/rss/articles/CBMiugFBVV95cUxQTDlZU3ZTSHlacTNTSWh3U2lxcUZabURfNjk4OUlwRXdYZkdWTWVUeVBsVnV3c3dTazQ0cHlWUmZPcFJOaGtCb2tZUTZXQmhpeWhSc1FydzBsZ2tEaXZ5aXh3RmQyc1QyWFpPVHU0cVF2UXFCZjU4RHhVZWdoXzNES0tJR3Q1bHYwSTgycDVQR2MtelFuVHlGSVBVZU5LUml1V2RXc3RZT2dKN1EzWVFoanB6cUlSRy1LT0E?oc=5,
rss_google_news,"Thu, 15 Ma","Revolution welcome back club greats for ‘Alumni Night’ on Saturday, August 9 - revolutionsoccer.net. Revolution welcome back club greats for ‘Alumni Night’ on Saturday, August 9  revolutionsoccer.net",https://news.google.com/rss/articles/CBMisAFBVV95cUxNNDl6RzhGdWNfcjFKTUZfTy1VMU85YWxBM3JDMlBxVG56LXlPVHp6T2hTR19VNWhralR1WmlZMkVpMTM2b3dzQk8zbFdUVU1PWmlhQnlhZFpDNDV4YkNzNTZXbWZYcEdkUkxXWk4wQ25TVlRRRTVqMWc1cS13OTI5aGs3RVJaVTU1STJsd2FGVGhpZTRMbFd6aXFaTUNsZmplS0FvWERoSWQ0M0lmTjNzSg?oc=5,
rss_google_news,"Fri, 26 Ap",Preview | Revs aim to get on track in front of record crowd Saturday night against Inter Miami - revolutionsoccer.net. Preview | Revs aim to get on track in front of record crowd Saturday night against Inter Miami  revolutionsoccer.net,https://news.google.com/rss/articles/CBMiuwFBVV95cUxOQmFHRmdQMTVpY29HaHhJd2VDTUU4cmJwWWJTWjFqeUo2bGpPRVVSMldva1l2elZDalRZb21WZC1VRzJDZ0wydVRxajNlcVMwTnBsMGEtRHl2eUlFcF9teVlPVmxpdlVXb0tBVFhoM2F6azN5VjNidXVSV3FLSDNrQjkwVzdrdWU3RTd4N2RPRGJnNm9zZzcwd211YUZZSHFzbllIOWkzRjdmM3k4X29YQ1JKMThLbW1IOEJB?oc=5,
rss_google_news,"Sat, 28 Se","Recap | Revs grind out 1-0 win over Nashville SC in front of 42,312 at Gillette Stadium - revolutionsoccer.net. Recap | Revs grind out 1-0 win over Nashville SC in front of 42,312 at Gillette Stadium  revolutionsoccer.net",https://news.google.com/rss/articles/CBMiwAFBVV95cUxNbEpoNXhDWEtDVWtXZmVnM2JDQVlBOE1ZVXhuaGtZWElVSUs1VHlXMGV3eFlBbW92NV85SDI3WXFLdFpyTm1qcDlrM2JVLTVRSkFFcVRvMFBEaTRzX0FNdmJxTXF2dnRiYTFmUGt3UHFQTmdYXy0yTlp5anBSYklDbXU4SllHLXY3QVAtc0xoSFpncXRobnEzRE56NVZGZ1VtTnJOd2hrbkREWlJJOE1iczh4aUZaQXcxVUR3R1Zib28?oc=5,
rss_google_news,"Tue, 16 Ap",MBTA Commuter Rail and Keolis to run special event train service for April 27 match between Revs and Inter Miami CF - revolutionsoccer.net. MBTA Commuter Rail and Keolis to run special event train service for April 27 match between Revs and Inter Miami CF  revolutionsoccer.net,https://news.google.com/rss/articles/CBMiugFBVV95cUxPWFpnd0VDZnoyRXdlVFNzNS1ITTlQNlJxak1zdDVVU0I2czRKTXAtZ3dsRzJOcVZWNXdJc19NaFVKUVctUzZIdmNBaVlSWGdaYi1kMTJkNnlRNFdqQmJueTRKV05yZTdpdC00QVJoSkFVcXIxNktFeWxTQUJpcnpwWVBwT2V3WmRoaGlpZVppTjBqQlZCN1BhNnJmbDZQTGl4cGxMUUNmc0cyYzFZU3k5RGY0X1BzSHJDNHc?oc=5,
rss_google_news,"Sat, 25 Ma",Recap | Revs suffer 1-0 loss to New York City FC; return to the road next weekend at Nashville SC - revolutionsoccer.net. Recap | Revs suffer 1-0 loss to New York City FC; return to the road next weekend at Nashville SC  revolutionsoccer.net,https://news.google.com/rss/articles/CBMiwwFBVV95cUxOQVh2a05RMy1Qcm80d04zRGtlUEo2QzNHTExsQzFaY20tUjA1VjFkamYtemtBUGtKX2RUMmFkRkYwODhTUjR2aENpQ1dDQUo2VDg5Ykw1dzIzdDJuTUo3SkU1MVE0TkJ1RDJYWXI2bkg1NDVLbUhnYXdJamhCWjJtV2RpVGJDYlMxbzh6Z0lmWTNyeGxNU21wNTZLeEcxWUhaUG1HZURJa2tzTlhPbHZDcUtsS1Ffa3paZ0czREt3Tm5XeUE?oc=5,
rss_google_news,"Mon, 18 No","The Revolution averaged 29,000 fans a game this past season. So why build a smaller stadium? - The Boston Globe. The Revolution averaged 29,000 fans a game this past season. So why build a smaller stadium?  The Boston Globe",https://news.google.com/rss/articles/CBMikwFBVV95cUxQSFhoZzhnZDRDS09kRllVNHVOZVNoaHd2a19fMEt3ckNZT2lybk9Vb3lnTkN2dktFb1VnNUkyYU8tUDFnYlRFTW5XV3B4VjBJREUwdTZiWVZyS2NDaHZwcGdqU1dHaXE1YlltbGJiVHlnLW1tM3Mxd3lmV0R2QUdYVFNLUnF6S2g4aTBlMGxsOUE4Z28?oc=5,
rss_google_news,"Sat, 27 Ap","New England 1-4 Miami (Apr 27, 2024) Game Analysis - ESPN. New England 1-4 Miami (Apr 27, 2024) Game Analysis  ESPN",https://news.google.com/rss/articles/CBMiX0FVX3lxTE1aRFYxRFhHNFRGbk9nNm1vYURZcDh4Z2NGVG1Qbzg3UkNCamk3M0U1TTF6RUdLdnpBLW8zQUtYb0JfTC01SDY1VlZKTUFiWVlZS3A5N1NFNW8zWl82S3Nv?oc=5,
rss_google_news,"Tue, 08 Ju","Revolution, Foxboro ready for Messi Mania on Wednesday night - Boston Herald. Revolution, Foxboro ready for Messi Mania on Wednesday night  Boston Herald",https://news.google.com/rss/articles/CBMiogFBVV95cUxQcVVKV3Z2bzUwVHBWS0xWSXhOZmN0bktKUTYwUk91OXZXcjBETmxFbXRLUEhvbDhmbGwzX2kzT2VnUWtkWXc1ODBWMDdkTFNwTGRycGpRMlBBd2o3RHotTkxNekt3dmlGU1VQdHhSYVVsX1Q1dlk2TDlMS2NKQzFJZWlvM2FpaUk1eFFFVlhNRlhQSElzVk0tYWhqSkI4Q0FPTnc?oc=5,
rss_google_news,"Fri, 15 Au",Son Heung-min to throw first pitch for Dodgers as LA welcomes soccer star - CHOSUNBIZ - Chosunbiz. Son Heung-min to throw first pitch for Dodgers as LA welcomes soccer star - CHOSUNBIZ  Chosunbiz,https://news.google.com/rss/articles/CBMif0FVX3lxTFBQSUwxc1dGSzVqOVA5NzJ0MWZodDdYOEI3RWhqcVVGRXIwQ0Y2TnBsd0RfMDkyTG9UVFd4NmJ1OXN2ZUdoOXctd1E1VnlVbWVJU1E5MFpROWZaWEZhUFlvQU1UYnVOWjM2TWRuaHZmbHZNMG1YUkR1N2pRZ0hZd1HSAZMBQVVfeXFMTnRHenVnZmYxTk5Tcm1YdFp2MHlsNVVraWFlU001b3FEMHQ3RW9sTTVvcGU3aXJ1eEhxVm43MVpZWkVuaGNtcldJZXlybU5ITmotbzhFeEF1dlRhOFN0V0J0LUFGZW1wdU1HaE04My1pLUZuOWhEb3VyQTlwQzNUVDJUcl9wNXJVTkN4LVBYelVaYV8w?oc=5,
rss_google_news,"Wed, 10 Ap",New York City vs Inter Miami tickets start at $235 - Hudson River Blue. New York City vs Inter Miami tickets start at $235  Hudson River Blue,https://news.google.com/rss/articles/CBMihAFBVV95cUxPYVhFdHZ1SFNGLTZNSVBGSjVtb3l1ZjZ0aEsxMDM0emQ1Vk9sZWM1enhWdXl4aWNrQ1JqOUFxMTM0aVhpOGE0V2lkMC1lQzROV2cwT1NDU3BQNV9DRXhFZHdXSUtqUlBjZGFtXzBveV9XR194Mmd3U2hoemFYM2tDZWVMa1Y?oc=5,
rss_google_news,"Wed, 27 Ma",Revs expect to set attendance record when Messi visits Gillette Stadium - WCVB. Revs expect to set attendance record when Messi visits Gillette Stadium  WCVB,https://news.google.com/rss/articles/CBMirwFBVV95cUxNM0IyVmR3ekRUNEhkVDN1Nlo4UTljY3lYS29UUmljTG9yRDNWQ3JTSjFyQTZFVjhXYWlja0MtaXRTcG5rSnk0dU55d2hLNTd4cnRtamwyNjJRU21qdjVNamt0WENWSlpjeUw5T0pBb0tPT2pybEZZSTNoYzhVSFJvbFVqNWhlOVBtdUpEbFUxbVdIVW5ZODVtQXJxa1o0a1JSYzBHaTZibGt6Z2tKeHVB?oc=5,
rss_google_news,"Mon, 11 Ma","Atlanta, We Are Here: Atlanta United’s 2024 home opener marks record attendance for Saturday’s soccer matches - Atlanta United FC. Atlanta, We Are Here: Atlanta United’s 2024 home opener marks record attendance for Saturday’s soccer matches  Atlanta United FC",https://news.google.com/rss/articles/CBMipwFBVV95cUxOODI2dmROblBzQVRmQjVvb0ZQZC01SWFmM1MxUTRyZU1IMXZaaWdwX2xQdkh5TURnTXJWV1VNZkgtX1RVN20yZ2kyanh6bExraktUcXhfMENreUZHbXIyMTUxanZvY2I4VmtKRUxEQ3R5clVrMWZGNDFWLXJtOWRBNjZLM1A4SUJRYXBBOGVCNUpRN0hfcFlvU0c4bE93N24yWGsxZDNQSQ?oc=5,
rss_google_news,"Thu, 04 Ap",New England Revolution unveils renderings for new stadium - The Architect’s Newspaper. New England Revolution unveils renderings for new stadium  The Architect’s Newspaper,https://news.google.com/rss/articles/CBMitAFBVV95cUxNd0ViRWVCMUs4N2ZGeTBmMnhPM1J6TzNNZjFMdGtlODdEZHloRTdRc3ZRQXdHYnY2N3VrQjdodFR4NUI3SGdBeGVTdnF0b2xBSmZQWldXVmFFV1lzN1RtTERLaDJFN0VPYmVsWS1aaVo1TWw1Q0oxSHNTcF9qdUR1WEpwcEhubWNJMlFlb0FVV0VodlNvRDhPbFBVWU1MTlBJSUJiTDJYUXBhT2pSTUt2YTgxcEM?oc=5,
rss_google_news,"Mon, 07 Oc",MLS sets regular season attendance record with 16 matches remaining - ESPN. MLS sets regular season attendance record with 16 matches remaining  ESPN,https://news.google.com/rss/articles/CBMisAFBVV95cUxNbWp1ZC1NaTlwNUJ4eFhjX3VaSG5Bc3NhSDdjUGI5NUdTXzEyRFo1SWNVNUZTQVlJektfbXFqbFdkbnBqcmItanhLbzZfd3NnWFZWY2hrM2E1RDAxbnpMNnEwbERIeUtjc2czSFJmMF9QZ2ZRWGlDU0c0WEJScXVCMnBYYlpHOVNiOFkxWThYMFNPTXVVQXRvNWlzTnZUR3VWcmROUnB3cW9xYnA5S2lMRA?oc=5,
rss_google_news,"Sat, 16 Au",Lionel Messi: Inter Miami captain breaks scoring record in win over New England Revolution - BBC. Lionel Messi: Inter Miami captain breaks scoring record in win over New England Revolution  BBC,https://news.google.com/rss/articles/CBMiYkFVX3lxTE9xNzJCLUM2dzNtUDJtMW5qbHpVWjE2enNSUzljVFNVQ1RYT0x1ak8wa1d1YnJ5QjNDa0pib25JSi1PSkNFU0I5QmhWdzRlY0hZMVc2cHBodFI4bkREamozRzFR?oc=5,
rss_google_news,"Thu, 18 Ja",Chicago Fire FC Announces 2024 Theme Nights - chicagofirefc.com. Chicago Fire FC Announces 2024 Theme Nights  chicagofirefc.com,https://news.google.com/rss/articles/CBMihAFBVV95cUxOdjZ2RXlyMUJud3Q3UEw4a0hadDBDVy1ZeHpNeE9yd21mT3lXcFoyUy1aZlc3NEsyV0xmOVJwbTA0TGJVcmxEVEYzVzR4Z19VekpNY0M4amhEQThjOUxad0NjNnpTeXI4NV9VQU1KZG5kQUpPNTVwTHFqLVd2bE1LelR2VlI?oc=5,
rss_google_news,"Tue, 22 Oc","Messi-mania helps drive record attendance, growth for MLS - ESPN. Messi-mania helps drive record attendance, growth for MLS  ESPN",https://news.google.com/rss/articles/CBMiogFBVV95cUxQejFUa1ZnMVNEMEFib2cydjdPM3FMTEZUQmUxVUFSNnRwZGhST1E2TGh6bXRqNTFVZzhFZzBoY3UtYXJwZDhyUk1CbFd4ZXRsV3RzX1o4aDJlX1dGLUFUQXowcUpsTlg4LWxrbmZIdDY3QnBEaXV6ay12Z3VRc2ZleW9rNDJmdWVYdGNYaGk2Y3lqY25YaXliYUVRb3FFMTNYQkE?oc=5,
rss_google_news,"Wed, 27 Ma",New England Revolution set to break attendance record when Messi and Inter Miami come to town - bolavip.com. New England Revolution set to break attendance record when Messi and Inter Miami come to town  bolavip.com,https://news.google.com/rss/articles/CBMiwAFBVV95cUxNSGtxZWRKUlI3NnpYVGNQY1JfOXZpMkxvYk1HM0FDLUhiMWJtcU9uMWtfMUN2QlVGRTRrZjhqVFhnZVhqeVNKLWxSLWF3NnQtdGdLZF9tRmdQdk54Z1NWOVVtanhVcmtkU1RYNV9LZlhmSnNhNGsxYVA3bVhRYVVKMXhwY3pBUDlacUJiU2kwa3lkT2F2cGdyeVptZXBWUDRuME5HRVRfY1JFdV9GNjhJSEVJNjdYWTZGc3BNWHF1dnbSAcYBQVVfeXFMTl9FbjF0RTNKWUw3REVGUnE1VmlrdDJ1dUtJMUZTRDJEM2pJZDQyTHlMNG9abHRZS3MtNkxvTGxZMmdqcFBuTm5GYnpRLVlaTklXbU15Q1Jkc3Y5dksxa3BzNEE4MllmUjNlME5GZzl2RFNKRjlEMExtNldIck44RWpwSUxwV245VnRpckE1OVA5aHhfYXA0YVJVRGZvaWNMbkxnaTV0akExSzA3U3RhWEZhTGpheUJocjluRFV3YzVrcWRiZC1R?oc=5,
rss_google_news,"Thu, 25 Ap",Messi is coming to Foxborough - Axios. Messi is coming to Foxborough  Axios,https://news.google.com/rss/articles/CBMihgFBVV95cUxPeGhEVVljRmcxcEtzT2NqZ1pNc2V5c0tlT3RIY2VmNmtTaDNueUJfOS1DdW1mSmt3eHZHRUZJamdmRXlnVTY4VmJDS1VUV1ZSZ24taEE1cGVKYlBzaHNUbDkzU0t5enM2RVZhcGxGY1ZBa0ZEMUFsN0FDX0dnczVQSk1qY3c4Zw?oc=5,
rss_google_news,"Sun, 11 Ma",Which MLS Teams Have the Highest Attendance So Far in 2025? - Sports Illustrated. Which MLS Teams Have the Highest Attendance So Far in 2025?  Sports Illustrated,https://news.google.com/rss/articles/CBMidEFVX3lxTE0zbzY2WmNtZFhYdVBTNzNoVjktdV93VlhEa3B2a1Y3NGlCRnk0NWlQNFYtdWlpektic2JwSWx5Q29zZVlCSmdIN3l3cjRBQ21CeDRkcUdoRndoN3BXTU9zdFd5X1BpTDNRUGZudFFhY05kMzdf?oc=5,
rss_google_news,"Fri, 19 Ap",Going to Gillette for Inter Miami CF Revolution match? MBTA offering $10 roundtrip ticket - The Patriot Ledger. Going to Gillette for Inter Miami CF Revolution match? MBTA offering $10 roundtrip ticket  The Patriot Ledger,https://news.google.com/rss/articles/CBMiugFBVV95cUxPNlBHVl9QcTdoTUtnWWVpc2hkTmtTNFJGLUxoWVpRSGFpaHhtbWZvQjJJMVhLaVVUMklOUVFaS2xFVUJZdGEzNXdLZGtCc1ZLLTdXT0toX1pYTHBjdzhlS1RSR3haaFBuc201U0x1VFNQRF9NZUdFbldJUDVOQ3k4OTFwOFlWd2RRc0Qxd3NvcnNxVFV6TGlCcF8xMHFJUnpzWEhVQ2JIYkpiaDNhTnZGXzB1Tk5LOWxMOGc?oc=5,
rss_google_news,"Sat, 27 Ap",Lionel Messi in lineup for Inter Miami’s game against New England Revolution - MassLive. Lionel Messi in lineup for Inter Miami’s game against New England Revolution  MassLive,https://news.google.com/rss/articles/CBMivAFBVV95cUxNZGxLTDl0dXhMNEM0UDRwaEY5YVE5QV9pVk5wZWJrVjFYd2xWQUlYb0MxUENlLWRaUGN0X0NWdHhuSmh5Vl83S0FITm8wSEFjTlN4TGdhV2U1OFowZXFZOEQwTEtMOFlDMDZBN0tJcXRZTG96SU00X1E3X2FzVURPS1R6bDBDZlk3NjBDVklKRHN3LUQ0VDdoTl9aUHdEa3RITUQtdDFKQVBqaHhOODI5RmZhM1lyMk5fcm1jLdIB0AFBVV95cUxQaUVRTi1UdkVxTnoxQ1NXbThueUpuQmEyZjV2Y095U2E0TTFmNGxIYllMTkp0Q1BWQ21MTlQtaDhjNjNyZ0FRU0dibG83TjQzUUdGQmszdDZJWU9hT0xSZXN2Q3NpYnNDTGN0aDBRaW52UEJleVhpa3dKRlJzdjVCMkdSMHhadEc2TUI4SVY3TmRlSFRLZzVDQlhuc25UOUVmNGNjREhqTV9aaE1nYWlneWpMLWtZOVlzNEZweFNCRDdHOWtwRDFPRng5eFJFV1ph?oc=5,
rss_google_news,"Fri, 19 Ap",Special event Commuter Rail service to Gillette Stadium - WCVB. Special event Commuter Rail service to Gillette Stadium  WCVB,https://news.google.com/rss/articles/CBMiwAFBVV95cUxNY05VZU81VndoY3NDN1Nfb0pvdEhKelFVcE11VDdMamp1Ql9GSlhSRFRET01tZEowT1EwOF82RnkzdnR4cjdQZUdpQW5URm1JTDB6eklDU3RnNGZ2QjMwY0RLVWJaVjVFUW1pa1RVSkJTTXNBM3hIVzdDU1BqMzdpeDQ3YU45azhuNVlpWmFSdTdMbW4telJDZm8wVG9idHl3NE1BNk1rd3lUWU1CNmxLYk9YZjBhVWlpQVdNQkpnamU?oc=5,
rss_google_news,"Sat, 27 Ap",New England Revolution break home attendance record for game against Lionel Messi - MassLive. New England Revolution break home attendance record for game against Lionel Messi  MassLive,https://news.google.com/rss/articles/CBMixAFBVV95cUxOcm1SeF9YT2xXU1h5SG80NTU0NHdUZ21JME9rQ1NDbFVkdi1uUW1UWjI2bHlsX0VTNGZvQ2swSmNHeFBfM0p3OVVjVkthSDFtSk5YMmdmelhRbjVOWkFEREdmM2JEdlJGTVRQWmhGSHBCeFZtQ1NyZGN5TGxRZXQzbndDTmE5Zy1qcWU4bzFNUC1VQ0NWYXB5aWN6NjhiTXJCSVpBV0ROQUltUFBmNGFCUTBwalV0LWFRdVhQTjRwQjRfRUN30gHYAUFVX3lxTE5YTmtNZTN5V2pVdHVXYVBySHp1YUIyVmFBRUdHc3hSQW9FaUFzLWVFcGs5OGxiR2I5cnM5b2ZmYzQ4aEczcTZ4MFRNdm1OUG1fandsN3RIN1dwazJfTFhUYVZOWUhhUk50RzZwVG82bGRxVk9FZnA1LW5wb2ZiLUl3WnI0dGFrdVBIY3R3VFNvVmJ4N19uZTRYelM3ZC1VT25QXzZlTU56N0FhYXUwUVdGVEx1Mk1HdDJXeldBWkFhSVNyeDZSWGN5VEJrX1AxRXNLYnRjMmkxbg?oc=5,
rss_google_news,"Tue, 08 Oc",Soccer's rise in US: MLS sets new attendance record amid growing popularity - Türkiye Today. Soccer's rise in US: MLS sets new attendance record amid growing popularity  Türkiye Today,https://news.google.com/rss/articles/CBMitgFBVV95cUxNU2s1VHVfZDRIZVo0Q0xkMWpVWGlqUndNODdpS0VNQ2VSeEk1aHJXcGVXajBjY2t4UWYtZXNDNlJ1R0xoT2JQYnQ5ZUF2Wm1IZENhOEl6MGFuU0NYZy1uZXppQXdWS2dXektGT3djTzZNTzlXWGVCR25sTU96dE15TGNySWpPT3BjbjlIQ2UzakhyREJxUkhIV3FrbHRRT1hNMWVUdEZnQ0dyRHlyQTFucmNEa0Rudw?oc=5,
rss_google_news,"Sun, 23 Fe",Major League Soccer - Transfermarkt. Major League Soccer  Transfermarkt,https://news.google.com/rss/articles/CBMimwFBVV95cUxOZS0xd0NJOEJDbmM0Q09lUUJQODlCR2pLZjVrNHg1b09RZmZoZ05tTHB4NW8tVTAzaERta0xOZHBzVENRUlZzZGQtUzQwb2ZwNWdzeVVsMWtVVXpsZU5OTlI0TFNVMVVPVWhjZV91WktDdGhQX1RWZkR3UFMzMzJQcEVheDdpd3YtaGh6M3R0cTVyU2pfRHRLWE9UWQ?oc=5,
rss_google_news,"Wed, 23 Oc","Growth story: MLS sets fan, sponsorship, social media records in 2024, projects to be top three global league in attendance - Goal.com. Growth story: MLS sets fan, sponsorship, social media records in 2024, projects to be top three global league in attendance  Goal.com",https://news.google.com/rss/articles/CBMirAFBVV95cUxNdmVGWUg1WUhid2xEUklPdWtzUXBGVUQ5dlpOZFVzS3JnaTR5RlVyaUNhN0g4eUdmVjd2amVzS3pzSVhrTTZpWE5sV2EtcWEyQ28xMlNydXEwM0hMX19TU1d4UDFBX2lwSTJTSU4yWnhnT3RyT2pxUGZvNlpQMXB3S0h5ZVFueF93Y0paS2ZyVDk2c0FoWlE5V2VFdzY3T2dQUThmYnYzX1A0cExw?oc=5,
rss_google_news,"Thu, 07 Ma",Revs stadium plan will finally get its day on Beacon Hill - The Boston Globe. Revs stadium plan will finally get its day on Beacon Hill  The Boston Globe,https://news.google.com/rss/articles/CBMimgFBVV95cUxPZXNocnJ5ckkyN1Jla0dKeFh1SllmYldiRHFOUGp5eWZhdFhIa3NsMW41emE2d1FBZDBqMWloekhDazV2WG0yd1pSbFBHSXBOcktWY0Z1NkZlMFh6UVYzV1VzaVVhQk1kSTBTOEFnVkg3MXQ5UzVRTGh5aU94OVRiV0ZKNndjYkIyeFFETDFmWkZxclZ6U2xsVnR3?oc=5,
rss_google_news,"Sat, 27 Ap",MLS: New England Revolution coach explains how to stop Lionel Messi - bolavip.com. MLS: New England Revolution coach explains how to stop Lionel Messi  bolavip.com,https://news.google.com/rss/articles/CBMinAFBVV95cUxOY1FjSWl3VVpnQl94b2puSXhWcktuTGxidk1Ub1BkU1QyRHpmencwVWt6bWJjaFdrRmx2dER6dWRnQ3lsZ1UxdC16NWp4ZHBJMFhSeXNEd3Nmd3MzVkFIMHAxODJmclZMRFdFZmhMOEJfdXlhc2dfRmJZTkVzVDhwVzlnZ0dFNjFoTGRKVExVTzljazc3TDJCSS1qQ2jSAaIBQVVfeXFMUGJoTERVcHpzdl9KOVA3Tm43dG00ZUFsNTBJSTZsYnRvVGx6ajM1cGgwZF9qTGw5VkFTYzlKU0dwUmpNVWRRb0hyX0RRQ2lINWlkS0xaN2V3TmdIRVdRY0g5cmMtemVEa2tOXzlDNmZTR0xiUEdLazY3UUdpVmlhWHJuckRDNXBfVm91aGJ2STJnZVdMVEFuQVhrOWFOYkFSM19B?oc=5,
rss_google_news,"Thu, 09 Ma",Bill allowing new Revs stadium rolls forward on Beacon Hill - MassLive. Bill allowing new Revs stadium rolls forward on Beacon Hill  MassLive,https://news.google.com/rss/articles/CBMiqgFBVV95cUxPY2lrd3lJNzBxTEZKVVNHWjFjYS1QbzZLSGcwYWFLekVCQzBDU3c0YVJmM21iYmpOWi1xUlNrZnZHODFCTFdhWG9faGlKYU9XQlpmODkyTHphYV91TnRLZUJmWHZYZk1ucHFkMEJhYmNRX0VKaHg3Y2VOd3FuVFhLajdPWXNvQy1PNlp5eHZ6RWx0eTAyQUptUUNyNnB0bjZZaFBYc3dJOWo4QQ?oc=5,
rss_google_news,"Sat, 30 Au",Biggest MLS fanbases ranked by attendance and passion - World Soccer Talk. Biggest MLS fanbases ranked by attendance and passion  World Soccer Talk,https://news.google.com/rss/articles/CBMikAFBVV95cUxPUVM1a21DT0RxbVJhYkgtVVJqdW1xU2FOWTRWd3AxZkJxa0ViVlZxREt0bF9ZVy1VaThkZ0JvMUdIOXozdFN6YjJrZ3J0VW1uSUJuYm1jLWpGb0RSZGhycC1YMUpnX0JOMzhyNzRFMzNrejk1Z25PeHhhRHVYZmplS1ZMU1VSaVNfcUZrcW5Za1XSAZQBQVVfeXFMUEJPMldTczlkYnc5aU5ZcjJzTVltVG9fVnhqV1RBSjRDNGc1NE52dXZMd0FrWHdybTF3LXN5d3drdU1kM1JHSU51RzhwNDRrTHJYQjNVclE4d0NBNE1UNXM2bEY0WGF4ckdUM2Zfc2l2YjZQeUdEMy1UWkVsbTBVZWdvUFlhYWxGNmloYUppVlo3NEd1VQ?oc=5,
rss_google_news,"Mon, 01 Ju",Kenji Mboma Dem’s strike gives FCC 2 1-0 win over New England - Cincinnati Soccer Talk. Kenji Mboma Dem’s strike gives FCC 2 1-0 win over New England  Cincinnati Soccer Talk,https://news.google.com/rss/articles/CBMiqAFBVV95cUxNazlYc3FHeG01NjQwdDlZVW5fZ0l5Wk1NLXBGVm1WbXdBRnhTRFpmdFBSX3Z2U0dXRUFtM0RHSF9oSXF0R295dUphQ1VONDd2eUNzV1FCQjlBQnRwdVJLa29vZVZrYk80X3UyUVhPbm9ib1NxNUR0YURRck5ZX25hX0ZQVFJBclNhczFTY0tIS3FoVHpubnMxaHVWWWlscTZPb0YyWnJwSm4?oc=5,
rss_google_news,"Sun, 28 Ap",Lionel Messi breaks MLS record in front of historic crowd in New England - The Guardian. Lionel Messi breaks MLS record in front of historic crowd in New England  The Guardian,https://news.google.com/rss/articles/CBMioAFBVV95cUxQXzNreU9SN2VEbkZ5WmtGNHY4azAzNDVSYnFVR0Y0bEtLeHcyaFVGR3VIRGdMaUV3eU5xTXRqaktBZnFYSVhWQS12WVExTThsODd0bzQtMW5iOUZUYzZSY3ZmNGl0aTlhakNHbWZPb0ktWGhEOERpM01MVFBlakk1d3pkTTBudllWMGQ1eHpmN2xadzBxV0V0M1dCWFF5NFBa?oc=5,
rss_google_news,"Sat, 01 Ju",Esmir Bajraktarevic scores first goal to help Revolution snap Nashville’s shutout streak - MassLive. Esmir Bajraktarevic scores first goal to help Revolution snap Nashville’s shutout streak  MassLive,https://news.google.com/rss/articles/CBMizAFBVV95cUxPVzZkMFlNdWktX0pScVV5QW9uaDlWd212TVh0Sl9qTVQ2WHdJUXNaVDl0RzRSckZ5WDdvb1F5dUQxSkRsaTZLTS1TbnZZVmdHSldRSHVYZWVfZUUwZEFyRWZqTXlwWmRmT0pwd0E5Z0dPdUd1OXZiQzhad0pEbXRObVEtWk5yeW9GZDNvcTNZLU9NOWlwNzl4Q3ROTVJNU19yMjRTZGpyTXBRNHE1M2ctZXl6YTlLd0pnMkQ3Z1VtaU9ndGZyQjlMNkN0MFbSAeABQVVfeXFMT1hWd1p0amluTGZwRWpieDdxajZLQTZGWENOUDRyMDZ2ZHQwLUZNOUFQQlRUWlZBbml5RmtCQXoxc3h4YUhESzNYZVRXMVpxSkhoR1ZSY1o1QzNOQ1J6UU5xZWVVRy1SSXJXcFF5R0xCNXFTaDFuZG5MOXdxMzliTGtXdERKRURuZGpVRmNJX3E2VE1Ob0xyem5MRk41TjdjZS1PejUzZ0dZVkJUSWlHR3Zyb0N2TE1EbFdOdVVPWUZHUWt0ZHVKbUlNWXdINjQ5aXAxblJZekdVTXF0ZkpmUFA?oc=5,
rss_google_news,"Fri, 15 Au",Son Heung-min ignites excitement in MLS with impressive debut and ticket sales - CHOSUNBIZ - Chosunbiz. Son Heung-min ignites excitement in MLS with impressive debut and ticket sales - CHOSUNBIZ  Chosunbiz,https://news.google.com/rss/articles/CBMif0FVX3lxTE1uWTctME1zR01kQWlYTHJsUTBBb2Qzc1dtTHNsSmR4Zl9lTERqSDlrVjVva2g4aXR3NTNPbTdESmlmV3FWSjU0SXhMVmdqVlpyUmQ2OU5QWjRnS1gxZDJDT3A5VjVOUlRkNXBES01Vb3loazM3Q042cTBQc3lfZ0XSAZMBQVVfeXFMTndYd05zWDBSY1BobXpmQ0JhOFQ3NC1SR1lGQ0dvb19zaXhfb0p0MFppMjQ2N3drTFBPN0RObUNrNmpzV2ZVUmtrTDVYY2Izc1RfS2QwQ2VTVWVESWlpOElfcml5S24zdlhENzI0NnNSTmNobm56MW91M28tNTQwdDZ5M3Q3b0pXbFhPbjhQZDRQVjZ3?oc=5,
rss_google_news,"Sat, 27 Ap",Messi scores two goals in Inter Miami win over Revolution - The Boston Globe. Messi scores two goals in Inter Miami win over Revolution  The Boston Globe,https://news.google.com/rss/articles/CBMihwFBVV95cUxOdHVycVlXRTAxX3F2b0dsVEFTNnBzZnpxSXRuckpZdnlLWXBBZ2E2ZUlSeW91MjdOY1BmNTd0WUVUdDVaWG9MM1c0azdlNHZhSmUxQ1o1eng2dkNHZUN0U2ZBUnFhSTE3SEJ6Z0gyUHIxTm1SbE5hVTBUUjh4VEdtSnJrOUJFbVU?oc=5,
rss_google_news,"Sat, 04 Ja","Top 10 Biggest MLS Stadiums, Ranked - GiveMeSport. Top 10 Biggest MLS Stadiums, Ranked  GiveMeSport",https://news.google.com/rss/articles/CBMicEFVX3lxTE1xbTFsVFEwY3BhbENjZjhvOGhHZmcta2VPM3BtbHNyS1FESUhSeEprd2VHMzlGbEtLeFVQTk5SOTNUSTJxQWk0Tmo5RndRd0R6R1R6YlFibHhZMmNHdmU4dGtFTUNpNGhhRkotb1B6SmY?oc=5,
rss_google_news,"Sat, 16 Au","Recap | Revs fall to LAFC in front of 27,043 at Gillette Stadium, return to road next weekend - revolutionsoccer.net. Recap | Revs fall to LAFC in front of 27,043 at Gillette Stadium, return to road next weekend  revolutionsoccer.net",https://news.google.com/rss/articles/CBMirAFBVV95cUxPNnZyV3pRbko3YjhOMWdiTDNkSXRBakw5RUxOMG5qY1VVWllieGprTUJhVFZveC1kbFo0SWpIVWZCUjdtc05VM0wzSEZWMnJVXzFLNzlLTWVoaG1Sbk0xbHo5d0N4NkRMekl6QlBVTWJ2R1N1M0thNktBODFoZXAtdWZKUVJxYk42MDRIaHZlZjdGQUUxRkVTbVNKbVNhNmFELXU3SWlFV2lRV1kx?oc=5,
rss_google_news,"Sat, 18 Oc","Recap | Yusuf, Turgeman on the board as Revs wrap up 2025 with 2-2 draw vs. Fire - revolutionsoccer.net. Recap | Yusuf, Turgeman on the board as Revs wrap up 2025 with 2-2 draw vs. Fire  revolutionsoccer.net",https://news.google.com/rss/articles/CBMiiwFBVV95cUxNYUt6bmoxZGpuRGIzaTZ0M1JKNWRYZlFZQ25MTGRCS1RZQXlDYWRJbE93UDUyM2NVbURKLWRDOWhCRDhjTU5vSzlfZWVRR2Q1b1VfTE5yT0paZjJnV1lxS0lHdUNuakZvd1BRaDJOcW52S3M2RHItcTJrM3BwZTE4NUt5cy1RLThMaTBB?oc=5,
rss_google_news,"Sat, 04 Oc",Recap | Revs fall 4-1 to Miami in final road match of 2025 - revolutionsoccer.net. Recap | Revs fall 4-1 to Miami in final road match of 2025  revolutionsoccer.net,https://news.google.com/rss/articles/CBMimgFBVV95cUxQNUVTTF9MdjAyWTJXNWVZNGhFWHpWOS1ScHpFQmFMZ1g4aUgzTUxCNXJvQ1p0Rl9WMXpUVkN3MFJ1ZXhxS0NKaWRkUGduRXJJcmpSNVdqTXIxdXlNTnFXV1N3dWphRHppdE5oem0zZ3RFM2p1MWlfSTNZSjNRR3pBYXR6ZE1yNWpPb3E1dGFTYWkzb0tuOWdFQ3Zn?oc=5,
rss_google_news,"Wed, 09 Ju","Recap | Revs suffer 2-1 loss to Miami in front of 43,293 at Gillette Stadium - revolutionsoccer.net. Recap | Revs suffer 2-1 loss to Miami in front of 43,293 at Gillette Stadium  revolutionsoccer.net",https://news.google.com/rss/articles/CBMisgFBVV95cUxQU0hUdHM2bFozVjFLb3BrWHNrNVA2b2dhQnhoOGtHX2UzdmhSdEIwbGFWc0tlS3VsZFhKYmoxSnIycU0zQ2VJV1lwV2NaQWN3OXhZLUZzREtoX0Z3NzZTcWRYYmI2UW0zUFFqUUtJcThVdFlvNnRoSFFudUNFQkpTeFZyX0pfdm1mbUgxbFFCc3NCUTFsVWhic1ppa3hINUE3emU4UjVsMmhNZW9jTi1sc3ln?oc=5,
rss_google_news,"Sat, 09 Au","MATCHDAY GUIDE | Revs vs. D.C. United (August 9, 2025) - revolutionsoccer.net. MATCHDAY GUIDE | Revs vs. D.C. United (August 9, 2025)  revolutionsoccer.net",https://news.google.com/rss/articles/CBMijAFBVV95cUxOeDBZbkJEX0tDN1JrOHNJdmZhOWlDS1o5LXVDZFlNZi1rb0YzT3dLYmZwX3pSM1FGaEJjQnZrQjJqOUFmMGVnOVpTczc5S00tbHIyLWVaTnFPUlVyREp4MXJZRURVYlJ6a2JSSGtwdGN0bHdzTnFiYW54ZU5CejZxRVBaTm9WRm14ZHc1ag?oc=5,
rss_google_news,"Wed, 25 Ju",NEvsNSH 06-25-2025 - revolutionsoccer.net. NEvsNSH 06-25-2025  revolutionsoccer.net,https://news.google.com/rss/articles/CBMingFBVV95cUxQeGVyanV1UzVZZDRPd1VMZ18wQnRKSTlCRFU5SHM5dHhHREZaMWxvMHhmSURaaGVzWW9qRnJyWjdhM0xIcjhDTVY1YThaT2llRmFNd2dTNlRxMm9tQUdFRUNOd2hWMVg0THZ2UkNyLTY0dmp1WkRGOHBRakJqR25EYm9aUjQ5S1ZxMElIN0tBYmtYYzNaSHhYZ3BxNldPUQ?oc=5,
rss_google_news,"Wed, 09 Ju",NEvsMIA 07-09-2025 - revolutionsoccer.net. NEvsMIA 07-09-2025  revolutionsoccer.net,https://news.google.com/rss/articles/CBMingFBVV95cUxOdWR4M3Q3VXpOVUZieWVzMmlDMF96bktMSTA0VHpaTXhBU0F6VFFkVmVoWW9oMElPYVZSa3JQVFRMdlhjQ2RhTG15eC1qNTk2al9nd0JNNUM1OGJVZjRuNkZvMFd2MW9GS1g4a05sZHM4TndIRGdMVXdFWVRWbTEtUHZ1eDhNX3pDRW9lN0ZqdXR1dG9qZ0ZWRk53eXNSQQ?oc=5,
rss_google_news,"Sat, 30 Au",Recap | Late goal sinks Revs in 2-1 loss to Charlotte FC - revolutionsoccer.net. Recap | Late goal sinks Revs in 2-1 loss to Charlotte FC  revolutionsoccer.net,https://news.google.com/rss/articles/CBMilwFBVV95cUxQWllTRE5sQWdKQUdRWklUR0VEanFmTGJzSGIzXzBTaUcyVjZWR1laTzVpS3E3TUVHVkF5Ui1XTWc4aXVqV3lxTGRWSHJmZnpHTFlUa0ZjRnpjdzRLOEZzVWJ2aDhBaE5YclVxSVpaOXhMejJ4NVJreFIyVERiNmxReHNwVEhZaWloVEFMZkFudlA4RTREWXZr?oc=5,
rss_google_news,"Sat, 09 Au",Recap | Gil breaks Twellman's goal contributions record in Revs' 2-0 win over D.C. United - revolutionsoccer.net. Recap | Gil breaks Twellman's goal contributions record in Revs' 2-0 win over D.C. United  revolutionsoccer.net,https://news.google.com/rss/articles/CBMioAFBVV95cUxQUzBKd1dqb2M2c1BrYUZGVzU2UWhkSC1HSWEyUGZYeTRBWUMtclNCbE9wZDFDYmZPRkxGd21ITVYzZTNlbExLRGVDTGNRX0lCUGh4SElwZFI4QWdOakkyQ0VqYXdYLXVtLXVYcldtR04tSnJlWnJFOGdidE9XdzNtX2FvajdXeUtQYTdKcDhwYVNSWmJDeGhfOTRzQ1Fla3pJ?oc=5,
rss_google_news,"Fri, 25 Ju",NEvsMTL 07-25-2025 - revolutionsoccer.net. NEvsMTL 07-25-2025  revolutionsoccer.net,https://news.google.com/rss/articles/CBMingFBVV95cUxNOEhGdU1kcUlvc2loRFF6V2dWMFd4LTNPcW1lM0U4N1UyUUhsa2hQNFl4bHFHU01oRmVSRXZqMnJZQWRBWU8tcnZ0NjVOblZWal9qNll6bG5sWnRmaW80RVpQQ3k5eXVfcXpEMVladXM0RkpqWTdFZUlfLVZsZUNHblh2MTE0N1NuZ1V3U2t4aVBJQVQ0U3Y1S3pyalJ5QQ?oc=5,
rss_google_news,"Fri, 25 Ju","Recap | Revs fall to CF Montréal, 3-1; homestand continues on August 9 vs. D.C. United - revolutionsoccer.net. Recap | Revs fall to CF Montréal, 3-1; homestand continues on August 9 vs. D.C. United  revolutionsoccer.net",https://news.google.com/rss/articles/CBMinwFBVV95cUxQY3VFQkEtc3A3dGx2aFAydFFqTl9DVjZMSGI5M0tuNzBtMVhkZm1fcUdQbFUtb1JsemlvemtrMFlqT0V1Q0pHMWVmNjIwcmtLUVFYLVRDSE0zYVpmek0wMkFlLTl6OXBjUDl3aDhQTHdlM0x0UmxrVHFJVnl2Snp2ck5oZTI2NlBKTXpvbENDMDliYWEzcDRTMm9NMlQ3UVE?oc=5,
rss_google_news,"Sat, 12 Ju",Austin FC Shuts Out New England in Home Draw - Austin FC. Austin FC Shuts Out New England in Home Draw  Austin FC,https://news.google.com/rss/articles/CBMif0FVX3lxTE92QjFncDI1cV90MlJMSUtMX2lkWHR5OWdfYmhmQ25VSFdCTngycDQ0YkwyVzFRaUhTQUY2d0JMak9Fai1rNWN2RW1VS0I2RkRWZU5MNEI2bjFqanJsMGlPYmhvY1dRa2FRVjI3cW9YZG40Y3Z2N3BWQ3dxV1FEQjQ?oc=5,
rss_google_news,"Sat, 17 Ma",NEvsSJ 05-17-2025 - revolutionsoccer.net. NEvsSJ 05-17-2025  revolutionsoccer.net,https://news.google.com/rss/articles/CBMinAFBVV95cUxNdWhURnBtYlVxWkpyWjJyREEtRWlWaE1KenJsem5OVDd5RWFZMEN2Z3NHMzFzLWszcXVJMW5FWkc5TFZDVVhVcFV5TzF0VFhjLU84U19PLWktbWxqX2xKd1dYSkpCSHN6WWZ3cUN0QXdMUmMxSk5TSFg5ZUI5a0dmQzJYNTQ4b2pCUmlrZzR5cHR3cm5tOUZzdG9Xb1g?oc=5,
rss_google_news,"Wed, 07 Ma",Recap | Oliveira's late winner sends Revs past Rhode Island FC and into U.S. Open Cup Round of 16 - revolutionsoccer.net. Recap | Oliveira's late winner sends Revs past Rhode Island FC and into U.S. Open Cup Round of 16  revolutionsoccer.net,https://news.google.com/rss/articles/CBMitAFBVV95cUxNV2lGQ3lzR2U4S1RaQl9RR2ZncTNobm9jRlhqMWZRTEQ4TUVyd3Y5LVVhdHBXZGtpWU1waDNhaU5zajZYVWg5djhiNzVfeFRkb0tNdE9ZLURRLWthQ1V4VTRERWNMM0lpTjFrbDRvNEt4UEQ3a2hSbWhnbjJubmNJYkJsOFdYNkVYd0tnVW14aW9KcFd0ZzBfc0RLU0xMOXlldVFyeElGYjNuSEhGakwyd21ubXM?oc=5,
rss_google_news,"Sat, 14 Ju",Recap | Three-game homestand begins with 1-0 loss to FC Cincinnati - revolutionsoccer.net. Recap | Three-game homestand begins with 1-0 loss to FC Cincinnati  revolutionsoccer.net,https://news.google.com/rss/articles/CBMipAFBVV95cUxNZ2QyUl9VMWtmWXF2YVRPMWxfQkpNQ2NFZE1jXzNPYlFMcC0tNFNWQjVwaFJEb0xSTXNmdW4ybV9SR01wNThoUDRYenozd2VVQlJuYWNqS2xybnhHWmpDX2hqcGxrOUo2bzEyNFRtaUZGRndDTUVnc1I0dWtXT3k2VjVCMWR2eUN2OEdzY3BqSFhRbmQxNXJ5QUhWLWVvX3FodFdqaA?oc=5,
rss_google_news,"Sat, 15 Ma",NYCvsNE 03-15-2025 - revolutionsoccer.net. NYCvsNE 03-15-2025  revolutionsoccer.net,https://news.google.com/rss/articles/CBMingFBVV95cUxOZlhEbXAyb0tpNU80WXdmVG0xMWZxX09DV3QxcnVrWS1paS1hVlU0OEYzTWVlZU83cUVhbjFOekk3V1h2clRUNGN6c1RCYVFrVy0tOHN3bTFGNWozY1BOdk91aktPbHZnNDh5VElNbzR3Z1lnTlF5RFNCZVlibk5CQlF1RExWdmdrVDJwa05tNUJRd181S2prcHdsRENSQQ?oc=5,
rss_google_news,"Fri, 08 Au",Preview | The past meets the present as the Revs host D.C. United on Alumni Night - revolutionsoccer.net. Preview | The past meets the present as the Revs host D.C. United on Alumni Night  revolutionsoccer.net,https://news.google.com/rss/articles/CBMiogFBVV95cUxQZ1ZjUV80VTFyd1RNMHZBWDJKVndQbG5MdFlzTnhTRGZITUpySGMzX2V2OS0xR0U1Y21ZMW9Ib3hySFpuQ3dlcXBZY21TZFJjWnJXdEczX1VwNGR4MkFvdUVIbnY1R1RvdVg1LW13d0NDTTR0YXhVd2JrNTdFREVRQ3pVUzRTQ1lHdXVSbUdZZEpHS3NEY0JkSmZ1NkZybUsxV3c?oc=5,
rss_google_news,"Sat, 19 Ap","Recap | Revs make it three wins in four, keep climbing with 2-0 victory over NYCFC - revolutionsoccer.net. Recap | Revs make it three wins in four, keep climbing with 2-0 victory over NYCFC  revolutionsoccer.net",https://news.google.com/rss/articles/CBMipgFBVV95cUxQTzlITF80REtITXUtcExBaEE2VmdRME9zVHEwWFhVN2dMQTJ5Ui1adXVaMGZFVzdfNEpmeUNnWWVlMzJ4VlV4NkRhMWFvd3U2OHU4YzV6SU5HRnJGZUFzZGRhUVV3N1ktc3V6QV91czJsbFVxa1VBWFN6SmlGaFFxR2tka181SzQ5RU1kYm1OZ0gwN3ZXdWJnTkdMenlBZFZfMkxBMkhB?oc=5,
rss_google_news,"Sat, 20 Se",Recap | Revs officially eliminated from playoff contention with 1-0 loss to Union - revolutionsoccer.net. Recap | Revs officially eliminated from playoff contention with 1-0 loss to Union  revolutionsoccer.net,https://news.google.com/rss/articles/CBMiqgFBVV95cUxNeS1KWGFuUWdHamUwM0hNa2x3QlAxS1VabGJCaTBQaW5GU1VKa04yMDdBb0NnZDVPNDNZM0ttWkFNS0hSak9GejJ1S19PUnZOTTBsa1pvbjcxbkdjOVBrWDFxd3JkTl9wUlNpaEJHdFpGbXRzeWZTd0UtU0NLdEt0WUhMUU1ZRXlsMVlsZVR3cmE3LWhuTmYycy0zemJvQUg2ZFl3Qzh4VlBaZw?oc=5,
rss_google_news,"Sat, 13 Se",Recap | Revs and Toronto FC trade second-half goals in 1-1 draw at Gillette Stadium - revolutionsoccer.net. Recap | Revs and Toronto FC trade second-half goals in 1-1 draw at Gillette Stadium  revolutionsoccer.net,https://news.google.com/rss/articles/CBMikgFBVV95cUxPS1BiMGxvLVR4VmtBNTJ4VmFEVU85cjlrWGNIbm1IZ0FOcUg1UWlONDhOVVNobTU4Q05Sajd3TXQwdGJKdDJ3NkRrVmpBWFYzd0p5TmUzMTUtTTN1TGRHTy1JY2U1YW5aQ1d5azVYeHFOb0FBdnhGWV83dC1VX1VmZUJmdnBQYXNOSmZIdFhvSkJQUQ?oc=5,
rss_google_news,"Thu, 08 Ma",SCHEDULE UPDATE | Revolution to host Chicago Fire FC in U.S. Open Cup Round of 16 at Providence College - revolutionsoccer.net. SCHEDULE UPDATE | Revolution to host Chicago Fire FC in U.S. Open Cup Round of 16 at Providence College  revolutionsoccer.net,https://news.google.com/rss/articles/CBMiqgFBVV95cUxQRFB1NG5qS0lacEVHN3N6a1ZGR3JuYnI1cTJmOG5hNHZVT1puVUl1TThJd0pYYjBmMktnYXk4dE5USG92WDBpU0NkZ0xJQlZNQ0kya0pVcy1FZWdUNjRMUk1uS1VlZEdSdGhKdzc1MFh1MVdzZGZiZ2tXLTczQmRsR2VXenRMdjVjQWFFZUlCalVGSGlkSlkxaDVUMEtQTEN3ZkNXQ2pGZFkzdw?oc=5,
rss_google_news,"Sat, 16 Au",NEvsLAFC 08-16-2025 - revolutionsoccer.net. NEvsLAFC 08-16-2025  revolutionsoccer.net,https://news.google.com/rss/articles/CBMinwFBVV95cUxNZ3RFODlTaUFtV2k2a0FpMEt0SDBtenM5bUhSRGlkM251UnBVcGMzT2g2UXZ4RFVzajJVbVF0dVZvTkVHZkg3cFNndWlrMHpDVXJvRVlVVFpscF9EeDlqWVgxemYwQ1l4Mm1mbmJhVWVCQ1FSQmdwYTd4RGJ1T3RRT0wzMDlRTG4zcWxYRC1qZU1mRlBFdHctRFRMR3ROWWs?oc=5,
rss_google_news,"Sat, 01 Ma","Recap | Revs fall to Columbus Crew, 1-0, in home opener - revolutionsoccer.net. Recap | Revs fall to Columbus Crew, 1-0, in home opener  revolutionsoccer.net",https://news.google.com/rss/articles/CBMikwFBVV95cUxNZ0VibDd4U1NsQmg4NXBkSlAxNE03eFczRTJveHN6Qjc2QzhXdGNJSmJlckZLWmxjZmdUR3lncGRUZ210X0tzclh6T3hIRmNHTzF3V0tMV25kRzJfS1pHMTV6SDBReTkyVV9wRG5KMGRmM21xYlZfSHN3NDA0MjAxSWVvbWJ3bmJ1Uzh0emkyNjMxSDA?oc=5,
rss_google_news,"Sat, 17 Ma","Recap | Revs keep sixth clean sheet, stretch unbeaten run to six with 0-0 draw vs. Earthquakes - revolutionsoccer.net. Recap | Revs keep sixth clean sheet, stretch unbeaten run to six with 0-0 draw vs. Earthquakes  revolutionsoccer.net",https://news.google.com/rss/articles/CBMingFBVV95cUxPdFh4OXZZTnU1cUlZQXAzUk9VeEtmNWJRRUJCd1F1T3p5MjRJUXJnb2NoQUpvQUJJdlBETkNMM0tIY0RPcmhHSUYtMUJ4d3hXck9FTUppeUFkTVVUR3ZNSUNFMWlMdDhpVDhiRmJaYlNraUxWTkt5R2NlckdhZnhfWHl3cG9MTVhYVm94UlF1cEx4aVZwQXRHRkVhb0s5Zw?oc=5,
rss_google_news,"Sat, 19 Ju","MATCHDAY GUIDE | Revs vs. Orlando City SC (July 19, 2025) - revolutionsoccer.net. MATCHDAY GUIDE | Revs vs. Orlando City SC (July 19, 2025)  revolutionsoccer.net",https://news.google.com/rss/articles/CBMikwFBVV95cUxNS29iOFlJVWpsYWFpbW9FZTU5Y1VEcUFWem92ai0yaFd4T296azNveHJEaUxiRW9hd25pcTdvcURsRVMyX016T3dtRTJqWEFsd3BBWW1IRm5RNTY3VTNoaXZ1MFhBaVZjZ1Y1OTJjOUtJajBzVnN5VnhzSVhNOTBabWxyNGIyWWwyUmxIMk9lYTBIYWs?oc=5,
rss_google_news,"Wed, 26 Ma","New England Revolution launch new travel marketplace platform, “Revolution Travel” - revolutionsoccer.net. New England Revolution launch new travel marketplace platform, “Revolution Travel”  revolutionsoccer.net",https://news.google.com/rss/articles/CBMiqAFBVV95cUxQLWJ4RjJrUkNYc2dtbEZ5N29uQlRxTVp0dkNWS0U5SklqSmVIZ2dKbkpWRDZmS2FUYkhEZHMzM2FTM3QweUFxN2x1SHAySlh5X3dfWVdrNzd4YTlmTmVzWUpUUHdZZ1FrLUxMYlE1QjBBYXJGdEFDSnB5bVZfRFRjZDlsMWxUa3cwTWlseTlQTmczWjR4dDhIWlNKTENSZkxwVGc5Rk1FSks?oc=5,
rss_google_news,"Sat, 05 Ju",Recap | Revs' club record road unbeaten run ends with 2-1 setback in Portland - revolutionsoccer.net. Recap | Revs' club record road unbeaten run ends with 2-1 setback in Portland  revolutionsoccer.net,https://news.google.com/rss/articles/CBMimwFBVV95cUxObzEzV3FLRTM0N242ZlFHRUNSMlY0aGs3QVdDajdLcnZId0ZMbzlfSGF5RXc3ZTRlaXI2TWdkZVZqUmozQXp4M0VrNnJGTDF2WG0yZjFmbGxkWm1SZUFlMnVLSlcxMGlPclFTalc2dGRhb3lRbGRoU19xa1QyZWxOZ3ZUdFU5RGF6UVVrVUNFMWlWN3lXYUFzcURzOA?oc=5,
rss_google_news,"Tue, 24 Ju",MBTA Commuter Rail and Keolis to run special event train service for Revolution match on July 9 vs. Inter Miami CF - revolutionsoccer.net. MBTA Commuter Rail and Keolis to run special event train service for Revolution match on July 9 vs. Inter Miami CF  revolutionsoccer.net,https://news.google.com/rss/articles/CBMitwFBVV95cUxOVE04M19mV0JYMEYwV1Y1cjBSZ1BvRU53Q3h6NEV0OWxKLVBkV2ZZeHlJQk8xM2dyaVlrVVRmRHZMQkZWN2ZBbmZfZHFVUHNHRzdnYl9hRk5CdGlLLVRmTDliRnppLXhRb25zT1NzX1dCYUt2MlhMN2p0YzNRSGFPbUtiby01OTZBbnJPOW9ydHljNnlMTzJQVGZua0NPcmhXWnp6c09DbWk2bW13S3Z5eTVlZzVpTjQ?oc=5,
rss_google_news,"Sat, 06 Se",Match Recap: Chicago Fire FC Defeats New England Revolution 3-2 at SeatGeek Stadium - chicagofirefc.com. Match Recap: Chicago Fire FC Defeats New England Revolution 3-2 at SeatGeek Stadium  chicagofirefc.com,https://news.google.com/rss/articles/CBMiuAFBVV95cUxQdml0aEFoT2hNZkVCdlA2eVhKT3NDMVp6cFNYTElfRnZjZEZLMEwwd1lzLXNQV3R1YXo1dG9pUEJXNjI2VmhXUGk4TVQ4M1dXdzVaT3dwaTJEbkhVUmVaakJpQ0xMVVRWZHUtTllqWVFTLURLYzYtTWV3X3liTjZWUlRraWRJNVFoRDRwS2hZUXF4ZTNUenBuMTF2a1daOVNHSkhqcFV5WHdsa280R2huZFpRc2hQMENo?oc=5,
rss_google_news,"Sat, 18 Oc",Match Recap: Stoppage Time Goal Clinches Home Playoff Match for Chicago in a 2-2 draw at New England Revolution - chicagofirefc.com. Match Recap: Stoppage Time Goal Clinches Home Playoff Match for Chicago in a 2-2 draw at New England Revolution  chicagofirefc.com,https://news.google.com/rss/articles/CBMi3gFBVV95cUxNY1Vxa3RwYnRJZmYwMFdHdllEdzIyTlVHdWo3bHhBazNnNVpPcTBEN1RFUDFEUlU4Sk1NdC1tV2xxNVFiNjFQdGswS21PUHVTLWprb0NDalhuSjMtVHBZQkFMTk9penBDdVJhOEp1R2VlVDVMcU4tREVCMXRYb0pTc3RLR2pBVGN2LVBDODJrRE56emtLMkNfNDgyNG8yaU5oc1RaUXZ5UGVnazNQZHUzV0czNFdZWFBpSktkRC1KN0M5amtLVzhITkF1cWtYY2RNTk5ucEZzZmV0Z2JjdUE?oc=5,
rss_google_news,"Wed, 09 Ju",Lionel Messi in starting lineup for Inter Miami against New England Revolution - MassLive. Lionel Messi in starting lineup for Inter Miami against New England Revolution  MassLive,https://news.google.com/rss/articles/CBMiwAFBVV95cUxQMXRwS0VYYlBEdThjTngzY09iaXVDOW9iTzFmQmtqNnhTTElXZDZHOTBwTXljX0ZkeW0zQXNTZDRSQjkyazlJT3hhQ2kzclNIV05oNnBsY2sxSV9wQlhhSXgydktna3AydzBoWnFpY2tZYV9iYUQ1cndmSzdlNnQ3TC1PYnFmUG9COFNobF9MN0dObTRHcmZTRGpPUktObWhSWU4yTUhLZ0dxTmJPYWs5NFFLSUNlaXc2dlFfZlVDMUTSAdQBQVVfeXFMT1p6bWtvRko5aFlwU3hzOXZ6LWNBQlE4am9GNklraThSbk9oT2laMXFrdXFjLWR6UlB3Tkxpd0FOaEJDei1lTTk3RGs2OUVUUlhZX1pQU0hPMkRxbFcxTmtvOGcwOHR3Zk1rM0hsdnZtcWhDVXVtVFFSZ3d5cHQtMzY4M21vSmxESDdGMERialhnbWtsektsUVFvdWNndUN5Y0otZEhJdHAwYW9DWXd6YzRVajV6NUpnVmRXdDlKRlp6VlNHX0NWdHJKMVl0dXdNMDJQZU0?oc=5,
rss_google_news,"Fri, 20 De","New England 0-2 Philadelphia (Mar 8, 2025) Final Score - ESPN. New England 0-2 Philadelphia (Mar 8, 2025) Final Score  ESPN",https://news.google.com/rss/articles/CBMilgFBVV95cUxPa0JYS0t0YjFMQmVsaW5RNWVRazNZRzRtNzhDXzZGUTNMVGgtV1BTRWZnVUdjUkVFWjh6SURRMl9IdXl2ZGxieGhNMGVVSUpjOEl1djlTZlVDV3hrZ3kzbEp5QUlHNW5sbTJPaXhyUU9MazZGSHNMQ2VVQWZ1SlpxTXlRbGdNczNrd0RmdWgydDYtbDdYeHc?oc=5,
rss_google_news,"Mon, 04 Au","Play Unified, Live Unified | Revs, Special Olympics come together to Bowl for a Goal - revolutionsoccer.net. Play Unified, Live Unified | Revs, Special Olympics come together to Bowl for a Goal  revolutionsoccer.net",https://news.google.com/rss/articles/CBMihwFBVV95cUxOYmVIT0N1VmZHUkpudzJzQlRWLW5RSnVXZGNHWjRfQng5eWNXTDBvN1E2bjZ2VjdkQTAtS2pMX3NxOFBlWlNFMjY4WVhnYVprakJJMmI1eVhHOHVFSTRWd3RVYWJzdXFZei1yRWk3b3lQZ1dCNkc4R3RPUWN1RVNZQlo3Z0MzU0k?oc=5,
rss_google_news,"Fri, 20 De","Toronto 0-2 New England (May 3, 2025) Final Score - ESPN. Toronto 0-2 New England (May 3, 2025) Final Score  ESPN",https://news.google.com/rss/articles/CBMiiwFBVV95cUxPQ1YwQVVfOEZZUklKVEV1Y1owcHRUb1lXamFZVE8zcm5vbUJland3bkpnamplMkpWT1BLODVXY3F6Y3NxMVRMM0dyVUkyUHViRVIzMWxzMjBwUzRWOHJBRE04OEtqZGtPRk9NZUQxaFpSdzh0bGhsbzZjVnZjVjNKQTJEZE1wbGk2SjdJ?oc=5,
rss_google_news,"Fri, 20 De","Columbus 1-2 New England (Aug 23, 2025) Final Score - ESPN. Columbus 1-2 New England (Aug 23, 2025) Final Score  ESPN",https://news.google.com/rss/articles/CBMijwFBVV95cUxQaHh5TFpMekdnMVduNGQ1dnlaZGdlQlBpS21TY2FGeVYwQzF1aFhrbV9Da0pqd21zdmpOM1BFLVVxMmdGUDFicWVtWkFUY3cwdGNERVBxN3YxM2ptM29IajJsUi1VclBVVWVRTEhTbkRoZ242ZklBZjhlNWQ3WFh5QlZySXA1Mmt0YjEtRTBUbw?oc=5,
rss_google_news,"Fri, 20 De","New England 0-2 LAFC (Aug 16, 2025) Final Score - ESPN. New England 0-2 LAFC (Aug 16, 2025) Final Score  ESPN",https://news.google.com/rss/articles/CBMigwFBVV95cUxOd0tfejRXaWJqR2pLWlIxa0xSRUtjVzNiMGxxckl0VThFc1N0aU1qdnhvR256X1B1NlJYM3JHRU9wY0Z6WExpeTNLYXBiaG5ydF95a0ZzeTNwSFFCMmZnd2VQZnFMMWZYaGpjNEQzVWgtRWt3MS1FWHYyTElOSmRhOEo0WQ?oc=5,
rss_google_news,"Sat, 12 Ap",ATLvsNE 04-12-2025 - Atlanta United FC. ATLvsNE 04-12-2025  Atlanta United FC,https://news.google.com/rss/articles/CBMikAFBVV95cUxNRUZMVXBkaEF6dlcySnJpN0JrbnlnU2JnZmJyX2J6U2Y0S0xweV9fYnNYX0JuSGZRMGxPZS1CeFpjckJmNXEtR29GdHZIYlkzeHdjZkszeWRfWnduMGw3UmpLazNLUFJjYnJ4cjhlOEM3eXJMLUo4TWtoQ0swcjFBeFEtUUQtUXV3NUlHdnhMVWg?oc=5,
rss_google_news,"Wed, 07 Ma",Final result: Revolution tops RIFC in the U.S. Open Cup Round of 32 - The Providence Journal. Final result: Revolution tops RIFC in the U.S. Open Cup Round of 32  The Providence Journal,https://news.google.com/rss/articles/CBMixwFBVV95cUxOTFVzSmNPWjZuY0RkaTd5aUVVMmZlYlpMdzJ6b2Ftd3RUT2VSeEt5TGZKOGg0VjBDel9zUE1PdWdaZjRQVXFBS0l3MElSd3BpcTlSS3BXbm0xaTlqMzNxRC1hWWlQeGNDTTdpZmljUlppVXVKbTdkbF9UVldacjdCN0J0SWhweGE2NmZPV2pKdDIycXFLdjhweTZ0cXJYUHd0MVdaa2xHQkZ4ZVpDdkEtc3h1WEJHUVlGQkk0ZFdFVENqdHFmdXlz?oc=5,
rss_google_news,"Sat, 04 Oc",Match Recap: Chicago Fire FC Earns 2-2 Draw against Toronto FC at Soldier Field - chicagofirefc.com. Match Recap: Chicago Fire FC Earns 2-2 Draw against Toronto FC at Soldier Field  chicagofirefc.com,https://news.google.com/rss/articles/CBMiswFBVV95cUxNbnY1SENJNUFTYnRPaHdYYnNvaWdFVFVRb0hWUmRGcGJqNHFOekxvVHA0RUJoR2hlZ0N4Q3dRNUJuRWhtRmc3X1p1WUJ1eEZ0ZzB5OEhrVTh5aElVTDR5T1huZDloMjY5T2lpRmJYWXVMcDduZnJnSDJpcy0tSDlrMHFtbkNxVmNoNTVEWC01YVVfTFpiWWk4VkdwOFVKNGZKTDJpT3ZqTVFkM3lIT29wU0dFSQ?oc=5,
rss_google_news,"Fri, 20 De","CF Montréal 0-3 New England (May 31, 2025) Final Score - ESPN. CF Montréal 0-3 New England (May 31, 2025) Final Score  ESPN",https://news.google.com/rss/articles/CBMijAFBVV95cUxQRjNMeHNlUVNWSU1ESlpaNmM1ZVdyVFlBOVdNWlM4OTlzUDN0dlY0M1AtSy1OWHZRVFZtR0U4c0RvN0tuUzYwb18zbWZfdTNzYUFESUJtR2FfVENqN1ctdFZuZEhSdWRxU2dxYnl2X3dJY0FMVXlrUXRiaThvbUd1OE5fRlFySXZacHhMVA?oc=5,
rss_google_news,"Fri, 02 Ju",New England Revolution Group Tickets - revolutionsoccer.net. New England Revolution Group Tickets  revolutionsoccer.net,https://news.google.com/rss/articles/CBMijgFBVV95cUxQT2puRFM3eHNXWHhQUFRyS2VISlluanJtWHNobDV1NWF3M2VSaFFxS002eWxPTGNXRXNiSG9SUTJoSER0N2VGSzFvd3JzQUZuNzNjdkJkM3RBdzltZkpta0h2SUNidlZSQ20yNDRGaHYxTHJwZTNKaS03QzBGNzZMM3k5OW9Ob0hUcWlFdjR3?oc=5,
rss_google_news,"Thu, 15 Ma",Centreville Bank Stadium aims to draw more than just soccer fans. What RIFC officials say - The Providence Journal. Centreville Bank Stadium aims to draw more than just soccer fans. What RIFC officials say  The Providence Journal,https://news.google.com/rss/articles/CBMi_gFBVV95cUxNbk9seHBuLVMzWTVqYUhLY3B1eW42WHlEZ1pRdmtvdUVETlQycG0yc3JFZmxJQTBRUGJzMUhkZjVBZW1wTk9QRmxFQ05BR0N1ZmVTcHBKdzEycjd6TjhycUo0SlB5RFMtcWYxaFB3bTQ0NmxTYzlEMXNJd2o1elE2STl3MWR0SDFaUzN2SHM0THlnLUtkMzkzT3E0R3Q0dFh5OFNudjUxSzI3SFpTVm5Xd3dYUGFIVHVzTXNXWGNIYXRqMGFXNi1MbmRnZFNHZkdsbVAzaW95VExzN1pEQUxfX0xxRHo5SVd1U3lyRWRaSTZOZ1BfVXdOWWdMbFhjUQ?oc=5,
rss_google_news,"Wed, 17 De",Revolutionary Work | Fan engagement supervisor Brendan Flood building connections one interaction at a time - revolutionsoccer.net. Revolutionary Work | Fan engagement supervisor Brendan Flood building connections one interaction at a time  revolutionsoccer.net,https://news.google.com/rss/articles/CBMinAFBVV95cUxPRWF0a3otU2VHZEM2aWxrdnFQTWF2RFc3RW5fenVsUTRHbXZVWlI5LVh2cDkwSFZubmwwV0xZZDBRTVVJdmVGVjZ0SGlOU3FIdlZjeHA2UTUtZl9VQjBqVktjbFVmNVdYMkZuZDdTaFhGQVBUZ0N0UTVlUUstWno1b21SWFlWZnhqaDhnZHZGV2k2ZjJSWUtBN3hzWGw?oc=5,
rss_google_news,"Wed, 25 Ma","MLS stadium wave reshaping club economics, fan experience - Sports Business Journal. MLS stadium wave reshaping club economics, fan experience  Sports Business Journal",https://news.google.com/rss/articles/CBMitgFBVV95cUxQYndtTkQ0RGlZMjVGTmRlZzBuaFBENk01Q2phTGxiU0xZYlVDNktoZFRSUXVZWHlJbVNRVTEtMHk3SXItSm15RkxOX3ltdTh5MHBwUEdwX2pHa2FRN2N1UEVwVUgxQ19LcVNBSDB4cU9YM2lsYklxN205a2RnbDBLVDcxN0ZybFpwaHpvMm9JN2VfZ20zN0JHQzFXSFZndEZXUmNhU1dSRmwtTEhhdFp6UzAwWGF0UQ?oc=5,
rss_google_news,"Fri, 09 Ja",USA: New England Revolution closer to a new stadium on the Mystic River - StadiumDB.com. USA: New England Revolution closer to a new stadium on the Mystic River  StadiumDB.com,https://news.google.com/rss/articles/CBMiqAFBVV95cUxOcU44STFXSTZsY2ZUMllmeHJtWndLRFF6bWRFaUF3bVhFMHdZbDl0Y19fQzd2VllJbU9Ra0xGc0tfZkhydVhsMmpIaE11QTAxUUpoUm9LTDIzOEdCdndFUGY5Y2k1djAwWUpHVG1BTlBzanljcUw1OERNbDRPSFpzS0pPTFZadVltbXJkeWhrTHMzOG5vX3NyV3NqZ28td0xHWktES3dvd24?oc=5,
rss_google_news,"Wed, 09 Ju",Revs partner with Más Latino to broadcast 2025 home games on Spanish radio - revolutionsoccer.net. Revs partner with Más Latino to broadcast 2025 home games on Spanish radio  revolutionsoccer.net,https://news.google.com/rss/articles/CBMiugFBVV95cUxQTGpGanh3OXNrbndvclE3ZVdYT0d5ZjNRODNwMzNtSWpOQzdwWDRNM2M4SjF0ekM0WmZMMWRUdldrME9BVjdDMVBpMEtRdVdiclJmZGNJcHlvU3lza3dpek1LeVF3dnh1NWkwT091Wm5DaEFUU2ZYTWVvT0lhbmQzSkk2djFFN2RJVE1ZY0dnTHZOOVNYckpPSkxRNkJ0WlhZNndTNFJ3Nm9GMjlvUEEtYzVQcHV4dXhlSFE?oc=5,
rss_google_news,"Thu, 28 Au",Inside Look: Chicago Fire FC fans get hands-on experience at practice as WGN tours newly opened training facility - WGN-TV. Inside Look: Chicago Fire FC fans get hands-on experience at practice as WGN tours newly opened training facility  WGN-TV,https://news.google.com/rss/articles/CBMi2wFBVV95cUxOT1pqblpiV2NvWHMxZWxaM0wydmF6YkNPVkhGalFSeXM3Y29kSUlHYklwV0dDbUtJSDdiWmUtTGVjYlFXWHlJOGJpR0FzT05rYk9VaXo3S244UjR1dXJ1WHFZTks3Tk5mbEpKZjNtWE9QRjBzV0FoQ1g0YVk1ZHZla1BiX3RTUm1YbTZsWGFoblg4SE9QUmZCYUhXUXlqeGdXZGVrdGRyLU9LX29LMERBdjBYb3RhY2JQMURUaThxRDY3Y0YwMm1qYTBqVnNsQ2xua0puazZBU1p2cjjSAeABQVVfeXFMTmlwT3ROQ3hnblJ3X3lha2JoSXFaenBxX1h5a1hzeFlxZ3NieHJXSU1RUjNlT0NHajhVbEl3QXFWbTJ1b0dFcmFRNnlWOGNic29vTi1aWDBWdnlyMTFWbFQxRjZFZkNwQUxUeWh2WjBzZ2JnR2ZuMERzajBhQmJKbGtwM0lfRHJWVWNWcEhzdnBBUVAweVZRamd0TWkwcDBZc2lvV2E4ajhRVWlqRlE1R280My1oLWtUM1ZXUE5ySXhnb0NqekJHWmZFTU9hV0JqTm9TYXdIRzR3dEcwU2lyQlk?oc=5,
rss_google_news,"Wed, 23 Ap","Know Before You Go: Charlotte FC vs New England Revolution | Saturday, April 26, 7:30 PM - Charlotte FC. Know Before You Go: Charlotte FC vs New England Revolution | Saturday, April 26, 7:30 PM  Charlotte FC",https://news.google.com/rss/articles/CBMixAFBVV95cUxOQ2ZWRlpMZlNUcjlMeVdrdFVKT3JTY3lOZXEwT3Zxc0RSc3ZXakJ3Mnp3NFJiS1B1aVVKajhZZ0xWMHBhUEE0cnVHN1hKOXhzQjFubkFraUkzSHRXYTY1T0FTRjhTcl9meXFJc19jQVVpdVNWaW1ZdjlWcjExZ2hJdDVDSG5BREQ3NWZJWHNkMnVvY0kwR05yOE9QMHExNi1PQ1c3UjZzQnZid1lldG00akx1NFdWTGJtS2ZPa2tJbUpmS19q?oc=5,
rss_google_news,"Wed, 07 Au",Sports Illustrated Tickets Partners with Kraft Sports + Entertainment in a Multi-year Sponsorship - New England Patriots. Sports Illustrated Tickets Partners with Kraft Sports + Entertainment in a Multi-year Sponsorship  New England Patriots,https://news.google.com/rss/articles/CBMiwwFBVV95cUxPNmVIcmhaVlllcm9XYjJ0TElHLUduYlVoU1lJN1F5ZDFGY0ZfYjVjQTVpTkRwdU5NVWJsc1UzU1R2VVpsY0x2c0RURnN2alplUFdhQzVhcWFjRjdtSTlpd0dFNWxfVGQ0elRWeVY4ZnVoMEtnT0c4UFJxNC1mUWJReTZma2Fodk1aOF9QMEpmNTJTMGtKTmZKOEExTDBDRWF0X09oLV80MXJfdC1DZExPRktSa0hJNHp0SkpuUVJVR2JCaTg?oc=5,
rss_google_news,"Fri, 02 Ju",The Away End | New England Revolution with Michael Sandland - New York City FC. The Away End | New England Revolution with Michael Sandland  New York City FC,https://news.google.com/rss/articles/CBMijAFBVV95cUxNUUxjWE1MbkJReGo4cEhfOWtBdVhIaEd2WVZCaWdpVmtZT2pibjRpOWFhc29YMGtjV0pKdFVINFZEZ3lxYUlGQzduSm1GVjI2dHRFbDRBWVVyamktdlNFYV80S3hONW1LU2ZwOFNoQmFWQlM3TXhmT0V3UVJMVkVZekpLME5xcWtlU2xNbw?oc=5,
rss_google_news,"Sat, 20 Se","Box Score | Philadelphia Union 1, New England Revolution 0 - Philadelphia Union. Box Score | Philadelphia Union 1, New England Revolution 0  Philadelphia Union",https://news.google.com/rss/articles/CBMiogFBVV95cUxNTnRvVWYzRmtDSWZHRFBaakQ2MHdjR25Bd3Fjb1QtVUhlVzdkTG55S3pZMEpkVFB5eExaZkxhVWE4LUxTd0k1ZEpZQnRIWnpidndXTHN5ajlLVzJkcU5PQkN4a1V2LUxHZWxTNC1ZUnMtOWMwTFpSaUVBZ29naGI5ZmxtZ0JzWndKdDZJbDVvTTRobmlMRmRrR1ZuNUw5TFFPaFE?oc=5,
rss_google_news,"Wed, 14 Ap",Chicago Fire FC Announces Fan Experience Details for Saturday’s Home Opener vs. New England - chicagofirefc.com. Chicago Fire FC Announces Fan Experience Details for Saturday’s Home Opener vs. New England  chicagofirefc.com,https://news.google.com/rss/articles/CBMiswFBVV95cUxNLXlIWU5OVVpyT1JJT3F2YjdHeFFVbVNvc05nbkxHRVdyUUdxVUxITk8xMW5jVTNtaFV2a0xZSW5hUmxMUVdTRlQwbkJBVXQ5RFhFX3BkSDFGX04xbDFEUEYtX2hmTW5uZUJ2YnNBMl8yYTk0VEptWjg1aWRPRnNOUS1JTFYta1ZpY1ZIdjRaNEo2ZEtzNDdRckV4RUFNNU0xQ2JJSlNfOW5heFBqN0xHYnU2SQ?oc=5,
rss_google_news,"Wed, 19 Ma",New England Revolution fans left frustrated due to poor start to 2025 season - prostinternational.com. New England Revolution fans left frustrated due to poor start to 2025 season  prostinternational.com,https://news.google.com/rss/articles/CBMiuwFBVV95cUxOSzUtRkdkZHlXUGx1OWpvTFR4eVdNU1psZUkxZG9palRxdkxnd1lYRm5fS3dYY3BWbGY0bkc5WGRFUmZaaUVEM3A2dVBGUWdraVVVVXZoeVpVTHhFQjcyZ1h6aDlYejl1T1dQOXlyeHBwdXFjbzJpdkpHcUZYaUlzZ25DVm5TYnE2X2M1UVVNYjN4eHdRV1NONDNvbmxpQW1RRG5VY0ZqejNBYVlndlExUWxwVUFjZjJLdzJV0gHAAUFVX3lxTE9TMm9uVWE5ZkxJNk1HeDlJQWJINU9ZWkdUWFhRY0Itbm9tSkMwdlRmVklTQkpxNUpBaThzS2xSaVBoU1UwSVZnVUNiYVpSRUo0QXpsRTIzUEhPZVk5RkRtQnNTUldIQTRfLUdReGZIa2hSNWRVV3dpc0ppTy1VR296eGg4Mk9GYWNpQ2pDRW9NVWhfRXZ2X2pkR184YTFTdGJnTmhGNHRlZFYtTUdDOGFxYVBDRjJ5NlpRS29VVldaSQ?oc=5,
rss_google_news,"Wed, 07 Au",Sports Illustrated Tickets Partners With Kraft Sports + Entertainment in a Multi-Year Sponsorship - Authentic Brands Group. Sports Illustrated Tickets Partners With Kraft Sports + Entertainment in a Multi-Year Sponsorship  Authentic Brands Group,https://news.google.com/rss/articles/CBMisgFBVV95cUxPQW5zUldvdVBRV1V1U3pTdGtlQUE0VkN0ZTVEUXZ1VU5QQ0hOS3NYYkZUalZhdGZ0VjZsdGJKVFdLNGVSa21OUjJqRjd5eVhfQzFJSE1lWE04LXF1TG9nVGhoRmhGWGFId1NHaWUxTXF3eVR3cHk3ZDhaaURwazlGVVdTVC0zS0RfVVFTY084M1Q0MXhsLVpqaXdJU05PVllBekR3R2llVnBvelBVRlpJR2tn?oc=5,
rss_google_news,"Tue, 25 Fe",New England Revolution unveil 2025 theme nights schedule - revolutionsoccer.net. New England Revolution unveil 2025 theme nights schedule  revolutionsoccer.net,https://news.google.com/rss/articles/CBMimgFBVV95cUxNYkNGUTRLcnpxdEo4R3pNMVlHUFRubnVDY2llR19xUEw0NDNoVlNMVWdFZ2lKU0hCWmpGWFA3NU84VUhVTzllZHdEcXU3NkJkTTNEeGc0UGs2ZGhuODBHSzdnVlFuRWJpQ1VGcWFabXV2U2haaFJOQ1IxXzlHOEFxSTB4azBhai1GaEJGb2JGZzd4NnNWT3hiN1FB?oc=5,
rss_google_news,"Sun, 04 Ju",Revolution Launch Season Membership Program - revolutionsoccer.net. Revolution Launch Season Membership Program  revolutionsoccer.net,https://news.google.com/rss/articles/CBMiiAFBVV95cUxNcUlZYXNrTV9INU5jTHZFN2lmQl95NG1mNXZ1dHJLVUgtSHRTd24zbmpSRXkwOW1veHh4dDZLTXBXR2lLNUtrYkJQTGItY1ZhemZBeklOU3V4Mk1HRW5qSG5ISEw5dkRQd1FJTWV5MXN2QWJqVnJyaGwwZ0lQa09obVZGeE1VUlh4?oc=5,
rss_google_news,"Sun, 30 Ju",New England Revolution - revolutionsoccer.net. New England Revolution  revolutionsoccer.net,https://news.google.com/rss/articles/CBMigAFBVV95cUxOMGhQTzdKSVYxbWplS1lJRG9tQ3cwNmFNN01RWXlDR3BzX0ZZaklNVkJSWG54MldtckxzLWIwVHZUTlpDOFlBUjk2cXVpRVNJSVZ3N3dYOTlvOVR0OWtvbHFaQVdiV0NUWkpxRk9INmNCTHNOU1NmTElVNFZMTWhocQ?oc=5,
rss_google_news,"Fri, 10 De",Transformational enhancements coming to Gillette Stadium in 2023 - revolutionsoccer.net. Transformational enhancements coming to Gillette Stadium in 2023  revolutionsoccer.net,https://news.google.com/rss/articles/CBMipAFBVV95cUxQRDk5V3JVUi11a2dXblVOYU9UOXAzNzJKcjVqUmw4ZFk1aXkybkk1Q1BpS0ZEOGtVNHFCOFJoQ2FtTURWOG1xTklaVkl0TEhSemJrX0VzVUhBQnkzXzlTUnEwZExEYVpCMEdqQlNtQ2ZLNWFmTEZvaXdIcGpTd1VHczZ2Mm1oMVNEZ0JuN0R3bVNvNG9uNEpvcHNKV3VLLUhpVDJNRA?oc=5,
rss_google_news,"Fri, 12 No",New England Revolution’s Foxborough headquarters becomes the Socios.com Training Center - revolutionsoccer.net. New England Revolution’s Foxborough headquarters becomes the Socios.com Training Center  revolutionsoccer.net,https://news.google.com/rss/articles/CBMiswFBVV95cUxPTlY0Z3Y1cE1CRXZULVpBY2F6bGd5aEV2eXQxaUVEVjJGaGpHTHdwWGhZd1lmX3lzZ1dsYUxlN25PeHFQYU9BWWxpWW9zVGpqU3dYZEVvVmhGb29PbTczUmhxVVA1N3VZdXZhdEZWTk4xbmpFWjM4ZVVfOHU0Y3Q4S29UZXNzRjlMb1pnMXd2RU4ySS1mRWtBR0loSk1GNGtMVmM3dEtPdmRjNWNCYkJ0U0pvRQ?oc=5,
rss_google_news,"Wed, 16 Au",Revolution awarded “Best Fan Experience” in Boston pro sports by J.D. Power - revolutionsoccer.net. Revolution awarded “Best Fan Experience” in Boston pro sports by J.D. Power  revolutionsoccer.net,https://news.google.com/rss/articles/CBMipgFBVV95cUxNWWtVWVQwVzVnTi1HZ0pfVU1fdGp6SFZEVDg3ZG0wNmdGN0ZQRnFyZ1ZnTDNOR1NFdG1FWWMwckx5Y0RXclBUT3F2OUlhLUFudFNRMi1Ua290elVINjRYUlhGX09EaUtOSlc2UUtZcDM2TW8wVEhSZDB3ZUFfRl9OMUJHUzlIRk5LMFMya2xabHB1by1XMjFFZnV6bVF3bjcyQ2M5X1BR?oc=5,
rss_google_news,"Thu, 09 Ma",“Feeling that support felt amazing” | Revs Unified Team celebrates 10 years of inclusion and belonging - revolutionsoccer.net. “Feeling that support felt amazing” | Revs Unified Team celebrates 10 years of inclusion and belonging  revolutionsoccer.net,https://news.google.com/rss/articles/CBMinwFBVV95cUxNN09sZFYtNktYTnJVQlF3djZTZUk2SDVIbDdVZlBzTVhtSDlYaHRIRFRnRXZ2LWs5UmtKRGNWbFlQNGVHbVNDb0d6RnRJSDE0Nm54UHhSb0IzYlM0TWpKWjRweGs5ZERYc000a0tBVkxBVVN3b0pSS283cFBmd0xSWFNxTEI2YjVidHVBXzl1OVJLNmhLWktUZWtCZ3NPRzA?oc=5,
rss_google_news,"Wed, 01 Ma","“They bring confidence and experience” | Revs boosted by recent additions, eye more in summer - revolutionsoccer.net. “They bring confidence and experience” | Revs boosted by recent additions, eye more in summer  revolutionsoccer.net",https://news.google.com/rss/articles/CBMipwFBVV95cUxQaDg0bUZtQ3F2bG5yb041ZzNmclJwamlQOVdSMkZxb2VSQnBBYlhEakRpNC1MQk8xX0pNdnItaGV4LUljajVrNEFxcjVBR1lXTHRueEwwcVdRcWNfVlpMWi1ya29vQkp2Yjk0MzI3Ti1MdTZKMnhKY2F1T0ItdkQ0b0MxRWpUNzRQNXFDRXY5WjRjUjlxb2pUSWhBX0w2Tm1xUi1jcW5sYw?oc=5,
rss_google_news,"Thu, 27 Ju",Revolution announce Audi as Official Luxury Vehicle - revolutionsoccer.net. Revolution announce Audi as Official Luxury Vehicle  revolutionsoccer.net,https://news.google.com/rss/articles/CBMijwFBVV95cUxPMXBiWmJGZjFqNzhJTU1hZUJIMndrVERTVkxHaGp3SUpnZ1FZZkxJV2RUc1JJVGpMRzEtQXBiaS1aSDRNLTNFVDVmWWQ2NVNERkM1T3BOSUVwVlUxNUZfN0w5Sk9ZOFd0Q3NCNWI4MEh6ZnNKOWFvNlQtNDJYWFE1elJJZzNERTZPaUVfZzcxTQ?oc=5,
rss_google_news,"Thu, 20 No",Major League Soccer and D.C. United Announce the 2026 Schedule - D.C. United. Major League Soccer and D.C. United Announce the 2026 Schedule  D.C. United,https://news.google.com/rss/articles/CBMilgFBVV95cUxOaXVmdlg1Rzd3eV9pMUc5UzBOQWVOc2Z2bGdyTV9DeENoLXYyazBxMVAzSkRHa0lSTnppWThMVTVyQktDc051cHQ0anhCTnNIZmFSdnVBcGNrdDBMdERIb1U3ZzJkSU9UaWJjWlg3djI0NWpYNndIVjNKNVV0dUdNQzVadFR6MFNFOV9CaW00UUZ0M3FGaGc?oc=5,
rss_google_news,"Thu, 11 Ma",Santander and New England Revolution Extend Partnership - revolutionsoccer.net. Santander and New England Revolution Extend Partnership  revolutionsoccer.net,https://news.google.com/rss/articles/CBMimAFBVV95cUxNQTJPaERsVVVMeFRJMWtTbzhRX1M5Q2FnTnBORENyNUtsY25YLWh5LXE5V2d1YmNta1dCajdsQUhPZHR1S3BscGo2cEtDeDl5TFlkeWJINTRlLUc2MTJQUlZsckJJMlFKU0owVXY4VmFsdGNTaUhpV3VvdGxaM3VadTRGT1d1enNHTjdVSXFQVERtRWNRYjh4aA?oc=5,
rss_google_news,"Fri, 12 No",Socios.com Enters NFL and MLS via Trailblazing Partnership with Kraft Sports + Entertainment - New England Patriots. Socios.com Enters NFL and MLS via Trailblazing Partnership with Kraft Sports + Entertainment  New England Patriots,https://news.google.com/rss/articles/CBMirwFBVV95cUxQOVJsUEFfRXp6ZVBENTZ3WFpaVFVoaVl5S3NBZHVENjY5TkdLRkllbTdpa011Mm81UzZTZGhTUXJ4RnMyaDMxMWVZSWhtS2ZDbTZpdlI3Mm9kMElRVVB2TEtrekNMaUFnSGxlU2RtdDIxTGoyaEpBbkdBc19YNVBVZzNyWkxQU3FFQXgtRzhLZXVYdHRyb1h1M0JwOEo0UTdxcEpTY2ZDakZ5RVR2QUJv?oc=5,
rss_google_news,"Fri, 26 De",MNUFC Acquire Tomás Chancalay from New England Revolution - Minnesota United FC. MNUFC Acquire Tomás Chancalay from New England Revolution  Minnesota United FC,https://news.google.com/rss/articles/CBMijAFBVV95cUxNdml5SlREWFZ3cXEyR19MeUUxV1FZRVpDUm8zZkdIeWtXU3lsd1kwajJfYkJ3QVRHeDBrRm9uRVM3N3Y0djFnejV3RnV4a3lvUGxQdW1US20tdVVoMUZsS1RpUFZHSTBaSk51N1NyeHVQSmdDQTlxSmtoRThyLVdRTUoyVXFHTG1udW9QeA?oc=5,
rss_google_news,"Wed, 21 Ju",Gillette Stadium and Anheuser-Busch Announce New Field-Level Premium Space - New England Patriots. Gillette Stadium and Anheuser-Busch Announce New Field-Level Premium Space  New England Patriots,https://news.google.com/rss/articles/CBMipwFBVV95cUxQdGl6NkNrZnE1MkFEcEN2ZXIyal9fWjZpYXI4U3RsdnZabGpkZkpiNGZfa2c3Wm9oNl9EUW9fV3V4TlVjTkxiTmtTS2dwNkxPZFJOU2Y2VVdEZ0JHVnZNSHE0UjljYTFQNm5sbW5jRFJENXBPSy1WcE41NWZnVlozUmtIc3VCTDAzQS1DbS1IbWQ2cjJHNEU0S1pOUXIxMVdxLThidkNlOA?oc=5,
rss_google_news,"Thu, 22 Fe",FC Dallas to Open 2024 MLS Regular Season with Evolv Technology - FC Dallas. FC Dallas to Open 2024 MLS Regular Season with Evolv Technology  FC Dallas,https://news.google.com/rss/articles/CBMimAFBVV95cUxQYzZ6UDdEQmpRb3BTOFYtUkJGamFodkhMZFY4dy03dmxTNy12UzBST0dhLUtLcGoyUGZwbWV6SklzdlhDZU5aMlNDYmw5UlBUZV85N3JHY3dHb0liNkpDM0hVQmNEMXNtZmxIcUl4Y3hvMWZ5ejZGbXUxY1lwcXphR0ZFSUdCZmxHcUpudVhIWDl2TjRhUTkxOA?oc=5,
rss_google_news,"Tue, 05 Se",JetBlue Scores Big as the Official Airline of the New England Revolution - revolutionsoccer.net. JetBlue Scores Big as the Official Airline of the New England Revolution  revolutionsoccer.net,https://news.google.com/rss/articles/CBMinAFBVV95cUxOZjU0T3NTZGZJeTc5NFN4dTFUd1QxbUV6SUJnSkEyRXo1V0pDYzM1Y2xlX293c3VfZ2RpV19KdlVNem5Ib1dka2xOSk9YcXdrOXNmNmxUeGRJaUNqTnBURmdDSlVESzhPUWdKcE5fVkx6RkhWaWg2eVJmaXoxWGFvZVRzZ1FWU1J5cmxKUzRxSG9SbGVCRlpiY1VuRVc?oc=5,
rss_google_news,"Sat, 28 Fe",Philadelphia Union Announce New Additions and Upgrades at Subaru Park for 2026 Season - Philadelphia Union. Philadelphia Union Announce New Additions and Upgrades at Subaru Park for 2026 Season  Philadelphia Union,https://news.google.com/rss/articles/CBMiwgFBVV95cUxPdWRlS242bFZRak15VHdYVkxRQldVaEZ1cWdXQVV0dFdMeGsxVFpSeGlYOHN3TGpRS09QV2JqZnJLT3kxTEhBRVAtQi1ZaklONGw1bGVCM19kN0k5QmtSUXlHOS1DOUlRWkxCQTY2ekoybGpnWUF2NjRRQUxMRUctamdzWmQ4NmxkQVVqVlgxRVlNd25tTnFNYi1hdl9mR2E5aVp4d09FOVRUYUFuOEh4OEhaZjBPaU04cjh5dHhRVzBCQQ?oc=5,
rss_google_news,"Tue, 17 Ju",Philadelphia Union Announce Partnership With SeatGeek - Philadelphia Union. Philadelphia Union Announce Partnership With SeatGeek  Philadelphia Union,https://news.google.com/rss/articles/CBMilAFBVV95cUxNMlB6b3lTdlcyY1VpM19tX1JaemN0b3VJVktSNDVUc3M0eThsNDlpVWt0ZThlWXRlMUt5NlBURFkxUUdLTEw4bE1GRV9sb3ZMbThJbzIzallMTjktM2xSTE50QzZ6SWpZWnByS3F5bkxTQmpUTzc3WTlNbjJ5d2ozVmI1aE9McldiRGJyUkJnd3EwR3VC?oc=5,
rss_google_news,"Thu, 02 Au",Gillette Stadium revamps concessions - revolutionsoccer.net. Gillette Stadium revamps concessions  revolutionsoccer.net,https://news.google.com/rss/articles/CBMif0FVX3lxTFBucVBvVmNKbnItVGQ4OEhvTGR4Q3RxOXRRSFdNeFNPZmpoN0pjY2FlOGtCdDVwa09MQi1rejRJdERxa1d4LWxzcEJYbkFOOFRGMGx5NmN3RDA4cUFmR0tLSHR1NGM0UWFRTEc1UVJJRUhJNzZNelc2bkkzdks0bUU?oc=5,
rss_google_news,"Tue, 11 Ju",Gillette Stadium Officials Provide Update on Stadium Renovations and Improvements - New England Patriots. Gillette Stadium Officials Provide Update on Stadium Renovations and Improvements  New England Patriots,https://news.google.com/rss/articles/CBMirwFBVV95cUxObTlQdUF6NmQwS3prbURsdnVmLVRRRDdiSzdUNmlMVHQ5TjNPWHlQRkR6SEt3WEMyamlQa0hUQXZlclJKZXFJWDAzdHk4aUw1QURsWkxEM2lmaVJaZF8xOGlwWV8zcW1ZRFFTb0xrTkExNThXWWxmZjdrUE9VdTFoRUszWThDZ0ViUnhEZzVvbHpnb21MblUzU1pSbmFMclFrVzY1REZOZ3g2TG5OMzdv?oc=5,
rss_google_news,"Wed, 26 Au",A Winning Atmosphere: Attendance at Gillette Stadium up 20 percent year to date - revolutionsoccer.net. A Winning Atmosphere: Attendance at Gillette Stadium up 20 percent year to date  revolutionsoccer.net,https://news.google.com/rss/articles/CBMiqAFBVV95cUxNbXhrcVhjUG4xUUhRMnBPQzVhc0dZMEc1UTY3RkxoY3AySU5PX20xRzlOeUMxY3VvZmEzcTNHNmZIektIcXJXZGY0bWZ1SFhlXzRtdHgxQzhndEtYMkZ1aHMtYlBJdGpCX3ZlRzJUT2dQREh1cV9oSV9VaXp3c28xblAtV0plTHo3ak5FZGFqYllGSzQ5dU9kcTVLMk1VOVZQQXNHUmhFaTg?oc=5,
rss_google_news,"Fri, 07 Fe",Philadelphia Union Announces 2025 Promotional Schedule and Title Partners - Philadelphia Union. Philadelphia Union Announces 2025 Promotional Schedule and Title Partners  Philadelphia Union,https://news.google.com/rss/articles/CBMirAFBVV95cUxQeVBVRTY3Tk1palBYT01TZzh0cFpGRDhzUlkzbnZwY1Q1b05UaDRIaXU5ajNRN0xZaWFHbk9DbDNKdVNIN0hTeV91X1A5c0ZtUGVvMENOWTRBSEVNTHUwaFNCRWMzZnc1bGtXemZOSGhGT2U2WTVPT0UyTUpVYlVkOHRybF9Ib2N2dXdnbFc5ZmVUREI1VnJDS1ZRVWVrSDFUb0M1OGRldE9ON0VG?oc=5,
rss_google_news,"Tue, 18 Fe",Columbus Crew’s 30th season to feature engaging Theme Nights at Lower.com Field - Columbus Crew. Columbus Crew’s 30th season to feature engaging Theme Nights at Lower.com Field  Columbus Crew,https://news.google.com/rss/articles/CBMiswFBVV95cUxNTTNyNEwyMk80MWFyRklMbEdhR3dsMlFoS0pKX1dXa0xvY05xZ0RiVi0yWlRGZnF6TVZpNVU5eWV1OGlNb09OY1BLWWdvWk9OZ2F3eXRNOFg3bjlyY0s4elM0VzRRS3pZNkFPWVFfaUZkWGk4a0dEb1dKNlM3TlQtaG9Zd3JYbTZoZG16bHNrN2l4X3lvaXNmTTRwckhndTZFcngxRnRnaUVQQ0cxbmtYOU9Gbw?oc=5,
rss_google_news,"Tue, 14 Ju",Santander and New England Revolution launch 2016 Santander Soccer Scholars Program - revolutionsoccer.net. Santander and New England Revolution launch 2016 Santander Soccer Scholars Program  revolutionsoccer.net,https://news.google.com/rss/articles/CBMiugFBVV95cUxNMk5DcXVnV3M3Z09YcGJiWkE4S0pSOUdzcmVOX214a0JvcUI3eHZsOGc1Yk03RjhlaDBPNEhvMFpsbGlKbTcyWVdjcTNWckFrUzNrajNmVUMwT094WTNGVkNhSk9KT3hUb3lZOHMtS3VOTmxkeEdOX2RUdWJnNmczcWtYTU5rbEhrdEJJaTRCXzV1TUxmRndFODNMVS1QUk9sZDBZSG5DRV9MTDQ3SHF5X1V0VllCOHkxclE?oc=5,
rss_google_news,"Mon, 04 Au",Matt Turner brings USMNT experience back to New England Revolution - MLSsoccer.com. Matt Turner brings USMNT experience back to New England Revolution  MLSsoccer.com,https://news.google.com/rss/articles/CBMiwwFBVV95cUxOdmZaVmF1QTBxaXJ6RWw5T20tb3NmT1c3dUxoc1lSSmxHWGozQ3pzY056MUxOcW10LXFac1JMN2F6RndFbEY3SFZEQUY3SDFWMHF2UWk5TFhRNWd0Y1UteFFNMlZqT0p1VXdnamtlOEtVMFNGLUVEcVBHNWp0SVEySWxtYzhqRzBpSEVOZkY3OGY2MnZsUTFOMDYxNnhhc2hHR1J4dkd0aGtjTVpWb2xTajVlTHVVeDBZUldldFBRZFVzanc?oc=5,
rss_google_news,"Tue, 27 Ju","Timbers To Expand Seating Capacity For Sept. 16, Oct. 14 Games - Portland Timbers. Timbers To Expand Seating Capacity For Sept. 16, Oct. 14 Games  Portland Timbers",https://news.google.com/rss/articles/CBMiiAFBVV95cUxNZEFUdmNvNndreUxqYmVvUXNmOV9oelFtc01YWWt3UGVzcU5UbW9STXNKTWVSRDNIVmFremJiMXBFUlNLUjROVXMxWVlndGJTbTQybUZYaWxJZHFVc2tVdThaWTdOdkRQY21vMGxBMnJfeFBEM3FBeHFTbGlWMWgwUWdLbjFkU1ow?oc=5,
rss_google_news,"Tue, 01 Ma",Chicago Fire FC Announce Promotional Giveaway Schedule and Fan Experience Updates Ahead of the 2022 Season - chicagofirefc.com. Chicago Fire FC Announce Promotional Giveaway Schedule and Fan Experience Updates Ahead of the 2022 Season  chicagofirefc.com,https://news.google.com/rss/articles/CBMitgFBVV95cUxPUFNpU1pNX1FpNk5pSS1kaGdCbHFNX084V083YUVLVXM1anBJOTdWSmhLNlltRHVhemw1OTlib2pqSk01SFV4VExJTXpKV0ZnN29HRUF0VXdsWWhBVnoyS1plYXB0RUdTVTN2UnBvRGxEb2VKb0lYQWJ5MmFRR3Z5eDhVd2FnakpLdTBTX2lLQzRIRW1jaTlQeVlpSGFDMHNDOVZqZzFkZ3VNdV9meU5TWXNGYXNLUQ?oc=5,
rss_google_news,"Fri, 25 Ju",Columbus Crew announces matchday experience details at Lower.com Field - Columbus Crew. Columbus Crew announces matchday experience details at Lower.com Field  Columbus Crew,https://news.google.com/rss/articles/CBMipwFBVV95cUxPNDJQWGdveHA0WHZMQ3RqY2NRUGp0MU9ndGxsMS1ra19hUkJ5VnloaU40XzN6Qk9CTzRSRnNGUFByczNQcVZSSUZxNXc1d1VPcFRBZUt0TmtWUllwRXFWVXhJSXZENFhqNzcwVm1YUkF6eHhGbWRPQnU3dU5JNVZWMUZDdjhqSHpZbDgwc29acjgxYzhMckN1aFBoWFYyUzRrWGtJcVlLdw?oc=5,
rss_google_news,"Mon, 04 Ma",Best of MLS to face the LIGA MX All-Stars in the 2024 MLS All-Star Game presented by Target - revolutionsoccer.net. Best of MLS to face the LIGA MX All-Stars in the 2024 MLS All-Star Game presented by Target  revolutionsoccer.net,https://news.google.com/rss/articles/CBMiowFBVV95cUxNTFhuTE9ybmZpXzc4WVFsUGYwOVhFcUlRMXdROEZDUHRsQlRRaUhLRlZGcDh2MzJCWFpQcDZQX3JCdHBzWUxYdUxEOGlGOElfbVpKcy15angzZGhiemZrckk4U19iZzQ3dFVlVUhuVm1mdkpEc1NqT1k1VGVteFh4OWM0QU44TmNxRnZ5VEdDNW1rNTNMSjNUbEhVVzFTUzhBOGYw?oc=5,
rss_google_news,"Wed, 26 Ma",Gillette Stadium Upgrades to HD - revolutionsoccer.net. Gillette Stadium Upgrades to HD  revolutionsoccer.net,https://news.google.com/rss/articles/CBMidEFVX3lxTE1uc3hyUTZzVTBoNVI3QnpZQkdzRVlDRmNSMjhodExiVEFvUVhaazBSanlRTnVjYVVHWlpIUEVWRklYeEUtSHRIMUQyTjgwWU83MDF4UTYzaFBVanNoZjFCTzZMSXc5bEVJQW5KSmEzQUstUlJW?oc=5,
rss_google_news,"Sat, 22 Fe",Austin FC - Austin FC. Austin FC  Austin FC,https://news.google.com/rss/articles/CBMiVEFVX3lxTE1aZXMxLWppQWNqU3hGeHh6ZGQybVE4ZC1iMkYwc180Z2Jmdm1rbWVNcWlqRzdVeXdudnRTblFFMnlpenI0U0Z4NUxkajRNd2NzcXlBRw?oc=5,
rss_google_news,"Tue, 17 Fe","2026 Group Nights Announced, Featuring Exclusive Group Rates and Special Activations - Inter Miami CF. 2026 Group Nights Announced, Featuring Exclusive Group Rates and Special Activations  Inter Miami CF",https://news.google.com/rss/articles/CBMiuAFBVV95cUxOQmtxUGpyM3dmRDlESTBSSWd5QjdzWjVMbkpqRElnSUYtUk5TUUtTUnl1TVp5akwtYnRETnZjc083ZUlKLVVVZ3ExT2FWQURkYWpWbDRJcURHbmtiRUJzQmZjVGhEb0U3MFBQY0FQM0RJOHBMMkV6YmR5OThQeVFLNXhYSS1Cb0xQU0MtTzkxTUEtSmh0a0tTTTFNejZ2ZU9Sc0tQUm1XcWJZUE5OWDFjQ0pENlBrTjJh?oc=5,
rss_google_news,"Wed, 16 Ap",NWN Named Official Technology Infrastructure Partner for the Kraft Group - New England Patriots. NWN Named Official Technology Infrastructure Partner for the Kraft Group  New England Patriots,https://news.google.com/rss/articles/CBMipAFBVV95cUxOc3BQdnBtajhqelM4TmpyVVVNYW9zemU0ZlJJbEE0NFI4ZVJXSHZqS3RUVGFldWpzRW9WeThNcXRFYnhRaU1jVUl0ZmlMeGVJOWhwckFYeDJfbGRqYnZtUU9EVW1CZXZEbkJibEZ1bXlxZVpuc0ZWbUI4RmgzRUxSdDJlSUdlMncxb3Q2UUdhdi0wbEdwVjRjZ0dzc0txRC0yR1NvTg?oc=5,
rss_google_news,"Wed, 13 Ma",England vs. Costa Rica & More Power Orlando Soccer in 2026 - Visit Orlando. England vs. Costa Rica & More Power Orlando Soccer in 2026  Visit Orlando,https://news.google.com/rss/articles/CBMibkFVX3lxTFBkSDAxcUQ2NXlFcm5CMVZLX183MjhFbmh0S29OaGhOazlxemhudlA5NS1Ua0VaRG5WZFNJb0szUWRhS19XTEhTUGZqWEQtTFZRVkhlM094cFVLdzdiY1JuZWxveEF6dHktbzNCUTdn?oc=5,
rss_google_news,"Tue, 29 Ap",Biometrics Could Change How Patriots Fans Pay at the Stadium - PaymentsJournal. Biometrics Could Change How Patriots Fans Pay at the Stadium  PaymentsJournal,https://news.google.com/rss/articles/CBMimAFBVV95cUxOTEtZRHBNamk1b19VUUU0NUhnQ3g4UDlBcFhiNjJDbWM4WVJhVmZ6TU9ReDBaNUlHZWs2aGRhM3ZZRm9rRmtZM2NsSkpqcXVkd2RsdnRyZXR0SWM0V2Y4MUs0bTFZbURjVy05SGNuMHZQODNGV1d3SXlpWDYxMnIxay1MYW5aN2JfUGNycjhRU29YbXRWc1BlN9IBngFBVV95cUxPX0pGN2JOQnV2OHFjSXYzcWVSZFp3NnpHdzlWNTQydTlFTWJyZFdjUkR5dXR1ZkRPOFhLcTQtS0kzT3RkbDdyMEZuNDhwaDNPRWhlN3M4SjJFQTRLSzd3Z1pzcmwyX2VSQlBLckJ5Tk5HRDlhRWtzZEp0cUN2TzVCaVlTdDlKTEtMY3V5Zm1zS05obmRWV1E5RjNfRnNRdw?oc=5,
rss_google_news,"Thu, 07 Ma","World Cup 2026 stadium guides: Welcome to Boston Stadium, which… isn’t really in Boston at all - The Athletic - The New York Times. World Cup 2026 stadium guides: Welcome to Boston Stadium, which… isn’t really in Boston at all - The Athletic  The New York Times",https://news.google.com/rss/articles/CBMingFBVV95cUxQaVkxcmJ4aE9EeHJ6anVTY1hucThFanM2Vk1aZGx5Snh0cmhRSDdDb0lIRlhwelNieVZaRmxNRWszcWIzUHVfUzlfZkZ2S1F6Zm5kWkJrUWtmWUF1N1lodV8zNjhnRm1fQm1YQ3NiR192Ri1WWmhyOUdUUlVRalFXeXhhSlBnQmVIZjB4cmFsRzNyNXQwMWRPZXpUMTNtdw?oc=5,
rss_google_news,"Sat, 03 Ju","Evolv Technology to Provide a Safer, Frictionless Fan Experience at New State-of-the-Art Lower.com Field, Home of MLS Team Columbus Crew - newswire.com. Evolv Technology to Provide a Safer, Frictionless Fan Experience at New State-of-the-Art Lower.com Field, Home of MLS Team Columbus Crew  newswire.com",https://news.google.com/rss/articles/CBMirgFBVV95cUxPV092ZmotaVNzcGNMd05wcHFhT004OUlFMWw3cGY1allzM2ZSd2x0bkJ1bU9hZmJyMjY3VnpzQmpoWmFyRElhSDl5LXdEeWQ5V1FBeFdDRVhHVVJRWnBWVGZrNHVaT0lvWUR3dHQzV2FtU3FWNkZ6VzAydU9oVEMzR3dHLUtKN215TWZRaENaWXZKdDVnbEtnbjZsNnFtdElSNndGZzFseFc0OFhZWVE?oc=5,
rss_google_news,"Thu, 29 Fe",Minnesota United Ranked as Most Affordable MLS Club for Fans - Stadium Journey. Minnesota United Ranked as Most Affordable MLS Club for Fans  Stadium Journey,https://news.google.com/rss/articles/CBMiigFBVV95cUxNWTRLU1JKS1lNWmpHYUc1ZS1FcWtLU0FSOExCY0o0cVl1czNTd25LcnBSSFd2M2U5SU5CS2NsbWVnN2tpakd3OVV2WWtkc2VlZ1BOLVBWRUpBSjRVOHp6U0t4REZKYXp1QmJSS1JselVfZ1V6dTJzUXROZFpCdVBFUTRpMnhvdEQtVnc?oc=5,
rss_google_news,"Fri, 07 Au",MLS Reimagines Fan Experiences From Home During MLS Is Back Tournament - MLSsoccer.com. MLS Reimagines Fan Experiences From Home During MLS Is Back Tournament  MLSsoccer.com,https://news.google.com/rss/articles/CBMimAFBVV95cUxQXzVZOVI0MHprUnh5R2hjVG51QVpYMXVvbTlIT3hCSVRkTE1EUVNfeUJyQ1g5Y21KTGtib1ltU1QzNmdkRDM5U3NpUnY3d2N2ekFmMHVGTWJjc3ZBSFZxTXdrWGNYenlCQldudGNMZVFhSl9CY0E2Q1dxM0FGWnRlOVl1clhzeTdha3NwaFFtQUFTZFg1SERGaA?oc=5,
rss_google_news,"Tue, 07 Ja",Why Noel Buck’s return to New England Revolution is a game-changer for 2025 - MLS Multiplex. Why Noel Buck’s return to New England Revolution is a game-changer for 2025  MLS Multiplex,https://news.google.com/rss/articles/CBMiswFBVV95cUxNRWhlUHN6UmYwQmFfUFhIdWhEMWtrMGJ3VUVYUkVSdThDVGctajMwM0lCQzVQQXE2THFLRFd0T3FzUnN6TGZ5WEJaSTR2MXl3aGpoNm5BeE0zVGtIQW13OXF4RGJQNE9QdjdYNGwyV1lTM3FzdHdRX3Z6cHRCX3JEVWNlOTY3RWxaUEwtUldrbHF4ZGlkSzE1MDBMckg4Vk1UVGhUaWpzTXk0RWxMdkZEeDJoQQ?oc=5,
rss_google_news,"Thu, 22 Se",Chain Announces Multi-Year Partnership with Kraft Sports + Entertainment - New England Patriots. Chain Announces Multi-Year Partnership with Kraft Sports + Entertainment  New England Patriots,https://news.google.com/rss/articles/CBMiogFBVV95cUxPZmxaT0IxeTcxcC16ZHhZNVZxYkU0TG5nTGFVSWpGbjNrQzZJY0haVTc3OHBLNTRqTXZsT3hFRXhnQjBBRHZBbHBKRGwwbTFzaWd5dzRhc2dQNl80WGpGS2IwbktuZ1lpdlMxR3pNRTlIUG1HZ0ZIdUp3NTFQd0E3aks1T1RoMllnMFRsUDRaZE9hSFlHOHJkNzBmMWVvTlhtSUE?oc=5,
rss_google_news,"Thu, 11 Ju",Patriots Put Success on Display with Enhanced AV Experiences - AVNetwork. Patriots Put Success on Display with Enhanced AV Experiences  AVNetwork,https://news.google.com/rss/articles/CBMimwFBVV95cUxPUUhHV1dESkpGeXlRVzVJSHVVLXU1SG9NUFNLajlySVpJai01Wkh2cXRzdU9mOTVESkl4RWkyTFdSWU5VN182QTktS3lZaGgzYmhCVm1ZVTV0VnBaa05sa1hLRmVfbzFwNWFQcUpvZVl3am16ejZqUzdZUUhYa0dwMV9lay10MUFmU1czZkZBX2t1UElIQkFSZ3BjYw?oc=5,
rss_google_news,"Mon, 28 Ju",Columbus Crew set to move into new stadium; Lower.com Field embraces fan experience (photos) - Cleveland.com. Columbus Crew set to move into new stadium; Lower.com Field embraces fan experience (photos)  Cleveland.com,https://news.google.com/rss/articles/CBMi2AFBVV95cUxOWlcxR2dHc1ZIcjlBczQtbXpmcXVaR2ZKT1VScXZrYm53ZFJhMVUtZ1AyOXZiTEgxX2ViUEVJUW1QTmc5ekpPMHAtc0tLTjJTRlh4V3hNZ0pWNkN5THNPSlBXM1VwNjI5NUhyRmJPeU5TR3RTeXY3VWU2LXFYR2FjVXYyUVVIMV9EWVcwVUpqZTdmRFNiZEtISW1hc3A3SGZMSHBIZ3Y1YVdNWWNZcWFRWUozeG9YQzRNcERlUkZkSWxtSFRaQUlVTG84cGhPUGZ0cE5KcV9yVVTSAewBQVVfeXFMT3BkZ2I4MS1nazBUdUliWndpMDh6OFhHdVM1WEh4SnlhSkR5cDN5ZXpaLUQ0dGV0QTBxeHVpWElxSy1rQVRNVE50M21CV2lnV3pSTTkwdVA1ZHlQaHVQM3VLQmpKZGVhaUE1QlZFSkt5dWxkUmRPbU0yRDJwY05ZaVE1M1YwWjViRmRjQzc3aUt3c052SnR6WGYwNFJlVVFKeUdPUVdvZzdjOHBJZGdHZXpKUXVtNjc1NnpNam9teWhQMGh6TkZWNmtYcG1BN2ZRUEF5eFNHVEoyazJqUU9KYnRCMlltdFdhQ3hweVg?oc=5,
rss_google_news,"Mon, 12 Fe",Charlotte FC Launches New Primary Kit Ahead of 2024 Season - Charlotte FC. Charlotte FC Launches New Primary Kit Ahead of 2024 Season  Charlotte FC,https://news.google.com/rss/articles/CBMiowFBVV95cUxQUENtblF5b2hwTDU4MnB1ZlJyMFV0U3Rfa0EzYmk3Y09PaGRHXzVhdzN2clhWLUc0bnRPekp1NU9NcmxWY3ZHdDJLc1VXeTVpWk9wbXl6cHNFa05qajZoTkR6MXNEVTlrRXFhYzZCeDdkU0w0NmIzdTB5Um9VZXRFZ1NBVmwwdFpGSUozN3NmYVdSN1JKMEFVNF9XeHdDQjBkUWdj?oc=5,
rss_google_news,"Fri, 24 Fe",What to expect as a Charlotte FC fan this season - WCNC. What to expect as a Charlotte FC fan this season  WCNC,https://news.google.com/rss/articles/CBMi-AFBVV95cUxPdzhPTjY1NlVIUEFEdUw0VXBGVWV6RGE1TGZITG14cHJDQzh5M3BJcjk3QjRVXzd0bVBzeG8zTmFnTXVycGRQY1NKWFFaV3FfdFFxU2JxcXJ1ZUc3V2NpUm5lWFh3YUU4WWJyMVRtNXB1RFVUSU1HdEZpU1RGTzJyWUh6VHhWckdCZS1ub3JpX3h0V3UtZVJKOUF4WmJ0MWtubjJMbl8zWnpYRUttajBxZlRUWVRlSWtoZXFCQTR1SFRCOUd2RmMybGVpYXk0QlF6YUFpSVRPZGNCbktpa3Rqa0VmME4yaFYyR3ZTTkx0LTRJUVVYM3NrdA?oc=5,
rss_google_news,"Wed, 04 Ma","For New England Revolution supporters, it's more than just a game - MassLive. For New England Revolution supporters, it's more than just a game  MassLive",https://news.google.com/rss/articles/CBMigAFBVV95cUxQcHl0M2RaakZvN2htdlZrVFVTVlhwV0JyWEU2SEF5WFhwVjVlQkd5Y2d2d2VIQkdsNjYyeUpObFItdlVxZXNCSlVZME1BYnZJbTBIQWc0dEFEWERYRFJtRUM3Z1dJVC1nMURLWTdsWjFfUUxSOGFzWlRJS2k2OF9lQQ?oc=5,
rss_google_news,"Mon, 15 Ma",Limited edition eMLS Cup jersey released ahead of 2021 eMLS Cup - MLSsoccer.com. Limited edition eMLS Cup jersey released ahead of 2021 eMLS Cup  MLSsoccer.com,https://news.google.com/rss/articles/CBMinAFBVV95cUxPNnFkU2lYTFI2NU5OeHlNaG9NZU0ySHVyZGNlZVhxaURIamE4WHltMXdTUC1aYlhWMUQybjlNRXJ3ZDFJV0x6THUwYW1kQkxwa2phTjdIT2taYmlwWDhRTHUtbjNJMm9CN3E3U3JJcGFLQUdRUUhmdk5BNjRjekFaeHFzYmtLYXJMbW1PeU9MNWhVM1h5LWt4T3pNRFg?oc=5,
rss_google_news,"Thu, 22 De",How The Patriots Use Data To Try To Improve The Fan Experience - WBUR. How The Patriots Use Data To Try To Improve The Fan Experience  WBUR,https://news.google.com/rss/articles/CBMid0FVX3lxTFBwbE5hMFh1dHZmTWhkdDh3RDl3Y29BRlFHZWN6a0d5MEs3MzBXRnZxOUwwQzRVUkR6bm1QR2swaFJwTm5hT3ZrN1J3cWM4bGxMb3NtaGlaMjRvbWQ2V2V6VFM3cGpBdGk2TG9ZZEtuYkczUjFucnVR?oc=5,
rss_google_news,"Mon, 12 Ap","MLS Commissioner, clubs and owners join the All In Challenge - MLSsoccer.com. MLS Commissioner, clubs and owners join the All In Challenge  MLSsoccer.com",https://news.google.com/rss/articles/CBMijAFBVV95cUxNZnZKQUwyRjczWWtsZXlKSmZRcFRNUHEtNktsX1dUamgzOE5vNnNVczlHaTFpRFU3MmNQY09xSUowNWlZVUZ3S2o0bFRTWTJIWlgzSXI0ZnRaT2s1S18xdmFDQ0d0dGNma0VxX1ZyOUQ0d2ZYSVV1WFAxZ282V2MwWUh1cl81OC1vaTRnZg?oc=5,
rss_google_news,"Fri, 21 Ma",The largest MLS stadiums: Ranking all Major League Soccer venues by capacity - bolavip.com. The largest MLS stadiums: Ranking all Major League Soccer venues by capacity  bolavip.com,https://news.google.com/rss/articles/CBMiZEFVX3lxTE9lemwxUUp0dzQydkFCajNEN2NqMDFEaWltaUMzSDA1cEowWG9odThHR0FBeUtOQTlsM1BILV9Vc3VnODRGQzhPQnNiaTNfNWlBQ29Pb0t4c3o5U0xFNGxwTEhhUW3SAWpBVV95cUxOdWc4aWVPYjhyVTNaNklQMDk4ZC1HRVlLb1Bhd3pCRnlXYjlhS1JiOU0tdnlkN3RnZ0ZZM1NKN1YyLVpvbG5jczUzZ21Mbk9DWDVEekVRemV2d1oyUnRmSjV5S0NPWWFLUFFB?oc=5,
rss_google_news,"Thu, 28 Ju",Putnam Investments and The Kraft Sports Group announce long-term brand partnership - New England Patriots. Putnam Investments and The Kraft Sports Group announce long-term brand partnership  New England Patriots,https://news.google.com/rss/articles/CBMirwFBVV95cUxOOXM5QWdrNEZPWER3V21oQ0psUzlCdDl0VlZpYWRWQjdqMkNFMmFJZGNydlctbm5lN0txSHowRDhHeTFPc0tVb3Fqb2pUTUt4b2RBU2c4QmN3S0NpenFMclBkSWJOYzBkbGhEM2J4bTQxZ1BlZURnMnNWanpMWEFsV25TWmNEWnQ5bVJLX25UZ1hnMDRQR1dUU0pzWWkydjRLZmVLckZyZHRoeHp5Tk9n?oc=5,
rss_google_news,"Wed, 12 Ju",The New England Patriots release new renders of in-construction stadium renovations - The Architect’s Newspaper. The New England Patriots release new renders of in-construction stadium renovations  The Architect’s Newspaper,https://news.google.com/rss/articles/CBMitgFBVV95cUxPbWlrbE1CdzBYZVh5b2s3NXBVUEh1ZEhrUWYxd3hHT3k0Rnlxb0ZOMF94NzZ1VkRaTkh6YmRFdnBNWUR2UUc0NDZYaHk0NzFVNmh3N0phd284Wmx4ZmhVLWVUN1l0NmMzcUxtMWM5eXFGNkxCdE1DM3ZzX05UZTdtM2dCYThFNXBtMW5BU0VNTGotYW9obGltbnUzbXNUTlFkbk5JNkloNnA5NHZ2RFFRTjlTTFJodw?oc=5,
rss_google_news,"Wed, 26 Ma",Gillette Stadium upgrades to HD Video Boards - New England Patriots. Gillette Stadium upgrades to HD Video Boards  New England Patriots,https://news.google.com/rss/articles/CBMiiAFBVV95cUxNeTVQZFZjMmJXY21Rb3VBSjJHam9Yem1OcE1mc19DN3FLSnlzUGxvUmg3SW0wRVIxaS1iWlJkcFdQNWd4bldha05Id05zWElOdmNxQmRzdTktUk1Ha1Fpb1h3MHNiS1hGanJkakFlOEEtRlJUeFdtLXN0LWZ4ZEdTeTNiTDk5SDJ1?oc=5,
rss_google_news,"Thu, 02 Au",Gillette Stadium Revamps Concessions - New England Patriots. Gillette Stadium Revamps Concessions  New England Patriots,https://news.google.com/rss/articles/CBMifkFVX3lxTE1DcTNZcF9ZRmhvT3FONG9pNEhiWkVRejhvdlBRZW5nQ2Y1S0xCR0h1Z0o5MGxiLWtEejd4Rm01N3FmNjluaFBXVDRCTVI0YWlkWkg0T19OZzFId2pWSkJ3MHo3d1J6Tl8xc0JPZkxvYk5uSnlIWktGaGRlMEJzdw?oc=5,
rss_google_news,"Sat, 11 Ma",Remembering the day the fan experience in Foxborough changed forever - WCVB. Remembering the day the fan experience in Foxborough changed forever  WCVB,https://news.google.com/rss/articles/CBMirwFBVV95cUxOcFQ0VndLd0hGelZyVkQ1UGNXNWNLT1lxYndUZWYzOXVEWXg4OFBjNVdXQzg3NDRrU1YzUDZKT19TYXgtWHJSdWwwUm80aDFjbS1JbWZHcDZKTWFrQk1qd0VfcUhWc3VESFFwOHZnOVdpeXFQdDVmVG5FOTV4WGtCZXkwRnRmM2RqNTVOMDlUNml1aXN2SW1UaUNPc2JGYVhiVzY3ak12TC04ZC1RTjJz?oc=5,
rss_google_news,"Wed, 22 Se",Keeping Patriots fans fired up - ESPN. Keeping Patriots fans fired up  ESPN,https://news.google.com/rss/articles/CBMiWkFVX3lxTFBVNmE0RlAzZzZVTllzR3NPUHhkdTV5ZFhRNWNLZkRheDQwOXNwWXpGbkQ1WFdjWko3a3EtbHpVNzhNTTFKdTE2MXFKQWpCcTFydGhCbmtQZ0gxQQ?oc=5,
rss_google_news,"Sat, 25 Ap",Inter Miami CF Hosts New England Revolution in MLS Action This Saturday - SSBCrack. Inter Miami CF Hosts New England Revolution in MLS Action This Saturday  SSBCrack,https://news.google.com/rss/articles/CBMinwFBVV95cUxOc0tSNHJ5V0J6Z0ZTMGdseTJhb19LcFpiZVNxbTJ3Y2VRak0ySjlhY3FNdkdFb2NMbTl0dldVc0NxMEc0WXh3UEhKZHVNUHk5cm54eGd1Q2s1aEllbjVWN1NqcGh3TjFHLTh1RFN0NXB4c09RUXJvcUU1VmJxaWlwelNabmRZRURoVy1JWVpFempvOFNaRWZzeWpvelJCdUU?oc=5,
rss_google_news,"Thu, 14 Ma",Recap | Union II Fall to New England Revolution II - Philadelphia Union. Recap | Union II Fall to New England Revolution II  Philadelphia Union,https://news.google.com/rss/articles/CBMiowFBVV95cUxOSDhMN3FKTFJ6UlFfM3A3SS1RMWtrb05XTVBBQnFYQkI3RkE1aURIZ21DcTN6d1NxSjRyR29aWFRiRVp0dk9YOFYwdEF5T3hydWRPZkdVSm96SFVQejA2bEhZa2xMN2U5SDBock10ZU56QVFtRW5NUjMzOWEwOWFYQlBzMkdxcnBUMy03d2s3ZWNwaUNvVkVVMXlEaFFTWEhMOHF3?oc=5,
rss_google_news,"Thu, 14 Ma","Revolution fall to Nashville, snap six-game home winning streak - MassLive. Revolution fall to Nashville, snap six-game home winning streak  MassLive",https://news.google.com/rss/articles/CBMiqwFBVV95cUxPclp1LWJEOTRBWGJfbWRWcjdoMkg3YmpTeV9CM1VkMmVuakMxczhaX01pRktGcFU0UXg5ZVV1WDdTNXh0b01ydmo3UjZxcm9FLXRwNWRlem5WZEdpNzFsSURVaDVRMjFfQ3EtQkItQy16MmFfd29VUl9WRFdXVjlkbTFBVmU3cy1RaGhCcl8xYXdxS18wX05fVDJXVWRXVzBDcVhOUmVVNUxXeDjSAb8BQVVfeXFMUHBaSTVQOVdXN2FDNFBlMzZaRUFfOEtDdkZzYTdoV0VnZ2ktcTlvM0VCVkktVlpqdlFsbjRYTFh5cHV3TkktbC1GQTljZnk0RlV4dWg0WVlESHp2bVpBaTBnLW9VMnF6TWJaSWtoQlR3elZmLVVLS1MxYms3YWk2bXVkR0wxbS1kb2RJVFdTeG1YOHJKRVR0VE9jcHpZZkZId2pFVlQyV2pSNDhqVTZuQ2NCZWQ5Z2p6aDQ3ekRqcjg?oc=5,
rss_google_news,"Sat, 18 Ap","Postgame Notes | Revolution II fall to Columbus Crew 2, 2-1 - revolutionsoccer.net. Postgame Notes | Revolution II fall to Columbus Crew 2, 2-1  revolutionsoccer.net",https://news.google.com/rss/articles/CBMilgFBVV95cUxPRjdRa04tVTJ6STZMYjV1dXQ4N01qakN6VmdBVV85WXRJcGVWLVJxcFpUXzdzUjZGdGNSQ1RYS1JZMnc0VFZqMjJsUjBEZ2xwcHBvYjRpNEkxbDJYVUF2M2FIUkIxNDM3YVBtYkMwcjBFT2tVRVFDdWVrZVJSaTFLck82SWZ0RmRxTmFTbzdHbFFZdGRfcXc?oc=5,
rss_google_news,"Mon, 13 Ap",Post-Match Recap: D.C. United Fall 1-0 to New England Revolution at Gillette Stadium - D.C. United. Post-Match Recap: D.C. United Fall 1-0 to New England Revolution at Gillette Stadium  D.C. United,https://news.google.com/rss/articles/CBMisgFBVV95cUxNczlHR0FPLWxIdzdvTlVHbTcxYzNWZ2otdTNVZGRXMk14TjRsXzhjSFFpSV9yWjhoUWNnbk9WN3RHV0k3eUlBcWpaTURlMmJwNDljc2s5RjNINWVUZURzTEZvbklyRGpBTFdRZTNtZHRuOWNTaXBud3ZFTDZqbGVnTmJiYlIzWndmNG90d1BLbDlpWGVLWXpGRFBMdDkxVVNvVFJZMEdZYklMUEd5N0F0a1R3?oc=5,
rss_google_news,"Sun, 15 Ma","RECAP | Charlie Holmes scores, Orange and Blue drop away match to New England - FC Cincinnati. RECAP | Charlie Holmes scores, Orange and Blue drop away match to New England  FC Cincinnati",https://news.google.com/rss/articles/CBMivwFBVV95cUxOVEVaeG1mWUxpY0ctbnc5YlVxVmRYckRDN0JnNVQ0TnNLdVROSXpOd09SaTlIV1JsTnR2cEpvbElMam1PXzY0b3BrZmlpaHFJTTRtd2FmYlhvM2pBZUJ0SDBrSWJmU21Ua09zWGxKazU5eWYzWXlKakJyR1ctdER1eFFpS0dqeE9naHhfUjZwczMzUTRuV1pCSk1tOWdpOTNNWmhLRUVfcU9idVpVMldrOVdmOVFiQTNTTU02MHBHZw?oc=5,
rss_google_news,"Mon, 23 Ma",Revolution drop road match to St. Louis by 3-1 final - 98.5 The Sports Hub. Revolution drop road match to St. Louis by 3-1 final  98.5 The Sports Hub,https://news.google.com/rss/articles/CBMilgFBVV95cUxQTGdhQVFGdVVDa1htRkRiZWVMQThGbTd5RFZjb3ZVZmNQWFZ0ZHFvVjI5ZEZSZEZfZWNNOTlsVHNXWmFLRnFNSEUtSnRTNHFkM1d3Yy02OEdhem90Mm1paFk4TmxjbkFwQXdDUWNBSkpfWmFMakVCeVlnYnV2aFFWbmZXWTVsamlyamU5YTJaWHE0dHg0NlE?oc=5,
rss_google_news,"Sun, 15 Ma",New England Revolution drop SIX goals for historic result - MLSsoccer.com. New England Revolution drop SIX goals for historic result  MLSsoccer.com,https://news.google.com/rss/articles/CBMikgFBVV95cUxQQi1HLVhzcFRUMlA0cE9PdFJIYkxaRkNuMDkxT2o4MTh5cTgwMG1lZnFid3JMTFYtTGhNTngtRGZQRjMtMEpJQkJtZkZCOVZtQ0dxOGdpbV81Ui1iVEExcXUxeUhfdEo3QVFjNVRNZUNaTWFybTZXREMtcUtSemdoNlJKTjlDQlhLMElpRER5Vmd4dw?oc=5,
rss_google_news,"Sun, 19 Ap",Frustrations rise for Columbus Crew following loss vs New England: Takeaways - The Columbus Dispatch. Frustrations rise for Columbus Crew following loss vs New England: Takeaways  The Columbus Dispatch,https://news.google.com/rss/articles/CBMizwFBVV95cUxPeDFXem1xUkJwZm5ZSXRWVFdlb0NvOXdMMGh6V2xLaDZQY0Q2TWZVWEdUbVU5RzV6cWpRZzN4MlBOeG1EanM2bjJUbVBrbG1MTzRQWEdzdVFPREVNSUxka05FaTRRRW9EdnBlbC1jZjRaTXRnbUlCUE1LZTVueW0waF9PVmJ1UmtkRmEzdlpGaXFXMVU1ZGJ1VXl4NDVYOVZad1NHMzNuOGtNT3J4SkhkNkVVMHlKdi11NXVxVDkwVDA4ZEwxV2otMVZJNGtfWnM?oc=5,
rss_google_news,"Fri, 06 Ma",New England Revolution's home opener delayed - Fall River Herald News. New England Revolution's home opener delayed  Fall River Herald News,https://news.google.com/rss/articles/CBMi8wFBVV95cUxORmdhc2VRU0dVbmt0TVhDRTZyZ3JibjNIejRFSC1rYl82ekt2S2IzX29RM3dFanhUSWtUU18tMi1PbWl0bUNNSUNSd1gxR1NpVXZmbkppQW1Pc196M0tCbnpXVmh2RkJ2emk3OVV4dDE3RjhRV3ctMVpGb2thR0tWMkRBb0N0ajlGTXI1ZDcybGVVbXBoUkF5M0NBSUZyOFR1YTNyTjFZNzJBcDhpWEZGNFFsVnpkZmVfOFR4TWt5RUY0aXBWWjJyRFJRRXFFbkxaMmZxdndpbUV0ajFvdTQ0OVE0Z1l2LUg2a2t0SnI0cm5JVWM?oc=5,
rss_google_news,"Sun, 15 Ma","Disastrous day at Gillette Stadium as FC Cincinnati falls, 6-1 - Cincinnati Enquirer. Disastrous day at Gillette Stadium as FC Cincinnati falls, 6-1  Cincinnati Enquirer",https://news.google.com/rss/articles/CBMi4wFBVV95cUxPc24xallvbW95Yl9NTmdQRG80VXZyUjJyYTZWbnZPcmEwdXBxNmNZWGJqV0Q1emdrNnlaQXp5WkxDNkJIcEludEV3WGZ2dWNzbG5lN1Y2TWdNWEpjd3F3UDRlY01sam1qajMteDBXSXlBbmV4eWFtMEpHUlFDS2s4TFNyOUU3RjE3VFFNMl9FdkNjaENCNE9OcmgxVzV1Z3FRMy1jWU9hYk1LT3VRZ0lTYU1XeUFYYl9CTlY1TlFpSGFhQUI4VGtTOGJtTWZLak1RMUh2UW5LOG1BZkgyb2NEQjhPdw?oc=5,
rss_google_news,"Sun, 12 Ap","Postgame Notes | Revolution II fall to Red Bull New York II, 2-1, on Sunday - revolutionsoccer.net. Postgame Notes | Revolution II fall to Red Bull New York II, 2-1, on Sunday  revolutionsoccer.net",https://news.google.com/rss/articles/CBMimAFBVV95cUxOVFRjNzFZRDVlelM0X0VPdmNsTXVsYks3OThWdVczWlEtNU03MTRWa0t3RFVpWjZjcXdXTVF2enp2dUhkcjJMMjdaQVhZQWhWTTcydFZSYVFHT3NGdkk4c0JyTGpIMTVPM2FkUVNLY2VxOS1OQ1U3cFM3RUxhVEhFQnNsYWNDUWV2Rm9hOUlFSXJwSzhYUHdzNA?oc=5,
rss_google_news,"Mon, 02 Ma",Revolution fall to Red Bull New York in 1-0 shutout - 98.5 The Sports Hub. Revolution fall to Red Bull New York in 1-0 shutout  98.5 The Sports Hub,https://news.google.com/rss/articles/CBMilgFBVV95cUxQUExDUjhTZHo0X3E2TzNaZVNOaDB3b3MzSkNwcVpGd1BjalZSNGNkWnFtTGxkZHhyWEdETlRiR3ZJV2IzZEVwQjA2SGhNVlVRY3lIeFpQYThjaV94c2JSQkgzR1V3MjhwTm5lWkVBOV9PdlZlV3QwR0dEdjBpUGhxMkg2SDZaS1RJSnpnSkozWnV4NEhFT0E?oc=5,
rss_google_news,"Sun, 19 Oc","POSTGAME NOTES | Revolution II fall to Chicago Fire FC II, 1-0 - revolutionsoccer.net. POSTGAME NOTES | Revolution II fall to Chicago Fire FC II, 1-0  revolutionsoccer.net",https://news.google.com/rss/articles/CBMimwFBVV95cUxOWVFOMEdiV2lDSU8xc21XMWFxMnVyRzFNd2VVN1ZlTHpQQ0JYSGpDQUdaT3ZTczQzQXM1OTMwd1Q2MDVpeGJ0aUNBWm1GSElOZjJXamZNSS1aS1JZeUx0elZMQ0U4eDVRdjRvYTBYaFdndVZwakI3R3ZjbHdVV2pXRk9tQmtYTGduTkVGUkFxTmlFT1hxVjliWG5PZw?oc=5,
rss_google_news,"Thu, 29 Ja",Revolution tickets on sale Friday for 2026 MLS Regular Season - revolutionsoccer.net. Revolution tickets on sale Friday for 2026 MLS Regular Season  revolutionsoccer.net,https://news.google.com/rss/articles/CBMioAFBVV95cUxPMGRZanpWUzRaZmMzYmpMZGVPMko0UlZMMWVWWHlHRUh6dFFEaXRTX0ZNNThzSnlzaVJ3NmxtODlSbFZTeHQ0YW5HQlRaSTlybGhhTFdha2FCN0doX2xiSFpJb1hnR01tczhzcS00akNGZ1liN1I3TGpLTGlwUGNTSkcxZXZTbnVDX3RreGpsaUs0ZS1lbG9TNzJ4ajhxaE0x?oc=5,
rss_google_news,"Wed, 05 Fe",Individual match tickets on sale Friday for 2025 New England Revolution season - revolutionsoccer.net. Individual match tickets on sale Friday for 2025 New England Revolution season  revolutionsoccer.net,https://news.google.com/rss/articles/CBMitwFBVV95cUxPVnF3c243MTZ5S0NleTEwSTA5eVhaQjhRdUFrNkgtY2hVTk1zeWRSWGhfc2k5bmw5SzdlZHNNQ3RFR2JBTlpiV3h3MU9VQ1FXb0NqaHV3SHJWV2xjVGxQZ191QWRjZWowVVc3bW9YQTBHM0ktMG91VjNEcGpnZGd5dEVLWVQxRG0xclRpTFJVeVFiZjRoc0NMVGZ6RlRSd2UxcmhhSXZUcWNSRWxrLVZiN245UEZlRlE?oc=5,
rss_google_news,"Thu, 20 No",Revolution announce 2026 MLS regular season schedule - revolutionsoccer.net. Revolution announce 2026 MLS regular season schedule  revolutionsoccer.net,https://news.google.com/rss/articles/CBMilAFBVV95cUxPSlJwdUlaRGV4a21QUFhWMlVGVDFHWTc1NkdYR0VNZkhsdDBaWUVnWXljeFlkazNmTnBud0ZVc05TV0R2Y205aE4xWnZjOUVVc3pTeS1nTkdzN1BOQnh2WG00OUdKZkRCVkcxaEFpWkJKQy04MUt5TnhrLUZ0ckN5bkh4X2NGdkljX01rWnl3eW9sbFBw?oc=5,
rss_google_news,"Mon, 07 Ju",Revolution Season Memberships for 2026 on sale July 9 at Gillette Stadium; available online July 10 - revolutionsoccer.net. Revolution Season Memberships for 2026 on sale July 9 at Gillette Stadium; available online July 10  revolutionsoccer.net,https://news.google.com/rss/articles/CBMiogFBVV95cUxORWdfSVhNTUtqSXgxNkF5dUNpMkI3VDRCQXA4QVJtb0tldjNvQ1dBSm9lbTl6M1JtWTJ2Mlh1OW8wcEZXSVg0b3Y5SDFYNEV6bEg2OHZyNGsxSkdkelRBR0o1dEh5Vm00ZzZVazNOb1RfbFV2RUlLdHdfUnRCVXRIZlBTcEVkQ21WdFdXMy04OHFFOXVkMHVVMHdjSjJOYzJUZlE?oc=5,
rss_google_news,"Sun, 13 Ju",Match Recap: Chicago Fire FC II Drops Unbeaten Streak in 4-3 Loss against New England Revolution II - chicagofirefc.com. Match Recap: Chicago Fire FC II Drops Unbeaten Streak in 4-3 Loss against New England Revolution II  chicagofirefc.com,https://news.google.com/rss/articles/CBMi0wFBVV95cUxOSUpQWW9pMHlCdUVpeHRRdnZBeUZXWFRINHdXcDdqOTBzVW5rbVBPN1hqcEhxclBWSWk3MmhCclZHRGJ3X254N2N2ZTdYdU9UaVdKcXQ4bUJuc3JBeUFucUk1N2VST2xGdkhEU1U5ZkNyWFlTUzQyOGlGMDg2akM5VjNMcTN5MjlvMXRKdzJLNWp0dk5MbDZWV2VFekQ0NXpNM3VlYzJfTmNhRDRUbWlfOHZHR3IzTDJJVldOOFM4WUNsTG5EeVQxX29SNE9tMkJtUldF?oc=5,
rss_google_news,"Fri, 03 Ap",Revolution host Rhode Island FC in the 2026 Lamar Hunt U.S. Open Cup Round of 32 - revolutionsoccer.net. Revolution host Rhode Island FC in the 2026 Lamar Hunt U.S. Open Cup Round of 32  revolutionsoccer.net,https://news.google.com/rss/articles/CBMiuAFBVV95cUxNMVhhX3dWUzFsRUtET21xbHJaZkJwalUxazBiazhGV0dHVDFxNHE4YkU3Z2NhcWRBWGNLZjZsR0FlWlVqZlpXRVZLckhtSVd0czB4eUhzM0VtU0F1VWRaVVlTcVFlOWwySjN6WHlKdXUzT09XdmhHejBuQnJFVFBBSFdtelUyb28tdmRVWTFMOExURGpJWC1ueGhEVWhLTnFFQXFxZWctRkFWQVd0cUZJdTk2WVBoVW1H?oc=5,
rss_google_news,"Tue, 10 Ma","Schedule Update | Home match vs. Houston Dynamo rescheduled for Saturday, August 8 - revolutionsoccer.net. Schedule Update | Home match vs. Houston Dynamo rescheduled for Saturday, August 8  revolutionsoccer.net",https://news.google.com/rss/articles/CBMinAFBVV95cUxNUzl5NlMyMUpmMDdjSjRYNEh0YXhVVmNhYjJZX3M3Ql9NMDB6S1BOaUoxMFByc043UXN6aWZrU2Q2UXQwZ0tZTG5leU1JVHFrbVAyLXNCWVdOZ1pWNVBkSlE1SnRteFpMUGxYVENKQWNZLU9VY2ptZ2hhbE44ZkpTV3JUc0dqVkJzTGl3LTRGVUk3TnRhaHVQay1zMmQ?oc=5,
rss_google_news,"Mon, 16 Ma","FC Cincinnati falter on the road in New England, fall 6-1 to the Revolution - FC Cincinnati. FC Cincinnati falter on the road in New England, fall 6-1 to the Revolution  FC Cincinnati",https://news.google.com/rss/articles/CBMirAFBVV95cUxPN1hHeThXZlZkNUMwb01XSHl6UWcxSGlWR1VHRUllX0dVVTctTmJMbmpkNHYyTjFxOXJuZy1xQ1RGTlZBODJwd2xKZUctT19vMktTVXc1WTJMY2ZFbmhSOHNHYzE4VUhvSldqcUY4X3lRQ19WS2prOFBEM29iWkU3SzhDYzNEdzhhYThTSGl4VEtqOEJ5d3hObnNHejA3THIzc2cwOWp6Uk51NVIx?oc=5,
rss_google_news,"Mon, 02 Ma",Atlanta United 2 Draws 1-1 at New England Revolution II - Atlanta United FC. Atlanta United 2 Draws 1-1 at New England Revolution II  Atlanta United FC,https://news.google.com/rss/articles/CBMiiAFBVV95cUxNYnM0RmxMeFZpR1Q4NHVuc01FREJjUi0xQ1hYNWRUVlAxTmVWODczVEhud3N4STRfOGtkcjBrS2hGZzJEdDMxLUJ2Ri02YlpneVlIOUhmMHB5RVNkMjI2UTJZX0VoVEdwaFhqRVpyODRoYlB5dkNBS0NCSktLTk9HRDBPRDFJVmdL?oc=5,
rss_google_news,"Sat, 21 Fe","Highlights | Campana scores first of 2026, but Revs fall to Nashville in opener - revolutionsoccer.net. Highlights | Campana scores first of 2026, but Revs fall to Nashville in opener  revolutionsoccer.net",https://news.google.com/rss/articles/CBMiigFBVV95cUxNN252VHJxYVhjN1NaY3FXUkxBZ0NCbTkzLVR5YjVTRWx0aUdwamZTOFNndWxGVFVENEFWdEk3TmNGWEtOVXRnOHZTVmhoX01aTHNlTm95WkZfTjFJbVBFUHRkandfMk9DQ2wtS0phRnhfd3ZOQXBjRTMwQWx5bHB1WnR1UThWVi1xSXc?oc=5,
rss_google_news,"Thu, 23 Ap","Revolution climb MLS table after win on road, next up is Lionel Messi's Inter Miami - Fall River Herald News. Revolution climb MLS table after win on road, next up is Lionel Messi's Inter Miami  Fall River Herald News",https://news.google.com/rss/articles/CBMihgJBVV95cUxOZ19EQzVzOXNWQUt4QzFBTDZtNEJrbmFrMEFiX21TYzVXdnlBN1dVZWVNblgwRURkQVRGTFE2VWxud2pnbmdzN2tmUVRPNjloY1ozNUFaZG0tanpHUjQ2dHlTMlhSZDBKZW1wSlM1RWwxaWtoRFJJTzNLdnRwOTRWSnhsNEFURW4wMWh5WFNtb0tyanZQMjhLd0pwaVJXUzI4N0tvR21UMTNSODRlQkRqQ2lhMVlMbzNWQjdmV0N6UTlMM0lxODZUVF9tQUFfOUQxMkNyOUtxMDFXdE5ESy1YcURaOWVHeEhiMHMxNjhRV3otbDdnaGQwbVZZT1Y4VTJfU0dGNzVn?oc=5,
rss_google_news,"Sun, 17 Ma","Highlights | Revs lock it down at Fortress Foxborough, improve to 7-1-0 at home with 2-1 win over Minnesota - revolutionsoccer.net. Highlights | Revs lock it down at Fortress Foxborough, improve to 7-1-0 at home with 2-1 win over Minnesota  revolutionsoccer.net",https://news.google.com/rss/articles/CBMipAFBVV95cUxObHhxcUQtSlhJcVBvajhfMEl6Uzc0SFYtWjJNU00xdnRQQld5RUlvSUc3UUg1OVBqU0pCa3pvMEp3akVLNkIwMW55QVgtR09PMW9JQXE3dW5Qd0FvQ3pxQWpVWlViQVphX0t1dEFvRFJmV1p4TzFFQVJSREdQTElQcmJmRmFYRVZqRG5nU0xpbWtfMEk4eF9KLUVwSlhkT0RjamFhag?oc=5,
rss_google_news,"Sat, 14 Oc","POSTGAME NOTES: Revolution II Fall to Columbus Crew 2, 1-0 - revolutionsoccer.net. POSTGAME NOTES: Revolution II Fall to Columbus Crew 2, 1-0  revolutionsoccer.net",https://news.google.com/rss/articles/CBMimgFBVV95cUxQYmgzbExNenhiOTFqQWthaWFLaDFjRTNONGl3V1MzWkNoMFN1WndEc1I2d0Z6RHVES0V0ckd4RXZaeUNkT2VsQ19YMVVPYlhHcjFwcWp3Zk8wNTFwY2ZHQ1BCb2Fhdk5KSFVhQzU0NWpKRXYxd1A2SUo2aGxDeEpsSkJIVDkzbHFXRjdiZHR0ODFJZi04b0J1aExR?oc=5,
rss_google_news,"Wed, 23 Ap","New England Revolution Academy Highlights | April 23, 2025 - revolutionsoccer.net. New England Revolution Academy Highlights | April 23, 2025  revolutionsoccer.net",https://news.google.com/rss/articles/CBMimAFBVV95cUxNY1FGSGJhOFdVOFV5RlF5RDdyQnV3T2FfMVU0RlFjQ1hFWGdNZXM4Q2phVnBEeHgycURSWVFKdkdJU0dhRElBdlMyY1pPejdWSG1zekYwUFhDQ2p4OXAxWUFmemktck0xOVdkZWdYaHV4d2FubEZzaW9hWmpfMHNUQ011bS1DUHRQMEctSlZPbGVpOXRjc1lvbw?oc=5,
rss_google_news,"Wed, 16 Ju",New England Revolution Unveil “The ‘96” Third Kit As Part Of adidas x MLS Archive Collection - SoccerBible. New England Revolution Unveil “The ‘96” Third Kit As Part Of adidas x MLS Archive Collection  SoccerBible,https://news.google.com/rss/articles/CBMi6wFBVV95cUxONmYybW04N0ZETVFNSGFULUVqdks5d2JNeW5SU0RWczlSTi1DdDNBN0pNb1FTazNlQ0o5ZmJCQlRNbGV6SWZ0Y0Y3Nlh1bmlPandNZnZ3WC1FSUpUS0M4YmFjRklaaDIyYTRCTnZsZ0NRUDdjVWp4bHFNWnZ0LTc1TVVEY1dNSllzZFprR0Q4Y0tSYXBjcmJNUC01UzlXaExvUjZwZHpjdXR2TkdKZWN0ckdwM0RHUG9QdkdxVkpEQi1pT2NSS1QzWUpNeUVwSXAtRUVfYXBId2o0TlA4VlJ2VUZlOHVWVEdnV0gw?oc=5,
rss_google_news,"Sat, 14 Fe",“The last month has been amazing” | Revs eye opener as preseason winds down - revolutionsoccer.net. “The last month has been amazing” | Revs eye opener as preseason winds down  revolutionsoccer.net,https://news.google.com/rss/articles/CBMif0FVX3lxTE1GU0tCXzRGWEpXZzczLWtBNnE0QzY3ZTFYYXduTGNTc3ByU2RHWWxZU1Q4OF9KNUU4MnNJcmx6T0VpMDI5THMxbFAyQk45eVJGcUVIODN0ZjBGd05ncDZKYzNKS2ktakdaZmtfN1p1VTBaRzhCck53cjluOEd2Nnc?oc=5,
rss_google_news,"Thu, 14 Se","New England Revolution Academy Highlights: September 14, 2023 - revolutionsoccer.net. New England Revolution Academy Highlights: September 14, 2023  revolutionsoccer.net",https://news.google.com/rss/articles/CBMingFBVV95cUxOanpPZVJscUYxV3Q2ckRTeEphZkZ4S1R5czI5R1E4aHRnTXRaMU44ZkVpd2NudEtzUzZIN1lCRWtlNl80UTN4Wm80MzdCSUVKQy1xSFpYX2xyZ1Ryek5tS2pLWU1nRnR6VXp5dEQySEpxRzBkbGJGb25acGo0dFVNVWstblpRTi1XRGRvXzczRUZKcWZGSEE3eHV1ZDM0UQ?oc=5,
rss_google_news,"Tue, 29 No","MLS NEXT Fest Preview: Revolution Academy U-15, U-17, and U-19 Teams Heading to California - revolutionsoccer.net. MLS NEXT Fest Preview: Revolution Academy U-15, U-17, and U-19 Teams Heading to California  revolutionsoccer.net",https://news.google.com/rss/articles/CBMiugFBVV95cUxQQU1mS2hKcGQxalk5RDNQWjk3Q2tRdHVRQ3hTdkMyb0hUSGRxRTlidEtxbXZoWFFUSmVSOURfa045Vmx5YWpPd2ZXYjFWSEU0Wk1DcE96UE9tWnY2V1hEdl9kYWdwUks4NXR4QUhuU3R5T05PSV9kRFMycFEwMnNfQmZId1FmZGlHNU1IbDMyTF82RThDc2IwaEVYbC1rMGlXdVRKQ19DVEl3Y0t6UjN2SWFodFdPYmlzR0E?oc=5,
rss_google_news,"Sun, 21 Se",Kuisel's first MLS NEXT Pro goal earns FC Cincinnati 2 three points in 3-1 win against New England Revolution II - FC Cincinnati. Kuisel's first MLS NEXT Pro goal earns FC Cincinnati 2 three points in 3-1 win against New England Revolution II  FC Cincinnati,https://news.google.com/rss/articles/CBMi8gFBVV95cUxONU5xQU5zbzZMRUZIM1ZnZ3RLY3E3Z1A4aElUaHBRUV9JRlFMcndkVHREdVlWSHdVMXNrUnl0OXZnMDFMLXhMTjZKSmRCaVJ0Wi1yZ3VDaTJBWWF4SVloTmdXRlBQdXVXZGUxQjc3YS1tbjBwR1l1U0p5REVSZHlETmtjTGQ4UzNvbmNUUUZXRXM1aks1b3FQSERsbHp5M00tQXhSSl9DZDZRc204eGZsd2plVmJiZGxVYVJaQ1A3OEk2dkhyb0RpNXgyQ0ZucWJIWXBJQkoyclFmNG54SVZjbzJqNTdpaW5EUXJJT3VFd0pXQQ?oc=5,
rss_google_news,"Sun, 01 Ma",WATCH: New England Revolution II take down Atlanta United 2 in 4-2 shootout win - MLSNEXTPro.com. WATCH: New England Revolution II take down Atlanta United 2 in 4-2 shootout win  MLSNEXTPro.com,https://news.google.com/rss/articles/CBMisAFBVV95cUxPS2ZIYkNwZ2dKNWpyY3hoSGI5VWpES09TdUx2bFRxYXVWSk82c25GUEUyc3R6X0UwY0ZVTmpyZXg0T05HeEQyZjh5Y0EyckNOOXpzRWs0MG5ZY0FjdzRudkh5c1pZVC1CS1k4alhjdUJ5RFZhWEJLdmhIal9sZnFqSmVUR2lkTm1XbnNyQm1iZEJ5Tjdxd0ZIVmlvV0pUT0NqSlprT3hVbW8zUWxIbjJmMg?oc=5,
rss_google_news,"Sat, 19 Oc","Recap | Revs fall to Atlanta United, 1-0, in Round One of Audi 2019 MLS Cup Playoffs - revolutionsoccer.net. Recap | Revs fall to Atlanta United, 1-0, in Round One of Audi 2019 MLS Cup Playoffs  revolutionsoccer.net",https://news.google.com/rss/articles/CBMirgFBVV95cUxPWl9kYWZfdkw4QUZsMUd3NlowVXl5SVdqaVRJWUpGSmFoZEU3Vmk0a0dhUjM1OWRReDhLSTlXNUpubUZrclJRN2pENGg1RDFNRjcyZlRRVDFyMnlFSDNnV3dIMjg4UWZOWFVJLWtxOU9XZ043TThSdHBOZXhZVk5zVGtwNDFLcjZ2a3B3UXZhTlJsZ3BnckdGX0hNRHY3cExLbVk4NkZJSEt1U0J0dEE?oc=5,
rss_google_news,"Mon, 13 Ma",MLS has a revolutionary rule to curb time-wasting. Lionel Messi exposed its main flaw - Yahoo Sports. MLS has a revolutionary rule to curb time-wasting. Lionel Messi exposed its main flaw  Yahoo Sports,https://news.google.com/rss/articles/CBMiwgFBVV95cUxQbk84MGRyZDg2WG4wYUt5a2RwLTdFUUdLTWJiZWdiVWpudkQtdHpHSjh6RF8zYTFZMGdSNGk2NzNGNXhJd0U4a0wzd0pfOWdRSmduVmwtN2pNMEhzSWVnSU9URlNnbXRTZXFfZF9jblhscl9MX1hEQUZ3T0M1VE1tM1A0NFBUUXE0OVpUOXBYWUJUUzNhOHdfdmRXWDZub0prTFRwTC02T2c5MFU1dUJ0UFQyZGotQlkyUWJKQjYwczhYUQ?oc=5,
rss_google_news,"Sat, 24 Fe",New England Revolution fall to DC United in MLS season opener - WCVB. New England Revolution fall to DC United in MLS season opener  WCVB,https://news.google.com/rss/articles/CBMijgFBVV95cUxPbF80VE50VndQLVNFbDdaZ0xvczRXaU1vVE5GWExHaloyWXh1VFg3bExWeV9valFmYVdwcUZRWkRocmtUQTJkeFR3N1U3bEtWM3BlbXlmUWFKNnhwYkVJaUFtQlNVZ09IZTV3b0tYczBYN1F3Q3pQVnBxR1ktblM5TVBIZVB4T0R6MXBfMmV3?oc=5,
rss_google_news,"Fri, 26 Ja","New England Revolution drop their first preseason friendly, lose 3-0 to the N.Y. Red Bulls - Fall River Herald News. New England Revolution drop their first preseason friendly, lose 3-0 to the N.Y. Red Bulls  Fall River Herald News",https://news.google.com/rss/articles/CBMi-AFBVV95cUxOTk81OXhDSng1RXBOSkh3T29TY29kY2FsSzZjejNwd0JyajNsUGRWblg1a19NRFpRQVhNeEZkc0l5b1g5UnhYRnpNZkVuYUMwdHZlRXJncmhqN3VmYVB1V0EzdUVEYnBaTUR5cmNIY29UWlFqX01Nbl9jckxIOGtRYXdFWHhWa05wcm5XYm9vNVBYd3RYenNEVFZXZ0pUakFtLUhweWprWDJnQ1lGUmlzUjFJbFZ4OW1YaUhGaEVqVl9LRWZVM2ttMUZNbHNWalM1eFBsVjl1eUZVb0wxY2Y0dDlTaXFvQzBqT2RIMDIwRVJuMkJUTExwQQ?oc=5,
rss_google_news,"Fri, 27 No","Carles Gil calms the New England Revolution down, sparks Audi MLS Cup Playoffs run - MLSsoccer.com. Carles Gil calms the New England Revolution down, sparks Audi MLS Cup Playoffs run  MLSsoccer.com",https://news.google.com/rss/articles/CBMirAFBVV95cUxQeVlKdWlZU1NRSWRtWEd3bHFSN1g3cGZsY01XQWFpdXIyR3JMYkZMeGFodHl6ZVBQd01lMmhlR3lfV2tQdUk2LVJrT0pfekxrNExBU2lreHRyalp3SGprN0xwQVFDSV9Na2NEZkUxTFhuWHUtWGowaTBlWFJLQlE0dUtWZUQ2ZjkxbmxhOXZlekVCNk1NSVp2aGNGalB1Tmc3YWNVUEJMTGJFWC1E?oc=5,
rss_google_news,"Tue, 08 Se",MLS NEXT Transforms Player Development in North America - revolutionsoccer.net. MLS NEXT Transforms Player Development in North America  revolutionsoccer.net,https://news.google.com/rss/articles/CBMilAFBVV95cUxPNW1QRXhrdGlUSFJWUGdXN1p4X3RidklBMVFPeHNIOTRVY1Itek1WRTh2eEZVRDd6QzEyQ3NfZFg4VkdXSXZWT25ybXhacTY0Nlc4dHNJMGdUM0hTRXhrMmJKeG44MEZ5bU9xWTQwOUM4RGJTR3l3eWRkZXVSUjdGNEZUTkRVTWwxMGZVTFZNcU1YZnFQ?oc=5,
rss_google_news,"Sun, 17 Ma","Minnesota United drop second in a row, losing at New England 2-1 - Star Tribune. Minnesota United drop second in a row, losing at New England 2-1  Star Tribune",https://news.google.com/rss/articles/CBMiowFBVV95cUxPX2dwYnRXWFdTUWZfb2lXRWRyaU9PejJTc3VDaGh6Y3VQNkFrSVRPVWExdHh3VU5qYU01UFJFRGFZOHA2MXhiVldDclN5a1A2TG9VTFV6ZUt4ay1fOU13Mmc1WW1GOEFvVDdob050dm1pWVJCTnA0cTlZb2QxRlAwVXFqWkN3SGdVOU9RZC1lak5YaEpvYlhabjFpeXlkUXVhTllR?oc=5,
rss_google_news,"Tue, 13 Ja",Eastern Conference: Breaking down every team's premium roster slot status - MLSsoccer.com. Eastern Conference: Breaking down every team's premium roster slot status  MLSsoccer.com,https://news.google.com/rss/articles/CBMipgFBVV95cUxQMUVoUTJZa2pGQWYwZUdxV2d2cHdnSlExeVlnOU1aTWZMMWFsd1VFMHJCR0ZxSUtkNGg4TWVIZUd0NU9NZUdJSHNOU2wzd2x2a011bUNmaDUtbUw1YTNZVGtUSWpKV21yejFnMGhLODFua1VsaXpScG01ZER0N284bVRReWR0ZUs1aEw5TENqLUZfQlhLMzNjcWRRWFc5bDY0QWNyblhB?oc=5,
rss_google_news,"Wed, 12 Au",Double Down: The story of Rob Ukrop and the first two goals in Revs’ history - revolutionsoccer.net. Double Down: The story of Rob Ukrop and the first two goals in Revs’ history  revolutionsoccer.net,https://news.google.com/rss/articles/CBMinwFBVV95cUxPUUtZbnRJeTlVQnM5dGlWY2kxRWFwbWtzeXV5WWd6dFFuX19uZFAyN0JsaVlxazJsSWVWS25VaWVQYzFpbV8zaGs5S2dNTnE2M2tPMXgxWkdEYXlnZmFqZkhJd1dtUXV5eVUxd3RXSkp3OFUxZUdFOHhQXzN6dEV1SGs5eTd2aTgwOHNsR0dIanVzSWZNTUt0c2JWTTlqOTg?oc=5,
rss_google_news,"Tue, 03 Ja",New England Revolution: The greatest players of all-time - bolavip.com. New England Revolution: The greatest players of all-time  bolavip.com,https://news.google.com/rss/articles/CBMipwFBVV95cUxQeVlQbVFsXy1YeUhOTlpzMnBoLUtiZXJpZFdYU1JmM3Y4UlBVUmdoMmgxbWllR2VQZms0Q2FYRE0xSUlKTkZGSWU3VV96eWxOU0N2aXQwMFRWeGVpLWVWbVlncWFaakE5dDM1d202bjVpVHFYUG9XSTVuc0xIT2JLWHdPNi1VNWFRdzIxa2F0Nkk4QlhiSEJlbWd3QU9QVUdZRTZLSkVVNNIBrAFBVV95cUxOWVh4SUJOYnRMa2lEQTlwZmdhWEZxYzhwWVEyZjBSMHItTlduaERnSmVrejcxR29CNlBXM3dIdGtYenpudGRjWVNFTlJNODJTWGdvUTE2UVFENlRXZmNtZmNRVGRCQWJ4YTROdV9SNDNDODYwMnFxa0ZnbUpQYWJOMEd4ZjlKWWtJb1dfMjJjNHlXNnFOT2RFbVFhYlc0OWt3WlluYl9WMWh6dFFm?oc=5,
rss_google_news,"Tue, 22 Ja",Diego Fagundez looks to leave New England as Revolution decline offer - MLSsoccer.com. Diego Fagundez looks to leave New England as Revolution decline offer  MLSsoccer.com,https://news.google.com/rss/articles/CBMimgFBVV95cUxNWXBQOVFEQkluZ0ozczJFTnBab0kzNi1Ed1A2cEEwVURYUmxNVEFJN205cXA0QVR6MFJBTFVNTkcxNFMxaE81THNRRWJjNTRrcmpKLVE1MTktaS00VkdJdFFxcHpBYzhmTzM1S09Lc1lvYXRvVFNHaHZmV2Z4WUNnbjIxSFlESHdQcDZUSDBNX1ZzX2d0dzdPTmlR?oc=5,
rss_google_news,"Tue, 05 Ju",Louisville City FC upsets MLS's New England Revolution in U.S. Open Cup - The Courier-Journal. Louisville City FC upsets MLS's New England Revolution in U.S. Open Cup  The Courier-Journal,https://news.google.com/rss/articles/CBMi6wFBVV95cUxQQVlMcDJkcnk5bU5sb3ZqZXdyWS1JYmZPREEySlh6NzZwVnRrbzUyYVZIZm9ZQVhoQjlZRGk5dmNPbjhxSlNRX0cxbTR2MTVxQ3gwbEJicEVSdXdMWEwyRWM3WXA3NXNVcGdyMHZmSDFiYjh0bDNVTTlkRkpROGtSY1BUYVFwdGFtZi14czh1aDZESnFXWHVLNkNCUnZYdTB3aHlYRDVlUEdsWEctRFpMOURjOEpsSFQxWGwySGN1VTBnT2F4TnNNNlJzR3FUQjk3QUhsc3JNZG4zMmlMd19VdG8wSEd4Z1JLMHpr?oc=5,
rss_google_news,"Sun, 23 No",Red Bulls Fall to Revolution in First Game of Conference Finals (Published 2014) - The New York Times. Red Bulls Fall to Revolution in First Game of Conference Finals (Published 2014)  The New York Times,https://news.google.com/rss/articles/CBMivgFBVV95cUxNNGxPMW9RaTJUc0tUTkZyeUJiNmFSNDNWbV96U2xZYV9HSXhpLW9nSTE5Y2gxcm1FQkhLc3VaOXhNMjJScWNjb2tYbjZzdktNRzZFQUI4ZkYxNHpFdEs5N3lvc29lWi1rTF9jQUVmMHRzdkMxOWJEZnl4SE53UGJjeW5mVjFyZEFBcm11dXRiMnZoUUFQSUVyMklqemF2VnFnR2E5aHVCSjc3QlNuOEd4UmpzUEg1aUlGV2NSVWdR?oc=5,
rss_google_news,"Sat, 14 Ma",Boston Legacy breaks NWSL attendance record for largest inaugural home opener - CBS News. Boston Legacy breaks NWSL attendance record for largest inaugural home opener  CBS News,https://news.google.com/rss/articles/CBMigwFBVV95cUxPQm04Z0Y4QXgyU004U3pIYTIzYnVXT1dCUHI3dFZpcGdtTUxnUF9YVXlZNHRJQjlLOUxZR3RBMkhMT0Vsa1Ntd2c4QUxVWWhTVkdyV1dxZFIzdTI4R21XNi1PMmU0M0ZUMTByb1pLcHJUUzYyMlVTR2Y4VFh0cEZ5eU1Hcw?oc=5,
rss_google_news,"Sat, 14 Ma",Boston Legacy FC sets attendance record in NWSL debut at Gillette Stadium - NBC Boston. Boston Legacy FC sets attendance record in NWSL debut at Gillette Stadium  NBC Boston,https://news.google.com/rss/articles/CBMizAFBVV95cUxQRnlTbktza0JBaDRTVzF0RkxQaktCaEZJYzhNX2xVNWZyWUE1WGJ1STc2dlNvdTRTaDFhMXhlMTRYVVo1Mi1paVVyRWVRYUI2WjliZU5JZ2Z3VVdiWUlfMXE0bDZwTkgxS1NCb0FJeXlKXzJaZkozNS04TWJ3T1JoSnJoQm5hclQ4NTNscHV5Snk4WlhZSFNRQWpuY3ZEYXk5cU9xMVAtWkoxcnprNVV0Qlp6SU1Qc0ZpRnBTYVczN1JsYjVia3ROVTllQkPSAdQBQVVfeXFMTXlma2pmN1NodkVBNE1LMVc5UERaTDNwYkx0d29WenBwakxTaDJ1Z1F5SlN1enBFSUpnUll2SGs5S1U0YS1WVXFkMVVxalluSndoZWE0UFYwbjdTNnBkNUJnNEpIeGdBZHUycUJ4d1FGTldqMWdibU9LVmJyWjIyYUdZSXJOMXYtN3RfWXR5SmFiVlZoRXdlVTJMLWxLbHc4MUhkMzA3bjZNWU85c0VNNkc3X1pnNjg0WXRWT3RvVmdlWGlnMXhheTBkTUZJTmZvTnZYWUg?oc=5,
rss_google_news,"Thu, 26 Ma","Passionate fans flock to Gillette Stadium for World Cup exhibition game - Boston News, Weather, Sports - WHDH. Passionate fans flock to Gillette Stadium for World Cup exhibition game - Boston News, Weather, Sports  WHDH",https://news.google.com/rss/articles/CBMimgFBVV95cUxPc3FWSnAya2FrRTQyMS03al94YW5fc1daVldsWm1RZDN6aWUyUHRheVBCbUtFYzRJY2M2OTFyOGtQVV95Vl80UVFBOExKSVVCenE2QUxPY25ZVVRpNkZJZ0RQaVlZMklJejdKMXcyWHJ5QnN5alhFT1FZaGtUWTdyYmlaeXV0Uld1dWhfTEdLWXJPM01VN093VFFB?oc=5,
rss_google_news,"Thu, 26 Ma","Brazil 1 France 2 – Magical Mbappe, Vinicius Junior’s response, and hello cooling breaks - The Athletic - The New York Times. Brazil 1 France 2 – Magical Mbappe, Vinicius Junior’s response, and hello cooling breaks - The Athletic  The New York Times",https://news.google.com/rss/articles/CBMinwFBVV95cUxNemtSUjE1d2tEbHNRVFJva2RQSkp6U2V4SzVjOFB5S3M3b25pLUtlTUxNX0djRTl4Y0ExTlAzRnYwTWh4N2U2NFFGSHBjUlN4b19CbFNfdm1IYi0ybndjZUQwZm1idTRCcVhQMVRWSFkzU3U0Um5pak5aN1h6TVZLZVlEWmNLc20wX3Y5MzBoaS01LUFMVm1XY0JWalppNFE?oc=5,
rss_google_news,"Sat, 14 Ma",Photos: Boston Legacy FC sets attendance record in inaugural match - MassLive. Photos: Boston Legacy FC sets attendance record in inaugural match  MassLive,https://news.google.com/rss/articles/CBMirwFBVV95cUxPUWhYNFVyeXJnOTVIMFhFTGZqaVpUcnVLVE80UXIyZ0JRTVgzeEZTb0F2Q0hKRktRUXF3LVJKVVpJZEotMk5XSmRidDZrZFFtNFljaGZVdzFnZ2FJVFg3R3E1ZVFQTnRZaU1CQ084d0xTLTNZSUp1ZWF3VnlUYWVBQkU1WFIyOXktczNMbUdPRUlLY2czUktRNlZHNlR6Mmhlc1JaUDBPWUpRdWM4Qm9J0gHDAUFVX3lxTFBRa25ya0dPdzFxZGpkNFdNRjhuNndpMlNWenV5WldxMFNLMVNBNzdtd1NKcTJrZ0NucjM2RDRCUzVwMl9JaFhJd3Rnc3d5ckZ2TnA0NlktbmMzNjFZTjlaNWZ0VXRSRU9TdkZIRFRuUGZSZGhKbG9ubEdnZkJFbTdURG5QRk53QTBwdDc1XzRfNDdNSFRyOUNKMFZTMEN6S2R1enBHVDNfN0JNQU9TUi1iOXE5QnRLRkc3eWM3OUlSd1NKOA?oc=5,
rss_google_news,"Sat, 25 Oc",Gillette Stadium to host Brazil-France friendly in March ahead of 2026 men’s World Cup - The Boston Globe. Gillette Stadium to host Brazil-France friendly in March ahead of 2026 men’s World Cup  The Boston Globe,https://news.google.com/rss/articles/CBMikgFBVV95cUxPR3ZNMXlTd1FHZDNENnB5Y2FRVVFCVUpOVHNIOFZ6TV9uODVzQUdRVG00UmhFMjBra0dxR0tUZ3dNcTdFUmxpcE9lektqUi1TdkxuQWVBalpQZkhQWmIyMVJKT2YybC1lcnJtUHlPOGxMTXdWNXFRSTFCeU45SDBiZl9PVXNjSXpfd3Y3X3BHRE1JZw?oc=5,
rss_google_news,"Sat, 14 Ma","Boston Legacy FC makes debut at Gillette Stadium, sets inaugural match record - NBC Boston. Boston Legacy FC makes debut at Gillette Stadium, sets inaugural match record  NBC Boston",https://news.google.com/rss/articles/CBMilAFBVV95cUxPVzhFOTdBRTZIWVBMUUNaR1F0T3pCQU0xZURFakRqS2llemlHTXNZVDBUV2tuMkh3aG9rSUJxMGJ3TkxoeWJVbVVia0J2ak1NZEtiYlY2dDdQdUQxVnd6cFlJa1ZMaWVabC0wMUVINjNjMTlxdkVjNEJxb09TeWl6YTY1UERFcXRNVDk0MUt4ZjV6eF9s0gGcAUFVX3lxTE9PWDhENXJwSzJzcVhjMDktRjlMZTNKcWJPb1JnTEhLOTFILXM4ak1XQ1ZEb1dCWGtkX0gxbVhOTThHcTQwUmE4RlhSeExnMHVwWDRMbjgwUndoUzZsWUczYUtINVgxMUkzb3lNMDlNalN6SVlUY0ltalg0YUkyUUlOUEt4RnJQRktFVVQzLUxMWHltUG52RWJuWG1Ecw?oc=5,
rss_google_news,"Mon, 12 Ju",Additional seating opened for Brazil-Portugal match at Gillette Stadium - revolutionsoccer.net. Additional seating opened for Brazil-Portugal match at Gillette Stadium  revolutionsoccer.net,https://news.google.com/rss/articles/CBMipAFBVV95cUxQR015a01oQ2pzT2g0blBQNXQ1YXI1UkZfS18xNmJkZkhxbFY4YlByaERsZmRPSTBBUUpua3J6LTd1ZGdtR2w4WVFwaUxwTGNUcVBCT0JxYXFYNVVMYUVqQV9EeVRGTkZLZ05kTFF1LTJ0cDRoTE5YcW1ockNxS244WFVKaDVxZ0tERTBGZUx2a1Q4M2F0a25BNk5FbU5wXzBXcEFMQg?oc=5,
rss_google_news,"Sat, 14 Ma",Stadium-Hopping Boston Legacy Enjoy ‘Surreal’ Debut - Front Office Sports. Stadium-Hopping Boston Legacy Enjoy ‘Surreal’ Debut  Front Office Sports,https://news.google.com/rss/articles/CBMiakFVX3lxTE5VS3FQZ2xLeHRYaW5PVk5wSnFhdndHR0xRcTF3bWEwdFdQVzNFUEkwbnhrQXFJcDIxZ2pONjFqdDd3elhsOEVBXzZ6cEl3aDhfaFdUb092WU5nVVNPTTZuTHZrLXlaOWFoTmc?oc=5,
rss_google_news,"Sun, 28 Ap",Lionel Messi fans say seeing idol at Gillette Stadium provided lifelong memories - CBS News. Lionel Messi fans say seeing idol at Gillette Stadium provided lifelong memories  CBS News,https://news.google.com/rss/articles/CBMigwFBVV95cUxPcVF0MUM0VUt5Zi0yZkZlRFNiZWtOZFJPV3F1c1Y0NmdMV3RkcENLNnREV2xMVngxYXRKTDRwR0N5cmdQOGRoQ3VySFdobk1tYnpNajg1WDJxZHBhTzFJblBGdS1wMVVLRVI1NWMycS1hcElxLVdsYkloY2RqYmgzWFVyZw?oc=5,
rss_google_news,"Mon, 16 Ma",NWSL opening weekend shatters league attendance records - All For XI. NWSL opening weekend shatters league attendance records  All For XI,https://news.google.com/rss/articles/CBMinwFBVV95cUxNUXFuSmNEM21GQ2tOWGpseDVmSjMxTFpvaS1wQzZ5c3EzRTZhdzVfTHlxc1FCOGhoMmRnYmVjQVlWMWJyaUE1ZmVUTmFONngxendGN29ZYWN3UlN4WDM2OXZacEY0UGtNeWpxdTlJOS1vRGhJV2IybUs2UVo3UXFBZ2JDb1ZtVm1qTlM1c1FscllHbXBsT09uSlVhaDVzOUk?oc=5,
rss_google_news,"Mon, 03 Ju",Ed Sheeran show breaks Gillette Stadium attendance record - WPRI.com. Ed Sheeran show breaks Gillette Stadium attendance record  WPRI.com,https://news.google.com/rss/articles/CBMikwFBVV95cUxNUXZnbi11Yk5PQ21GUGNnOVhFWVRTRUlaMmpPVkdvcDlHR09JQ2hVeGo5NGIzVG5KMjB6YWtOYVZKbDhiRm5DUTVwRF9SS3dTUG04aVB6Si1ydVU4MHd4aVl6LXgxeWtjT3Y4NHlKUG1Db0tDeE1LdTFNX3RTVVFFeFhLTkgxR0c2bjAxdnBXVFp1M3PSAZgBQVVfeXFMTlM2ODMwLXhXWDk4Z2NrTGVTYy1GbUFabE9EM1VzWE52cmF0R05PNUx1X2hmZkYxVmRfMEswdFNwblhGQ2tNdTBla2piV2JyVDhRVGFMUE9FWHpFeU8zU3hrZDRQUkpXdWpfNTlVd2liZWpnWHFhb2VBS2F1bzg1M3hlUXFJNFQ5ZThJeGNrVFZuRDVPcmNfNkc?oc=5,
rss_google_news,"Mon, 29 Ap","Saturday’s show at Gillette Stadium was a reminder of what could be, for the Revolution and MLS - The Boston Globe. Saturday’s show at Gillette Stadium was a reminder of what could be, for the Revolution and MLS  The Boston Globe",https://news.google.com/rss/articles/CBMivgFBVV95cUxNd0RaTUl0TFh6NUdlUUVwb0JpQ3RZcVVWcXhaR01KVEp3TnNNVWNzdVMyZzJWUFVqajBmTmhpa2txdlpQOTVMRXRDeXZxa2h1Q1k2RFMzd1NiRHhNMjh6Tk5JUFozR3hHZVJqSk1XM2ZLOG13czF2b2dXT0wzQ0MyamNvaE9odkFJVGVDRzFadjY5SXBXRFlHS1NPNWpza3JGWndSYWJMUk8tT2FNdC1VMURma2pHT2tMWWdWZmpR?oc=5,
rss_google_news,"Thu, 26 Ma",What you need to know about Brazil vs. France at Gillette Stadium - Boston.com. What you need to know about Brazil vs. France at Gillette Stadium  Boston.com,https://news.google.com/rss/articles/CBMitwFBVV95cUxPd0VYVXNmWE5PcURfWEJLMzRna2FIeWM1N0FkUUhUekdXOThoRjdiQmZwN25mZlFfMDJGS3paNmdmWUQ1aTRsM014UjRJN3c5aGw0SlE2SFVHT2pLa21ESG8tSWpfamN5TTR5YUp2dHdZdEg4WjhoRkpJUzc3a2Z0S21uSkt4bVh3UkFQMmJpTUJqdDBkNG1aU0RvMWJaM05VTTNZeUZ0QWZRU01TcU9wZ3pPMnIwMFU?oc=5,
rss_google_news,"Fri, 13 Ma",4 things to watch during Boston Legacy FC’s NWSL debut against Gotham FC - Boston.com. 4 things to watch during Boston Legacy FC’s NWSL debut against Gotham FC  Boston.com,https://news.google.com/rss/articles/CBMi2AFBVV95cUxOU0pKZ1JZbHM0VmNLN19xVVE5RllxNE1KdkVTRXFCU193UW5ESXVjdlk3NnFwRnl2WUdPcTBPT1VXYk1SOWtnRS1wbDFSNkJtNzJwbm9QTDNKcjBCSnhrQXFKa254bV9teXFiTnNZSWphQ2dIVTk4dEpCbUtKLXQzV2xROUVPdW8tR1haQlBzYjY0Zk9mdFBVdXppcnZDWDVRX1diVUZKUkdjYlhVYXJ1VHhXa1FNWnZMZFdZYy1jMTNpaFlMUlp0NHJUUVIwZjd6cUlYQjZKVm0?oc=5,
rss_google_news,"Sat, 28 Ma",No place like home: Denver Summit inaugural home opener at Mile High smashes NWSL attendance record | News - NWSL. No place like home: Denver Summit inaugural home opener at Mile High smashes NWSL attendance record | News  NWSL,https://news.google.com/rss/articles/CBMiygFBVV95cUxNT1lWdjlKamliODRmTDNZRUNlY3F4RVloV1FDdTR1dTk4NWtoSjJjcWRNdEJTdUM2TUYxXzM2Y2Y4ZnlOUFRLTTRNZ0NBS3ROSVVSTk1zLTloM2p4djFOMndpQm9uVm9kU2paRnZUeUVrM0g1N2hrV2xrRURaU1Z1VWxnNFVnaldvREt4OGNRNjRQS2RBYmMyM2MxSjA2SHdwZzIzdERuSEh3amc5MDM4RUkyektnZkpwcHJGQkZxR0pCSjQySDBOUnlR?oc=5,
rss_google_news,"Thu, 16 Ap",NWSL has built an audience that fills NFL stadiums. Is it time to dream big on the final venue? - The New York Times. NWSL has built an audience that fills NFL stadiums. Is it time to dream big on the final venue?  The New York Times,https://news.google.com/rss/articles/CBMioAFBVV95cUxNQ1lSc3RRQWJXTzNpcHJaY2FqTjByelViZzE0QThwM3l1N2FCQl9nSm01UEsxYnJ1M2dnZkdMdlhfS2NkcjA1OU5QREFDT1BFck1HazJieXZPQzdLclZYeHE2aEd6c2kydDZ0S25PenJ5WEhJODFrZFk2dGV6M1Fyei1aRDl0S2ZMSG5NVlBpVWxuRmpkNVc3akVZVk5IREpE?oc=5,
rss_google_news,"Mon, 03 Ju",Ed Sheeran breaks Gillette Stadium single-show attendance record - CBS News. Ed Sheeran breaks Gillette Stadium single-show attendance record  CBS News,https://news.google.com/rss/articles/CBMitwFBVV95cUxPZHptRUxTdXNKdjBrSmNyZnFpR0p0TUN3VEJEblM1NGxRQ2pRVERkaG9jOWdEZWt6bXA4ZGZmUXFLX1JyRVltTW9VZk9ROUw5V05RT0tWTGVqTlBSSEpDY0ZEaVFrcTFLaDQ4ZjgxQzR0aTVDc3g0aHNpY1prODA5MVpFVTliaGEwRjh3bkJ6Qi1lb2ZxSC1DYWxiZVI1QlFWRUhaMEdyVHY5Um1HUVVyR1M5aFBYX3M?oc=5,
rss_google_news,"Mon, 26 Ma",Inside Lacrosse - Inside Lacrosse. Inside Lacrosse  Inside Lacrosse,https://news.google.com/rss/articles/CBMitwFBVV95cUxOd0hzNFZUdWlDMUpNb0JvUlA2a2pGelBRVEFLR1lBZ2ZkYm1zOFk5UU9TZElESkp1XzhPU010ZTNGQ2s0NWQ1WEMwRzlvQVM2WTRfZ0k1TmVaZUxZOGlWb1c0RGEtV0tsTzBpNk1qSHdpNVAyMTRYT29UVkxaNktGZkZMMDBHZVptOHBnOXNXREZTSEhUUFNDVFdPZUtaQVYyRUpocXNTUmx3bThRQVJWb3ZpX0t4OTA?oc=5,
rss_google_news,"Mon, 05 Fe",FIFA 2026 World Cup: 5 MLS stadiums to host matches - MLSsoccer.com. FIFA 2026 World Cup: 5 MLS stadiums to host matches  MLSsoccer.com,https://news.google.com/rss/articles/CBMiiAFBVV95cUxQSU9RZ0hUNmRvaGlaSndSQ3BOa0dDZzB0azhwMWlQcFlFQkd3YUtGRHdNcUU3S3BrNDU3RTNLN0dtMHlhQk5kQzdPa0FyZ2tHckJfUXhETnRCa2RxVmI5V2k2UDRWd3BMV1RkRm41TjRPWnJ2QWF5UUNhMTA5RV9Lb2lPaGU2c3BS?oc=5,
rss_google_news,"Sun, 18 Ja",$14bn Patriots owner building ‘vibrant’ new waterfront stadium amid Gillette relocation - talkSPORT. $14bn Patriots owner building ‘vibrant’ new waterfront stadium amid Gillette relocation  talkSPORT,https://news.google.com/rss/articles/CBMiqwFBVV95cUxNeGlSUDZCLWpESFl3RjcxSERrTTJsQVJrR3JQZ25EVGw3ZXRseENOTW9WTmFzMkRRbk5sakNwbi11RHEtU0lSV1E2ZmNfRkFTWHV2WnZYQmYxVk1BRVNLajE0d2I3dHgxbWJCUVA3M2liRi10cHVwalpCZ2pRdGFzOUFTRGZMcVNHY0Z0TEJsQjR3VjN5c1RBVU1MRFpwMDhPZzJ0dFRKRnRSazA?oc=5,
rss_google_news,"Mon, 03 Ju",Ed Sheeran Sets Gillette Stadium Concert Attendance Record - Patch. Ed Sheeran Sets Gillette Stadium Concert Attendance Record  Patch,https://news.google.com/rss/articles/CBMiowFBVV95cUxQTERKZ3RMM0xmT1dsakhQT0FPR3J6bXlabDlYUDZHc01pa2V6U195eWtSOTIydnZNM09BOU04ekJXV1RvenNRSmVWR0xvTFRlQ2h4S3Q2WVIzbHVjaWlhU1NHR3NzV3NXMWZhUnBjV2JIRldrTEJCa082VUx5b3JXY08tMU1QMkxYYTl6a2hRQzhDMWtxcGdfTDhJc0pXVUdORmRJ?oc=5,
rss_google_news,"Sun, 17 De","Chiefs beat Patriots 27-17, thrill Taylor Swift and Swifties in attendance - FOX Sports. Chiefs beat Patriots 27-17, thrill Taylor Swift and Swifties in attendance  FOX Sports",https://news.google.com/rss/articles/CBMipwFBVV95cUxQblU3S0FoWmh4b2N0LXI3WENPcjdjZXgwTjlCV2xGb3Vwb1VnOG8yS2RrM1g0cVdTM2hyT0xmMk9IRjVHUkd3WUo1MXltWWNDZEMxeUpLdnZmczlTdmtKeElWMXNhN1NaRThsY1d5TWJLOFdFT0FrLTUtbjY5MHQzOVlyU0JtdHhkQlBJZzlKQmhqYlJTNHFVZkhrR0g3bVhuSzlUX1V1Z9IBpwFBVV95cUxNdFMwUnIyX2ppWnk4OFhUZm5GcWhOS3hFWUxiOWlHWVZhSVExODR0SnFMRkhXbXpaNmZfTjk0b2VSal83RVdVRHEyUE5UbkpVbVBudV9ob1ZmT3FrZnNGZ29xWF84NkFGalExV0NHVHpPNjFpa042R1AtX29VczVSTmtMbEY2QmNTcHdEY3J1c3JYZGdsVERnQVhBOENvaGZIR0tGLWJoaw?oc=5,
rss_google_news,"Wed, 02 Oc",Gillette Stadium to host 2028 NCAA Men’s Lacrosse Championships - What's Up Newp. Gillette Stadium to host 2028 NCAA Men’s Lacrosse Championships  What's Up Newp,https://news.google.com/rss/articles/CBMimwFBVV95cUxPb3BEQXBEbEpVbXFPWUJ1U25UMHA4TlE2V21lNjZpZGtldFJWdVlsbVRMSUtlb3JwTDBvZU83VVpLRHdQbmFvTHFhVVQxVDh3U0h4QmN1dUdzY2F0STdqTlVRVGVGYWVWOS1IUmJDSUpYdGJVVFd6a2Q2RU1QM3o3S3JoemZodjZ0Rmh4SXB3VXphV3VOUDBwNEJFWQ?oc=5,
rss_google_news,"Wed, 10 De",FIFA 2026 World Cup stadiums: Everything to know - MLSsoccer.com. FIFA 2026 World Cup stadiums: Everything to know  MLSsoccer.com,https://news.google.com/rss/articles/CBMihAFBVV95cUxQeHJ4LVVRdTAtYUZXdEJ0Xzh2LWFGdVJrUG1kMTFmVk43YVYzbzctOXh6QUhmSTlqWENQRVpyc1IwRFFqM1M0UXUwSENDM0gwOHpjUXMzRXBPdU9QLUJ5ai1QZ2VMM3pkcnB1c0wxUGFTUS01WEVZTmpXYWZQbWtKVmczSlk?oc=5,
rss_google_news,"Tue, 18 Au",Patriots announce they won't have fans in attendance at home games through September - Fox Business. Patriots announce they won't have fans in attendance at home games through September  Fox Business,https://news.google.com/rss/articles/CBMiekFVX3lxTFBhblhkbmZTcTJHVWV1d1FOaFVoamF0TmlVT3daNkw5akdYSXZLZDFZcHE1S3Awc2hLeFRyaXV1MXdFblZuRks5clVxaWd3YnlDdml1dEhhUlNBT0ZNeEN3S2RfR01zcEVrMjBCR1UxOGxMUHRyUWlxRkx30gF_QVVfeXFMUEJMeXQ0S3VxWkh4UnlxNXBob3FLZHFnOWhEVkROOVB3WVJHRkRDcVhxVERRWC1UbUNLbGNxT3BFeHlIZFpjdEl4Q2tLaVZ2OXBvY0RId29oYlIxWjRRSTJKbEZ4ZkJBVy0yWE0xT19qUHBBZmhXYVJlaW03eUFDWQ?oc=5,
rss_google_news,"Fri, 03 Au",MLS History: Ticketmaster Technology Powers Record-Breaking Attendance - Ticketmaster Blog. MLS History: Ticketmaster Technology Powers Record-Breaking Attendance  Ticketmaster Blog,https://news.google.com/rss/articles/CBMilgFBVV95cUxQdWhCUHBjZHNfbW1McGlxamRTYXFPU3lCZEwycTRJMG5zVVoyODdQNDlrWGx0R2FoVmhoQ1RuamlxVm5BM1B1cV9Lc19TZUYwT24wR1kwR21WNEJWT0pVWEdjVm0zSGVtRmgwS0IwRHRRQVhyUkxpRGkzVlJva0RTaXZfRVBwZG1SVkpXUXhKa29PVDREbFE?oc=5,
rss_google_news,"Thu, 29 Ja",NFL: Home attendance for the 2025-26 regular season - The Big Lead. NFL: Home attendance for the 2025-26 regular season  The Big Lead,https://news.google.com/rss/articles/CBMihwFBVV95cUxPc0s3Snh6NWN3TGliSzNfRXdwQlB4Rm1NdHNhTEdjSDRhYWM1ZDlwQjhkb051UzBKRVpIRmdZMk1sbGtfNUJycUVNekZNZE1IczhYUVB0aGRTY1hpakZkQXJwMjZuVmUza3k1cFlCT25XWVk4V3BCS0ozMldOblNGbF9iVG55Sms?oc=5,
rss_google_news,"Tue, 08 Se",Which NFL stadiums are allowing fans to attend games? - The Washington Post. Which NFL stadiums are allowing fans to attend games?  The Washington Post,https://news.google.com/rss/articles/CBMifkFVX3lxTE1zTGJqOGhYM2p2eUNfcU5XYmFtaEZRelFNS2xQMXNId1FXMWdvNDYzQUZuTm0xODJPVGlZdVVBLWtkLTJWdWZ5OGVsdF9ndzhsVG5qTlZoYjY3bWxGUHNvV3dSVzJqRlZNTzlVVEtiNjY4eDFlakxBYkxmaE5fQQ?oc=5,
rss_google_news,"Thu, 26 Ma",Brazil 1-2 France: Kylian Mbappe one goal from equalling France's all-time scorer record - BBC. Brazil 1-2 France: Kylian Mbappe one goal from equalling France's all-time scorer record  BBC,https://news.google.com/rss/articles/CBMiYkFVX3lxTE9mOUFvNVpEa05VNXM0Mi1PYlRJTXhMQzk5b0JUVHVTNG1naEZaTEtFbEFESVUtSnZCMV9YNy1VamxRQVNPQkxHWlM5WXQwdkxfbEFYZXZ3QzEzUmhrWlZsUTB3?oc=5,
rss_google_news,"Mon, 14 De",Where each of the 32 NFL teams stands on allowing fans into stadiums - ESPN. Where each of the 32 NFL teams stands on allowing fans into stadiums  ESPN,https://news.google.com/rss/articles/CBMimAFBVV95cUxOZnJKcWtnVDlQNkM4dzNvLXhzdkxEakF6QnFLUTE0Ml9TaW9xdmY4c2RMOHVEamdsS2dNWkQ4MTRTLUFEenVSbUpxN0sxRlZzVmxtSEZCSjdrWnFrbEZ0YU5IUDR2eDFBX2xPWVJpb05OYjVpbXhqN2t5bWZwNENnUkdYVHB5UmhIQ1Q0NDUyZjk5bTJoMzQ5eg?oc=5,
rss_google_news,"Sun, 14 Ju",NFL Teams that Draw the Largest Home-Game Crowds - 24/7 Wall St.. NFL Teams that Draw the Largest Home-Game Crowds  24/7 Wall St.,https://news.google.com/rss/articles/CBMikwFBVV95cUxPMDNlX21lNFZDODNLb193c1pnZmQ1Snl2TDdPRnFiamhDbW1ydEtpWEp5RnpxVzFVUWRhUkIyZ1ZwNVcwRGptOEl2VXZ1cFRvSDBXN21FcHdIQ3R0MnJ5aE1JOXZ5cFZHclBlZ3FNNGtmTFVIOV9jSzdUdlEzU1RzWTZ6blBERlhzWUFDakhuNnF3SlU?oc=5,
rss_google_news,"Thu, 11 Ju","How FBS schools meet the 15,000 requirement for attendance, and why the rule still exists - The New York Times. How FBS schools meet the 15,000 requirement for attendance, and why the rule still exists  The New York Times",https://news.google.com/rss/articles/CBMinAFBVV95cUxQWWZVUjhQR1V6YkxkYkJjV0pIWU92R2FRVnJHN2JOVTZKQ09XQkhuZWFJM2I0U1ZxM3o0QTRsOG1DN1cxdzRDckVQSGV2R0Y5TlNlNHE0UTNGUnZabUVlWU1VdmdvSWRwRlVxQTV0T0s2OG1XZGp1SFBxV0hGUXcwZFJjaTU0Q3RzOU5xajdaWE9uT05vejJZYlBGUEs?oc=5,
rss_google_news,"Sat, 27 Se","UMass football attendance watch: 17,000 fans attend McGuirk Alumni Stadium in sellout - MassLive. UMass football attendance watch: 17,000 fans attend McGuirk Alumni Stadium in sellout  MassLive",https://news.google.com/rss/articles/CBMijAFBVV95cUxONlEyZk1wSFBVS3BqVjFRMHV4RVZwZ1RqUlA3TmJfaUhFVGdVTnlNWnBwWWltTzUtOW9NU0tZeHFhcURBRTJiSGFCcEdlbVNaZGxDSFNlMFZybHpENi1IelFNenVaZmVpekhWR29TeHE2dVJEOUc4WjBYcFZEcmZFZDcxVVB6aXZKT3A2SA?oc=5,
rss_google_news,"Fri, 07 Se",UMass football lease agreement with Gillette Stadium has unique design to prevent total failure - MassLive. UMass football lease agreement with Gillette Stadium has unique design to prevent total failure  MassLive,https://news.google.com/rss/articles/CBMiigFBVV95cUxOUVhhanBJZUlxQzItNG1WY0pKZVQtN2plT0pLZ1J3S0IzMGVOMUtPQm1RODB4alhPVEladE5rNlV5bE1BZDJSeU5lak5pLUxaWFR0aU82Vmc3Q0lkbzBpQXBjanRCTmZiZHVUZElMSkwwdmVTR0J5WnQxYXh1NjFPTDI3VTUwbnJiVUE?oc=5,
rss_google_news,"Mon, 16 Fe","Revolution have promos, package deal to beef up attendance - Boston Herald. Revolution have promos, package deal to beef up attendance  Boston Herald",https://news.google.com/rss/articles/CBMinwFBVV95cUxPSWZpUlM4OTZ6b3pudHljaVA4RWZCVHI2MWNmUG51YW80c1M0ZG56Vk1WeWQzeWs3emJzLTdvM3VNOVVtWUNPV2dwbHRvMkdkZzlPZENZRkdLN0luX3VMNm0xQWFCbDdzb216X3BVWEVUMjI0bnc5T1VmdG5RU2Y1Vkt3eVM2TzlSc2tXdWhveUE0Z0w5SC1wWmJ2SWJsN0U?oc=5,
rss_google_news,"Fri, 13 Ma",Diego Fagundez returns to the New England Revolution as a free agent - revolutionsoccer.net. Diego Fagundez returns to the New England Revolution as a free agent  revolutionsoccer.net,https://news.google.com/rss/articles/CBMilAFBVV95cUxNRW5FNUtlcGhLMDJrQUNsZXd4MlU2VmFORGNaVG5NVElrVGRFQXB4MGYzTTZHaGVoMVVJYU1zWTBsUG1VWDFRb09XSUxpR1g5WWdfWXFWeWdNYVNMR0lZLXUzOXRkbU05Yk9sdVdIaU41ODltYVh6WVBQcDlhaTBnSVFaSVpJLUUzT2lzNzBfajd0Uy1X?oc=5,
rss_google_news,"Mon, 23 Fe",Da Inks Short-Term Agreement with New England Revolution - Duquesne University Athletics. Da Inks Short-Term Agreement with New England Revolution  Duquesne University Athletics,https://news.google.com/rss/articles/CBMisAFBVV95cUxPX0ptTXFpT1hUT3p6Uzhla3BjS0g4SDVHM0R0c3piM0o2S3dDbkpvcC0zclVOVjFvOGhtUVBYS19NR00weDEteHd6YUI1TzNhamFselZGbjFmY1dMN2Z4MHFieDlFR1RqN3dpeHdpT1dZd3FYNldaaHhnTDJBa2RMbFB6b1RsV21XaVpaVUxSRWJxS0R4MjhXb0dDcTJocWoxSE9pbmFsUEZyMkFpT09CUw?oc=5,
rss_google_news,"Mon, 15 Se",New England Revolution part ways with Caleb Porter - MLSsoccer.com. New England Revolution part ways with Caleb Porter  MLSsoccer.com,https://news.google.com/rss/articles/CBMiiAFBVV95cUxOM0dDNzBmTkt6TDNyaW5IeE45cGh6bHFCUmpFQjVfSnhqMFJpc2lNc0FOU2pDenFqZVNYS0hMdWdoSGRUdWN0YnVoRnl3MTY0ZGRkdVJzb0xjcE5wUkx4bU15dFdWUkY1eWJGM0p6WUlkN0pOSVNmUUtYaFB1TXVNOFJlOHlQdW1W?oc=5,
rss_google_news,"Thu, 26 Fe",2026 New England Revolution II Preview - The Blazing Musket. 2026 New England Revolution II Preview  The Blazing Musket,https://news.google.com/rss/articles/CBMifEFVX3lxTE53N0cxNVo2bDR1cFZmZ05GWkk4MXpnWHgyNXFTdTRlV3Ztb1RjWGlpR1FPQUFpeHZ5cExWY2NIRkk2NE52TktCeFBRWVFXYzdROVNaek91eU9fajRZRmpYR3NmNTNOdnRNc29hcmE4aTFBWVZnaWE2RUtuN3Y?oc=5,
rss_google_news,"Mon, 23 Fe",New England Revolution II sign midfielder Carlos Zambrano - revolutionsoccer.net. New England Revolution II sign midfielder Carlos Zambrano  revolutionsoccer.net,https://news.google.com/rss/articles/CBMimwFBVV95cUxQZFNSbFhEZTZUZWxURHdqSHozdnQzMVJsUklpQUlTc1FVaUFtTlNpNWpVWUxzSTNoaE1MOU9aOGgwMXlLbWpjczNUN2xHQkNrZmZmX0I2UHNqR1A2Mi14NXBCb1UzLVZLZ1UzRFRMNHc2YmZ5R3dUenBGaEtQRkJSOWwzY0VObGtyRXUtRjRHeWU5cGRnQlpEWm5sYw?oc=5,
rss_google_news,"Mon, 15 Se",New England Revolution fire manager Caleb Porter - ESPN. New England Revolution fire manager Caleb Porter  ESPN,https://news.google.com/rss/articles/CBMikgFBVV95cUxPUFUybU9fYWhORURfTzB0TnNJbnd3NlVtemNUVG9JWC1hTEFuY3ZBWWZhQXo1X2VNOVQzdWtxY3lJQ2pZT0hyVGd5RnpYZkVYYU55OWQ2ZFVVTnFvWG9zYjA3OUhXUzNVT2ZCZDRPeTJnMFcwZGc2QkRvbmtjN0hDQ1ktZEYtaGlOSUZSRldmVjF3QQ?oc=5,
rss_google_news,"Mon, 05 Ja","New England Revolution II sign defender Jake Shannon, re-sign goalkeeper Max Weinstein - prostinternational.com. New England Revolution II sign defender Jake Shannon, re-sign goalkeeper Max Weinstein  prostinternational.com",https://news.google.com/rss/articles/CBMixwFBVV95cUxPMG9rWjJVT3AyN1Z6SlZ6RlhEV202SVB5RXotWVpLTTJUS3lvVVRmcVJlREJyNjZTb2V5dWZ4OHlLLTZ1SEJ3V01Odl8xbk5jbFJLakRUWmItbUZ0d0Z4M2VjZVJtTS1ESUJlZzlOLUFSSklTYVpOM3JQdHVrRm5EX0VmS0xNNHpoc1NHTWJ0d1A4N1E4OFgyaDhRNHJzb0llel9SRmd2M1JaZFJfVi1TVGhzQ3NwN0tPcUQtTzQxbmIwYlYyUjdB0gHMAUFVX3lxTE1PbG8zM1VsWTMyVVJNQ1pzcUJfcmN0UDAzWFA1eDlZMURaUFJKMVVWTVg3YVV0bFNOZGNuNmFiSUxadUo4UDdXZ3Q2UXUyMkVqNmpveDZJZlBNQWRTRVVMLXhIZFZnZTZnN0dLdmxwNDFPOC1DSXFldVNVYTJxQWpuX2ExdE1QeGFxa05oX1pTT2FfQV8weHJUQ09tdUt6Vi1zdHBNb3k2eldzQUdBNEhIUWJXOTZoSkRUZlJrby1FZWJyNDIwZk85bDRNSg?oc=5,
rss_google_news,"Mon, 15 Se",Caleb Porter fired as head coach of New England Revolution - CBS News. Caleb Porter fired as head coach of New England Revolution  CBS News,https://news.google.com/rss/articles/CBMiigFBVV95cUxNelkwQ1hsMnZJUENYSXNlR3hiX01ZRVdSbnZ3YnlGYnhldlM2cEpXZm1ZclFidW85SEo2aXVnNVpveVZPQ0pkUEtVWFNRZGU4SGlrRHRRN3U4c2JjTHVrMlVpNXBjOG1HR1doV0hOcmlCVFVlMTNBRl9WME9nZ2tZbmVCaG5KdTJ0R2c?oc=5,
rss_google_news,"Mon, 16 Fe",New England Revolution 2026 Season Preview - OneFootball. New England Revolution 2026 Season Preview  OneFootball,https://news.google.com/rss/articles/CBMiiwFBVV95cUxNcm5DMnZLc3NxNjVhYmhRLVRyZVlVMUJoVXduTm11Y0hUeVJ2U2pycG85R0F4RnpwcVhoSTRyZDZ4RjZlVndpT2tPT204MGQ5eWNjbThkN2IyME1KVDUxeS0zZi14aVhFRlBwOThESFJxbVdQLVBkSlBwazdoNGswcnk2UzUweDZaOXdv?oc=5,
rss_google_news,"Wed, 25 Ju",Renasant Recap: Nashville Soccer Club Undefeated in Team Record 12 Matches Following 3-2 Win at New England Revolution - Nashville SC. Renasant Recap: Nashville Soccer Club Undefeated in Team Record 12 Matches Following 3-2 Win at New England Revolution  Nashville SC,https://news.google.com/rss/articles/CBMikgFBVV95cUxQSk1HcWYxcGVBSFpCUE4yRUhXX095QTd6WnBpb0J1T3ZUV3J1S1pIZG41RmZycG5OY0piRHdyNHMyeUloRXJ5bGNiZ25CckZadlhtck95aEhoa0RqN0htQ2VWRkdtT3B0Q0c4UWNWNHVtUWpqZVdJS09GRk9zbkZySEw0bTZsakZlZ1pkcnhCV3gzZw?oc=5,
rss_google_news,"Tue, 16 Se",New England Revolution fire coach Caleb Porter with 4 games left in the season - WGBH. New England Revolution fire coach Caleb Porter with 4 games left in the season  WGBH,https://news.google.com/rss/articles/CBMivgFBVV95cUxONkdBaGd0WVRjcmI3MFlCamNuOXZlZFlDNmNhdk83U3RhNzFhS0g4RDFUdmJOakIyYmxUa3FNcGMtMEZ4R1E3ZUdBbVVyYWwxaGptdV93aXFrRWxGTUtITmJabnoza1BpWTFiLWNQcnpPa0t1dVJySG9oOE96emRPVk5RckUyR1JrLTN5TDlsRml1c3ZlcDZLc292el9lZk00NnlqQUJYNXNrQlVEeVNySVRtZUExQjhpRFJBZ1ZB?oc=5,
rss_google_news,"Fri, 26 De",New England Revolution trade Tomás Chancalay to Minnesota United FC - revolutionsoccer.net. New England Revolution trade Tomás Chancalay to Minnesota United FC  revolutionsoccer.net,https://news.google.com/rss/articles/CBMigwFBVV95cUxOOXhpM0ItaElPQnIxYVhfVEZDczNwQTZqYTNUT3hrMkhRdWFyaVN6cXFQaFFIV2tHaEl2dGNOZlo1YlgyTDNXZHNqclJRUHVpSUQ0U0k3Ql9IR01ES0ExMi1IQW9HRHZkYmttWFo4WGVjWDdTSzk3TUxUT2lFb0VQRmdnQQ?oc=5,
rss_google_news,"Wed, 31 De",Revolution acquire American defender Ethan Kohler from Werder Bremen - revolutionsoccer.net. Revolution acquire American defender Ethan Kohler from Werder Bremen  revolutionsoccer.net,https://news.google.com/rss/articles/CBMiiAFBVV95cUxPdUpZNi12dzNQUm9LbHVuQ092LWRSNXB0QTVYMmVVcVRmOGFXQ2dQT2h3a042aXVrLWpUZ0tueTdiYjhVQXBuLVRpY3lNUzhIQXJQVTdZbXFBcVJnZlQwazZvdHpMRUtrTzFmZlk2Z216YUtVb3gydlpOeWhyblpjTnIzbWh6ZmxI?oc=5,
rss_google_news,"Sun, 05 Oc",POSTGAME NOTES | Revolution II close regular season with 5-2 triumph over Inter Miami CF II - revolutionsoccer.net. POSTGAME NOTES | Revolution II close regular season with 5-2 triumph over Inter Miami CF II  revolutionsoccer.net,https://news.google.com/rss/articles/CBMixgFBVV95cUxPZFBsZC11dHdBTlhYX2doeVJSNTJnczBmS1ZFckpLZ1lZTm1BeDNpV1hQMnpwV2tLUXNrYTI4YnV2b3hGV0ZzQkhmWlVlTG1MWVdBLVlLTG5oZGNIUDgweHJlVk1UN2xnWFN0UGoxYU5SRHpNU2lubUNsUW1MS0NtYi1CTmUtbVRIMzlhaHBHN092bE9ma0RSa1dWUGhjNWExYjN0Tnp0Zi1MU1hMMjR4VGNEa3dLb3dSeUlvWUh0b0JLUjl0THc?oc=5,
rss_google_news,"Sat, 04 Ap",Revolution loan defender Keegan Hughes to Birmingham Legion FC - revolutionsoccer.net. Revolution loan defender Keegan Hughes to Birmingham Legion FC  revolutionsoccer.net,https://news.google.com/rss/articles/CBMijAFBVV95cUxPMWpOSFJPb0tRd3Nvam1wRDNmQUZXRjgwcWtSZUVLLTZ2ZGhTc1ItR1ZicGVwTmtqWGtEN05XRkY3SERfNGc0ZXJFQ1NKbXViaDBTTlItRzNSMFdpdXZDM0F6M0FqRU96YzF4V0l2ZVd0TmVGMTliaVY2ZVRtN2VuOFR5N2xOMy1XcWpBRg?oc=5,
rss_google_news,"Sat, 23 Au",Revolution II sign defender Chris Mbaï-Assem - revolutionsoccer.net. Revolution II sign defender Chris Mbaï-Assem  revolutionsoccer.net,https://news.google.com/rss/articles/CBMiigFBVV95cUxPcjlkMV85Z0dHam5PeXdLdnNXRDhEd1NNa0x0M2NyZHVtSzYtN2E0OHNlX2t6djNQVVQ4VGd4ZjBIcG9Vc3RsUjdKcmdMRzBmeDNIWkJNNG96NjVPWVVjSFlfeUdCcXY0RkdIX3JTQV9hWU9wTUtZLUxnd1VTQkJyVmhXczMxMFdQRlE?oc=5,
rss_google_news,"Fri, 25 Ju",STARTING LINEUPS | New England Revolution vs. CF Montréal (July 25) - revolutionsoccer.net. STARTING LINEUPS | New England Revolution vs. CF Montréal (July 25)  revolutionsoccer.net,https://news.google.com/rss/articles/CBMikgFBVV95cUxQTm5HbzBUWmw4bFI3ckdMaFRUWWx4djJMNGp0SU9qa3FVSDZ0S1B2OHp5SVJORGxuNmV5U0ZZQjJxYzZqYjJPem9BTlhkZVJmV0Fxbm52Z09saExiT2JfN0w3cEo1dllBSVdzSG1wa1JScEFrOTgtXy1uQm80azdReHZ5U0w2ZE96QmlwUDBwbmVEZw?oc=5,
rss_google_news,"Thu, 17 Ju",Revolution II sign forward Sharod George - revolutionsoccer.net. Revolution II sign forward Sharod George  revolutionsoccer.net,https://news.google.com/rss/articles/CBMihAFBVV95cUxPT005WWlxYlJ1cEZMRDFVOV9TVlhSb2F4OThqTmx4bDM1ams5YVlMUFZkNDZlTmN2WE5yMjN0SDAtNUxNd0ZlbzE5SENfUWk1SXduNHh6bmxVb0ExaFhReGliRllhbi1GTXltVElMaUNaLUF2MlNPVXh0TExSZkdsYndpbEY?oc=5,
rss_google_news,"Sat, 28 Ju",STARTING LINEUPS | New England Revolution vs. Colorado Rapids (June 28) - revolutionsoccer.net. STARTING LINEUPS | New England Revolution vs. Colorado Rapids (June 28)  revolutionsoccer.net,https://news.google.com/rss/articles/CBMilwFBVV95cUxQcmdkYU4tYzFoRGlYaXZBWnpRaVQ2TzVmZ1ByVENLcHltUGQtcXplbHdrSVhpQVB3NXVreTBwR3M1STNVSE12NjVEQVJtUzA2d0lmTFRfS2lGdjluWlhYakdoZTd6ZDhnYUlETTh6UjAwaEdtandWMDUwODVxRnpVZV9DU1RhMmU0TFBBdWQ1aXFNZE50LTFR?oc=5,
rss_google_news,"Sat, 31 Ma",STARTING LINEUPS | New England Revolution at CF Montréal (May 31) - revolutionsoccer.net. STARTING LINEUPS | New England Revolution at CF Montréal (May 31)  revolutionsoccer.net,https://news.google.com/rss/articles/CBMikAFBVV95cUxQak5uT1VqcUhLb0hIV0VyUW1IUWl4ZUQwSElnVmh0bUVxUF9qdGM3UFEweDE1UkxDZnJ4U0ZwUkFiUHpxTFk3Mlp2c0ZBTmhpaWNJMm95bm1zVDd0MUtUNU4wS1RxNU43N2FLaTVvMVFsREN0Z1hKT3d1SWtVOWNGVjE5bkpyVTlsWURoSnkxenk?oc=5,
rss_google_news,"Mon, 15 Se",Revs fire coach with 4 games left in the season - WBUR. Revs fire coach with 4 games left in the season  WBUR,https://news.google.com/rss/articles/CBMie0FVX3lxTE5vRlBreWp0SUZpNFozRTFuT0ZUVF95SndmX0x5d3JOV1FLLTItRm1SS1BnaEhxNXRhcl9ZdExLQzYtTzZicGhIOV81YVlLUzBqYTJLTS1PLWxrYzREOEdDQi1ySlZYdkpBbFcyTlBrRHZfMGV2U3Boakx3SQ?oc=5,
rss_google_news,"Thu, 29 Ma",Revolution II sign forward Michael Tsicoulias - revolutionsoccer.net. Revolution II sign forward Michael Tsicoulias  revolutionsoccer.net,https://news.google.com/rss/articles/CBMiiwFBVV95cUxNQlN6cGJwODZJUU90dG9YSVFBazJLRURxWHAxVmQ0LVVrUjVlYmgzaG1Ra2hPRFFlaXF4ejdnZGItTXppR2Npb21VR1MwQ1dwNjhJNmpoMzIxMVMxYUdBaFFNMVl1OVVGOXpXVWcycWtZbGtVdFNybE5VTGpEY2FmUWpQVVFDalQtelpN?oc=5,
rss_google_news,"Fri, 24 Fe",Revolution re-sign midfielder Emmanuel Boateng after successful preseason trial - revolutionsoccer.net. Revolution re-sign midfielder Emmanuel Boateng after successful preseason trial  revolutionsoccer.net,https://news.google.com/rss/articles/CBMinAFBVV95cUxOTVNHd3NiQ3cwSXFFQVUtTVQ4V3Q2OU1fcnNPdG5LWVktM3JxdHY2WE1HQWRjNkZTMDRNZWM3WlhkNk9wMkFUN19tekV1LTVWcnRWWjU5NDRsbXdpWlhiZTJGQS1UOEtrQ0dBNWpERWVkY3loUEpfV29OT1VXeWR0TkN1a0tDMkhnRm5uUHVwTEhiY0pkb3lFc2Vvd0E?oc=5,
rss_google_news,"Sat, 15 Ju","MATCHDAY GUIDE | Revs vs. D.C. United (July 15, 2023) - revolutionsoccer.net. MATCHDAY GUIDE | Revs vs. D.C. United (July 15, 2023)  revolutionsoccer.net",https://news.google.com/rss/articles/CBMiiwFBVV95cUxPbHZmUVF4cHcxcTJNcUdoWjFfTkdzdVVuZnV6cEdESnFnUElZRlMxa1FjckdCYkwtUUNUby1ZQzB2c0U4Vzl2RFdQNEtUWExPNXd0QjJhb2tMLU5oLWtoeU5IOTA1MjJPUnN0WjJPNDdwRDNKcURGTF94dzlJcE9IRWdDN1RKd2hoXzNR?oc=5,
rss_google_news,"Thu, 31 Au",New England Revolution Academy Expands to Add Under-13 Team for 2023-24 MLS NEXT Season - revolutionsoccer.net. New England Revolution Academy Expands to Add Under-13 Team for 2023-24 MLS NEXT Season  revolutionsoccer.net,https://news.google.com/rss/articles/CBMiugFBVV95cUxNaTUzRExhU0FaS3NoR2VhaXBaX2xQVHlsWmhTeTZEaTJEWnBkcFdXalQxVkNlMEo4TjIyT0cwcTl5VWg2dG9fUWk5alpjUWF2QWRkZ1JCSUc1ZVNleXE3Q2l3SmFvRFlzV0IyMDhRcEN5N0doNnFTLTdRSnNtYk1Xei13VXN1S2x0SV9RUXdhaTlHOGdXOW1seF8xZFpRVTdJaGZ4ZkZZX1RzdnJVc3VjSzNVeTNyMGhuUVE?oc=5,
rss_google_news,"Sun, 22 Oc","PLAYOFF SCHEDULE | Revolution (5) begin Audi 2023 MLS Cup Playoffs at Philadelphia Union (4) on Saturday, Oct. 28 - revolutionsoccer.net. PLAYOFF SCHEDULE | Revolution (5) begin Audi 2023 MLS Cup Playoffs at Philadelphia Union (4) on Saturday, Oct. 28  revolutionsoccer.net",https://news.google.com/rss/articles/CBMipgFBVV95cUxPNzhzcDZ6RVpVRmdEaDBOSThOQjdlTEJpMnNMMGx3WXpRenEyaXdkYlBCdS0tendJZGZwOTRmUmNzMlJ0SURsYnB0VGxSdmdvcXBwNGJFYmpySWh3Ui1KVHhhQ0h5YWRPQmZOM1BHclg3Z2pwSklsRWRpbWRqYTZWR2Qtc3lINWNvNXBXaGdURmpkNzU2Wmpsc29nUnA2cjljWEI5S05B?oc=5,
rss_google_news,"Wed, 20 De",New England Revolution announce 2024 schedule - revolutionsoccer.net. New England Revolution announce 2024 schedule  revolutionsoccer.net,https://news.google.com/rss/articles/CBMiiwFBVV95cUxPNEFhd1FuMXdJOHNwcEhKMkhkMXdoWlczNkRvV3pIbHdPMVowakIzTnpZaGxNN0luc1FKdXhURmY0T21XNFBaWUtvUzhCWWREUE1wUmpmaGExRDgyTzJaX2pDMHFCTUtIbVVqMjBUbHVfWEZFc2hjZlc2M01MNXVZeXhNZi1jWUV0eXgw?oc=5,
rss_google_news,"Thu, 03 Ju",New England Revolution II goalkeeper Max Weinstein loaned to Meistriliiga side JK Tallinna Kalev - prostinternational.com. New England Revolution II goalkeeper Max Weinstein loaned to Meistriliiga side JK Tallinna Kalev  prostinternational.com,https://news.google.com/rss/articles/CBMi1gFBVV95cUxOQ3piNDFDclJObUxlbjduVkxhQmNwbV9OYVFhSmpCUjVBVExtcENudmZ0cXI1eVB2d29KaUN1aElxZjVGR2NUR0oxQTZYRDB4OVhtaG9fWmZlTEdqX1FaRU9xNXlFSkxva2pjeHlMaUdoc1pvVXdIYTF1V0NQSy1Vby05VHhLVVh5ZEplYzkwYmxrNC1RdzNKdXlaM2ZkT2FYZmxQUnRNTDI4aGJrVHl3eTE3NlZKNzh2NFRGT01YWkRXTWF4amktSUd4Rnl6Yi15Y3ZVN1h30gHbAUFVX3lxTE4tckF3MWtWSGhhZ0ZzOUpINHZyMDYyZ3NtSWZ0RUg3R1FicHZtY2tPd00tTnNJc3pQbVZ5ekxqSW1nX1d5SUM5YXlfRnQ3enpSazBuVDdXTmdzNGtWQ1Y0OVdqQmMxNFhrZXZYcFJ2angwOUJSVHJmNEFtQm4wQVZ5VXRsZnI4eFVIcWJKZ2xIRGlyVHJYSjlMdEY3M3psMHhWVm9sZVlNTW45UjFxMHdrcTBJUnF2dEswSkpuQnhzM3huWXFIMjdROXB2amctRXphd0F6TmE4SnhUSQ?oc=5,
rss_google_news,"Tue, 14 Ma",Revolution II Announces Schedule for 2023 MLS NEXT Pro Season - revolutionsoccer.net. Revolution II Announces Schedule for 2023 MLS NEXT Pro Season  revolutionsoccer.net,https://news.google.com/rss/articles/CBMioAFBVV95cUxNTlZxWkhxcWxZV1Z2SzBfZ093bzNhaExnNzVzeHY3NGxHMkhZQ01OaENLZ0J5aTlWRGxVNTh6Z0NpOXJCNnB2UGg1dmlkcnJMV2ZoVHAtalZJRDVWRnd6NU11YjVZc2lPSkV6TmVtdThrT1loSkdpMEFUdVhZeWZ2d0lxd1BucnFhZkFZRmNPZ0lZY2dMNTJIcGFSQ1dIVGpt?oc=5,
rss_google_news,"Thu, 30 No",New England Revolution name Curt Onalfo Sporting Director - revolutionsoccer.net. New England Revolution name Curt Onalfo Sporting Director  revolutionsoccer.net,https://news.google.com/rss/articles/CBMimwFBVV95cUxQLVQ1cDgtdzJ3TGhlTUFJdElJWHhpY1hTNjNNTl8zSkNRQzZqVTdGT1VWVTk4OU9Rd0pZbEtVVkttUDA1UVFHUklNV1dkUU01UnJ5YWZIWEM5OWl2MXd2OXFicERQblB4QVdIeHduY2Zla24ySEhta0s2Y1RBZUpTbFpsVG5DY3N6OTlrMkFLUkQzMlBHQm43Wm9SRQ?oc=5,
rss_google_news,"Sat, 13 Au",2023 Season Memberships on sale now! - revolutionsoccer.net. 2023 Season Memberships on sale now!  revolutionsoccer.net,https://news.google.com/rss/articles/CBMinwFBVV95cUxNMXNRbzYxOEtRWkFlTHBIcVRkLTZNWURwOWtnV3EyV3VrVFhZb2I1VmFoYVVtRVg5R0pmZnJQOU1iVUh0ZUtQR0UyMmQ3Rk5HUFZqZm1PM2lrVklxQUppNWhYU1dDemNsX0NQazRPNmpMVHQ0aVYzNHpSZkZ1WjJtb28ydDVjQVhhSnFEcjlGdm9uUHF2dWtJekhyakdLY2M?oc=5,
rss_google_news,"Thu, 13 Ma",Keegan Hughes - revolutionsoccer.net. Keegan Hughes  revolutionsoccer.net,https://news.google.com/rss/articles/CBMiZkFVX3lxTE9xeUdFakpqT1dlWTVWNEY3bzRITGNpNlNvQktRTDhyUUhCVzNaR2hZVjJqSXZnN0R4UEQ3cGN4NktQaWNyQTY1Y2FsdkRrUTlQTGp0dzlSeE56SG5zQW5IWFZXNHZuUQ?oc=5,
rss_google_news,"Fri, 21 Ju","New England Revolution Academy Highlights | June 21, 2024 - revolutionsoccer.net. New England Revolution Academy Highlights | June 21, 2024  revolutionsoccer.net",https://news.google.com/rss/articles/CBMilwFBVV95cUxPQUd3ekFfTmtZN0E2Mnc0RkM3MFVvLUw0LWZ0WmlWOHRic21hOElEZ0FWN3RqRk5KSFc2WXdKRWg5X0VIV3JhYV93ZTFrek1DR3BqLWN0YmduTGUxeEwwWklnWDQyNG42VHNsaGw4bmVTc0JlT08tczZCR0dLT3VUV3FoX08tYVduY0ZIWHBmeVFiNVk2c1c4?oc=5,
rss_google_news,"Sat, 17 Ma",STARTING LINEUPS | New England Revolution vs. San Jose Earthquakes (May 17) - revolutionsoccer.net. STARTING LINEUPS | New England Revolution vs. San Jose Earthquakes (May 17)  revolutionsoccer.net,https://news.google.com/rss/articles/CBMirAFBVV95cUxOaHcwcnd3ZjRTa1VjUnZCYVZVaVVPNW9Mb2RhYTAzY1lXOXVab0Fva21zVU54NzZWaTVRc0NhT1Z4V2xRX1FaUzFzU3RMTjkxWWZVQ1pDS216bUxHeEx1d2RGSlRIWFlPQTNxYUM2cFRyNU81a04wSTM3T2xEZW1nSl9Vc0VtV1R3aFROLVZHSmdDWlM2NzMxNlVteUh3ZllaVXN4b25QcW9ucXFq?oc=5,
rss_google_news,"Fri, 06 Oc",POSTGAME NOTES: Revolution II Advance to 2023 MLS NEXT Pro Eastern Conference Final - revolutionsoccer.net. POSTGAME NOTES: Revolution II Advance to 2023 MLS NEXT Pro Eastern Conference Final  revolutionsoccer.net,https://news.google.com/rss/articles/CBMiugFBVV95cUxPdl9GaEdVMWtqeTdQNlBqWjdSUXJTbDdjZm51SUNOWlBUa2k3LU9FUXp5ai1BaTZpamhZc3laMThVUjdjaVRjWW9YQ0I2cHU1SE9yQ1M4WHlZSmthRHdFcjBLZ0FReWwxaElhX2pqbmlFYWNuVXp6ZUNoVl9RSno1WXB1ZWtpR3lrVnMyYzA5c0VPNWNNOG1idWhzY2JDUzdjVVRMbVdJV0h0MWN2RUI1Vjd3eU0tVmdPc0E?oc=5,
rss_google_news,"Tue, 09 No",New England Revolution re-sign Gustavo Bou through 2023 MLS season - revolutionsoccer.net. New England Revolution re-sign Gustavo Bou through 2023 MLS season  revolutionsoccer.net,https://news.google.com/rss/articles/CBMipwFBVV95cUxNb3JfLTByQnVZNGlLbldqcmVlYjhlVWVqMlEwbDhNMDlDUVY1QnIyWDBhNWhzWXMxc1ZkX09oWDBBNF9kUFh3c2lrVXdaX21hWW1SUmgwZnpPYTVvdDIxZl82VHNwSVlUdjJfekp4N013YXV2TnNtZlRldXpEbWRtQ3RFaHRwdDFPRTFUaHVjN3ZfaXJNbWhuNHpUeU8zbVRaLTVPOUZSUQ?oc=5,
rss_google_news,"Thu, 19 Oc",New England Revolution announce 2023 Team Award winners - revolutionsoccer.net. New England Revolution announce 2023 Team Award winners  revolutionsoccer.net,https://news.google.com/rss/articles/CBMimAFBVV95cUxPSndHZ1dvTGQ0X1VuRERyaVM2NnEtVzFoa3lXbVVEaGJrME1mSGZFRmpoYW5PVG1LYmFGemJCdTdNUEhkWnNOdlE2dTFjdGZ0ZW1BYUVyUnJjaWJ0R2MwalpGTFVqQnlSNU1wNFUyaEdGaERYR0ozMW5YcU8teE9VSDVqbU5fVFNZdkxWdDhDSTQ4aTBCRGJrag?oc=5,
rss_google_news,"Wed, 11 Oc",New England Revolution sign defender Henry Kessler to contract extension - revolutionsoccer.net. New England Revolution sign defender Henry Kessler to contract extension  revolutionsoccer.net,https://news.google.com/rss/articles/CBMirwFBVV95cUxPWi1UTU5TdmRwX05fc0txYndRQTIteXJKTHd5UXloU0ZhTDlibmtxQzFwbGNRZmxsZEhEaDNDaVpkbE85T1Mxd2wxTUpWWllHZXR1UDdHdndOQXllVExGdDRjM016SjVLTHgzTjVZeDJieERJYmRmVWNmVzVVZ0daVHljQjFWOC1pOHZ5RFZXUUJNN0JPN1Z2MDJzcWFoQW1aMl9valRtVTFfS3NBVjBN?oc=5,
rss_google_news,"Thu, 13 Oc",New England Revolution announce year-end roster moves - revolutionsoccer.net. New England Revolution announce year-end roster moves  revolutionsoccer.net,https://news.google.com/rss/articles/CBMilgFBVV95cUxQNi1LbnIyS1pJUVhRVTJJc2NlWXQ5NUIwekpvWkttZEFUZ3BQNVlvVUROalFDZnNIYzRhcVA5TjItZEotalNqR3dUYkdlVDcxUXp5OVZ1c2p6UFFRYnRlcG83NjBSR25qMW9zWEg0VnBlZEotZnJpYXNuYmhEQ2FBbFJFZmlRaWkzVHpwZkNZeWhjY25SRnc?oc=5,
rss_google_news,"Thu, 05 De",New England Revolution II sign Boston-born forward Jayden Da - revolutionsoccer.net. New England Revolution II sign Boston-born forward Jayden Da  revolutionsoccer.net,https://news.google.com/rss/articles/CBMinwFBVV95cUxPcWY3Q1FsS0tfUFhCSnQ0ZFJ0UWxZeDhyOFBQa0cxcENOVXJaX1VNQk9DYVYxNm1jVnRkNkM4LVBjOWJKRFlseEFVSzdJdVQ2eHgxZmxMUmVlVTlVNEhVUnlTTTZqV0gxNjFKSy1pclBTVzMxN1EwX1JVM2NQa0VMMlJoSDUzZWNRWUVycnNZTkx6OVljdXZuMWxPWTFGTTA?oc=5,
rss_google_news,"Wed, 22 Ja",New England Revolution sign defender Damario McIntosh as Homegrown Player - revolutionsoccer.net. New England Revolution sign defender Damario McIntosh as Homegrown Player  revolutionsoccer.net,https://news.google.com/rss/articles/CBMimAFBVV95cUxNVTVuRFVuUDRPNnFRdmlfaXpkUFY5SjNvRkVvenY0ZlZvWFJfZE9lNk02eDJVV2tQOWJxaUlFTnp6OE9PT1dkZ3JoYlhpeTUwSTVNU2NjRjRLblZzcUZBN3plZzdwdE1keUdyVVMxSjRFNHNsdDJaemlDUVhLWDMzbm5jMnlPYlEzTE1FUnplM0ZQSnJGWW16Zg?oc=5,
rss_google_news,"Thu, 25 Ma","New England Revolution Academy Highlights: May 25, 2023 - revolutionsoccer.net. New England Revolution Academy Highlights: May 25, 2023  revolutionsoccer.net",https://news.google.com/rss/articles/CBMilgFBVV95cUxNMW0wQU1WUi04OXZ5dEZaV2ZOR3N3cVRlZVotSVJOVHl6NWEwRzRMb0RjcFA4VFlnRlRpRWlnVTNxRXBrc1N1enJON1ptdTZKeEJvRW9pV29tZmwzbXFlaVBlR0pmTUZoZzdUaVYxc292ejlDTlk0MTFTa1phUnNmY09adnN6aEszRkg5bTl2U0pZNTdpT0E?oc=5,
rss_google_news,"Tue, 28 No",New England Revolution exercise permanent transfer on forward Tomás Chancalay - revolutionsoccer.net. New England Revolution exercise permanent transfer on forward Tomás Chancalay  revolutionsoccer.net,https://news.google.com/rss/articles/CBMipgFBVV95cUxQNGFDeHBhcEQtUUYydURTdmdKR2ZoSncxRkZxdmo3cnhpYXRHeER1Vlg5VHZ3U3cwNXBiVEhvZWhxeEJzYXo2aDZBU0J1TF9uSDV6cXdiRjV0ZTg4VHBPcHRmYU50a1lOTGg5QkZPbUhHaEZuM29COG5mMnh5NFlyUENxZjBicDdiVV9fVm9ZOEFxbUY3dWJ2VWtZbHNIc1EtR0FZSlp3?oc=5,
rss_google_news,"Tue, 09 Ja",New England Revolution part ways with goalkeeper Tomáš Vaclík - revolutionsoccer.net. New England Revolution part ways with goalkeeper Tomáš Vaclík  revolutionsoccer.net,https://news.google.com/rss/articles/CBMioAFBVV95cUxNdTByb0FRNGlTYXFnYzNHakhOUzhyM21FR0ZicDhaRkxFVTFmREx0dThlS3M2a3R4YXNKTVhJSDNIeTFNSFpEZDBDVzlqeC1aRk5UakI5WjRqbmtJZGpLZl83MURLSEw2aHpJdWZNYzQ0OUpLb3RkTFQzYTFndkxqaFdJSHhuUXFCbktQZGY0LTFidi1EZm0xUVFwWnhkUFZX?oc=5,
rss_google_news,"Sat, 14 Oc",Nashville SC Secures the Most Home Wins in a Season with 3-2 Victory over New England Revolution - Nashville SC. Nashville SC Secures the Most Home Wins in a Season with 3-2 Victory over New England Revolution  Nashville SC,https://news.google.com/rss/articles/CBMiogFBVV95cUxPZEFUajVtMTlEaUwxaVFmLXBZcThWQWdxLWVQNldocE91QXNBT0FCRHZnWWVmRmE5SjFVQjZEVFNHVkNVYlkwVjc2S0pyNS1hVDVFN0RzRlIwNlpOVG4wYlAwU3REcEhxMXd2aEJHYkp6ZFBjZFBFTXhfcXlXYVB4MHNBSXRldk84VzlFS19JaGlMSXlaMExzYWZwdGZhNDRoakE?oc=5,
rss_google_news,"Fri, 11 Oc","Revolution II announces year-end roster decisions, signs Cristiano Oliveira - revolutionsoccer.net. Revolution II announces year-end roster decisions, signs Cristiano Oliveira  revolutionsoccer.net",https://news.google.com/rss/articles/CBMisgFBVV95cUxPY09VY0k5Mi03R204WlRVQy10Y1BtaWV0cVRFMFhBUndrMkM0UG5PRGVDMFh3TlU1SGQ2S1otd3ZvcFdEd0tqZUdQa0ZnM3F4NmRxM052d3VjMW5NZmFkbDJfaFdFY3lLZlBSZ1JMOW0ydHpHNmJFWmhQaVNYelZFUXdPdVRqX2NrVEJ0bVhBTk15Y2xoajNUQmhkRkJCQXBITEJhbXMySmYxNzE5eERGU0Jn?oc=5,
rss_google_news,"Tue, 21 No","New England Revolution Academy Highlights | November 21, 2023 - revolutionsoccer.net. New England Revolution Academy Highlights | November 21, 2023  revolutionsoccer.net",https://news.google.com/rss/articles/CBMinAFBVV95cUxQNlpQYkpuLS1DWUV0X1BJSWJYR0FWS1ExMFh3Q0lmdTRpNDMtVVhoZVlsTkF1c3MwT1pJc1k4WTJoWHJwYjB2Zk5CdlhfYUhPbFJ3N0M1TTUxMmhMUDFqaHV6R09QNS0yZk9xUE1VZUFVOENXS0JVMDhtWWVsRnVobkFuZE14YmtpbG51bWNDUXRTeTdjU3BBOTNDN2M?oc=5,
rss_google_news,"Wed, 21 De",New England Revolution make three selections in 2023 MLS SuperDraft - revolutionsoccer.net. New England Revolution make three selections in 2023 MLS SuperDraft  revolutionsoccer.net,https://news.google.com/rss/articles/CBMiqAFBVV95cUxPY3ZVbGtVSjhTUzVsWElKcVdXZGlyUjZyaDNVMmlEV0lNRWVReUJ5ODZKYXJ3QUFjRUUzaVNVd3pyOE9ZZmFBd0lVRTZ6bjZWTmZMN1MyUlYtLWx2OHN4YlhyUXdxdElEYm1KVEgxay1RYXQ5djRmXzg5QW1xUHFYaVBveGczeTctaEl3aFlhR0pjYm1KZDYtZUxaMFB2VlpITXlLN1lxOXA?oc=5,
rss_google_news,"Sat, 25 Fe",Revolution Lineup Notes | February 25 at Charlotte FC - revolutionsoccer.net. Revolution Lineup Notes | February 25 at Charlotte FC  revolutionsoccer.net,https://news.google.com/rss/articles/CBMikwFBVV95cUxPMGl1SHhEZkRGbG10b2l1RnozbDRjb3dZdFFKdW1BUGVqaldXX1AtaEhVUGlUS1I2SmJab2xnaVRwMnpMZUl2UHNVVVI1YmFiV1ZpeW82OUhkazNFb3JGRlEtQUp5YnpUOU1JSlBINFNjZ2N5ZEdJYURFTVRNLTA2WThDbXZzVzkyM2E4eHBNV3lzekE?oc=5,
rss_google_news,"Wed, 22 Fe",Revolution II Sign Defender Victor Souza - revolutionsoccer.net. Revolution II Sign Defender Victor Souza  revolutionsoccer.net,https://news.google.com/rss/articles/CBMihAFBVV95cUxNd1dMTkZ5Smt1T2V2djNIVHVEUi1rMmVtcEYwZzdJVGJQU1Y5LVBTZTRET3gwakxfTWFNQnV2ZGRBVDdJa3Z6WGxPemYtaWltUlFfZUJEcmM1M0dFYXhId2JiTDBxbE1YLWVuUzBhcmQwbng4UDIyS202V1dPNHBGR0wwMHM?oc=5,
rss_google_news,"Sat, 22 Fe",Renasant Recap: Nashville Soccer Club Earns Draw with New England Revolution in 2025 Season Opener - Nashville SC. Renasant Recap: Nashville Soccer Club Earns Draw with New England Revolution in 2025 Season Opener  Nashville SC,https://news.google.com/rss/articles/CBMilgFBVV95cUxPeV9Zb1RMR2lnNkppeXAyOGNBLUxCZDhnd2lOOHhJQlZvdGNubGF2UHFfQ2swcWY1RmtmelZIZ1Rmazl5ZzBBS3RCR2FLd2hoT3JkNndKX0lrZlRBSDZZZE1XYm9ud2EyT1FURkdjOXE2Q2YwYTR1SEtHSnN3Rk1DMGdiazd6bEhyeWxxWC0xVjg1RUdnd2c?oc=5,
rss_google_news,"Thu, 28 De","Revolution Sign João ""Jafonso"" Vasconcelos ahead of 2024 eMLS Season - revolutionsoccer.net. Revolution Sign João ""Jafonso"" Vasconcelos ahead of 2024 eMLS Season  revolutionsoccer.net",https://news.google.com/rss/articles/CBMipwFBVV95cUxPWmxCNEkzdXFxTk9pbi1NaVBxR0lCZjBzTURDTmJHbkdKcl92dHRVenFpUnRHVU94SFE0LU5VTllmeUlBbUNpVm9jdVNyb3U3RmJ1aGl1b1J1UWp2QUVmaW8zUXR0YVFoTXlma2xtSVpESzBwTV9mazdwV3R5cF9jMGhMTklGcWhYaVplckRyaVVVNFdmT3JMZ1o4dlQ0WVpyeEZJUDJhZw?oc=5,
rss_google_news,"Mon, 09 Oc",New England Revolution II Host Columbus Crew 2 in MLS NEXT Pro Eastern Conference Final - revolutionsoccer.net. New England Revolution II Host Columbus Crew 2 in MLS NEXT Pro Eastern Conference Final  revolutionsoccer.net,https://news.google.com/rss/articles/CBMiugFBVV95cUxObVZ5aXhNYlM5MndldTVUOG41NEhjaVctam9Vd1ZJclpEb1pqdDFkN0p4VG1wRGZtU3JTaVhrdGdsV2pZb0JWWUxUVVp3UUlOMktwcUJ2SFFDOHNjYXN2czM0OUNDZUItY3I1Z3ZSYzEzTDgzNUhhbzFVdzM2NnhBZk05N1I5dTdnbUFoRkVzMExURmxheGk2OTVJN2ZYYkx4UHRkaC0yOVM5dUUybGt5ckV1VHZraXZsWkE?oc=5,
rss_google_news,"Sat, 21 Oc",Andrew Farrell named 2023 Revolution Humanitarian of the Year - revolutionsoccer.net. Andrew Farrell named 2023 Revolution Humanitarian of the Year  revolutionsoccer.net,https://news.google.com/rss/articles/CBMioAFBVV95cUxQNEUyVHlqRnRYZk1temZicUJOTEtsaEFFUkloclMtQnNmSUNhZUhtOWZUX2F4c0c3NUFTV2ZfcEtlVUhYMEFTZTdtT2lDcThrZGRPRVBuWTFtcnJRbm1VcGRsTUZlcGpfMlVZcFVmdEtGSHEtVXhodUJjTmE1M1Y5VTYwX0dxR3A3XzUzclFCRldQSUdCcUxWQ3RZdUlKUTZH?oc=5,
rss_google_news,"Thu, 15 Ju",2023 MLS NEXT Cup Preview: Three Revolution Academy Teams Head to Playoffs in Dallas-Fort Worth - revolutionsoccer.net. 2023 MLS NEXT Cup Preview: Three Revolution Academy Teams Head to Playoffs in Dallas-Fort Worth  revolutionsoccer.net,https://news.google.com/rss/articles/CBMiugFBVV95cUxPdDB6bFplOTB6Z3dmRzhqZ09Jcm1XcDZBMUNLczA0S1dLdUd1bkRjZktSS1lObnA0RFB6MXlHeC1zM2pDTzBFemxEZXRpbmFjN1czU0wwVjBXQU5hMHlUaG5NcDcxVFNpd0FYaEVZb25KT09Balhxcm1INExwUEFESHc4SFdmcGRpZ1RnaWNvb3NXMnpJazFSY2lIOW5UUkdrdG04cWttVGpXSXlFZzNFejdidXRGUGhWZEE?oc=5,
rss_google_news,"Sun, 17 Se","POSTGAME NOTES: Revolution II Fall to Crown Legacy FC, 1-0 - revolutionsoccer.net. POSTGAME NOTES: Revolution II Fall to Crown Legacy FC, 1-0  revolutionsoccer.net",https://news.google.com/rss/articles/CBMimgFBVV95cUxPZGN3N2VmTXM5TXh1TGF1TWdieGhsVzYyZGc4R2VtNEU1T3dvWk9STUZndXRVSnNQakRwdWxsdk1iR1FhcnBqQnJ3d1ZXWWhCc1QyZXliekpwZ0tkQjZtZ2llaU54YVFmMmdHNlZ0cUxJN3M0NGloZ29VOVB3YjFFcU81Ml9TOFlXbXhXaWVYb3FETDVQVi1FVEV3?oc=5,
rss_google_news,"Mon, 12 Ju",15-year-old Peyton Miller becomes New England Revolution’s youngest MLS Homegrown Player signing - revolutionsoccer.net. 15-year-old Peyton Miller becomes New England Revolution’s youngest MLS Homegrown Player signing  revolutionsoccer.net,https://news.google.com/rss/articles/CBMiqwFBVV95cUxPNjMwUDZKSkVnUUtfbFAwdzFCQWROcUdmNW1FSkJkSUFKVy1LeWRiM0hjTnJheEQ5WXplTWhfV1JOMDBDeW9jOFJEekM5TFZEMl9STURoNkNfU0dNdmx2RUVubS1tb09kc2RXSkNyaU5DN3BXX28wcUc3T3EwNUtfd2pvMnhTaXFucVBXMmVPMW9YQ0RTb3A2M3lSLURqRnB0Z2tKOGpCZXBOZ1k?oc=5,
rss_google_news,"Tue, 10 Ja",Revolution Sign Midfielder Jack Panayotou as Homegrown Player - revolutionsoccer.net. Revolution Sign Midfielder Jack Panayotou as Homegrown Player  revolutionsoccer.net,https://news.google.com/rss/articles/CBMioAFBVV95cUxNRWoxajgydzQzczlEYVdXZ2xuc290elJUN3d0N0VqSFFNX2RGeVJPRzdHcjlQd1pyT2FrS29oTTdPZEZ5NnllTGdjRXpCT2dVbWlTbU5FSURiOEcwSWlPcVFHeTBsTGhMTlhfV0RDcWJBZ3VNNkJkVTBhQjI0OFpQZURPVzNJY2RBVlE3blZFdWhrNE9KZHVDNFNPLUk2SS1q?oc=5,
rss_google_news,"Thu, 15 Se",Revolution Academy Announces 2022-23 Roster as MLS NEXT Season Kicks Off - revolutionsoccer.net. Revolution Academy Announces 2022-23 Roster as MLS NEXT Season Kicks Off  revolutionsoccer.net,https://news.google.com/rss/articles/CBMirwFBVV95cUxNNnJDcV9waEVqZDNTZkZ3U1I4UW1FeWxLYnI4RjJuZ210NUVtU01kYm5EQ3MyNm1mR2x1dkN4MFRZMXByTW14MUV3OFN2RTBfdTJlNnJEdWpDT0NGTElJYWNDaWFQQWk2S0ZaMno1TmJsalRMMlloS0R1SDF0TjB5T2Rjb200V2h0TC11eUcyMXU0Y2lGNDRpaGh6UVg4cFExM28wQXU4TElxX3pZS3U4?oc=5,
rss_google_news,"Mon, 13 Fe",Revolution II Sign Defender Jacob Akanyirige - revolutionsoccer.net. Revolution II Sign Defender Jacob Akanyirige  revolutionsoccer.net,https://news.google.com/rss/articles/CBMiigFBVV95cUxQakstaGd3TnhnVEJhdnlpQWdmdkRWb05HTE9jUDhrcUVBSl9oUnZndGZWX1RRQ1lTenpub0NaLUd3dkRnNmpGZTk0TGtJNmtXX3RyU01MNlR6bzBIU2NkN0RoWGdtQm5KLUM3WmtManpPcHE1elM3T3dwTkNnclZlbWxDQnJUcDFCdFE?oc=5,
rss_google_news,"Sat, 26 Au",New England Revolution sign free agent goalkeeper Tomáš Vaclík - revolutionsoccer.net. New England Revolution sign free agent goalkeeper Tomáš Vaclík  revolutionsoccer.net,https://news.google.com/rss/articles/CBMiogFBVV95cUxQMGVWVG42VElCeVJQdm9YWkVHaUV2andsZUhrZDNQTW5vTUIzcnJGWU1pcW5yUTdicDdlbnVYZzlMcGlyR2QtSXdidHlYZEFsb0Uyb0oxUDluOXVyTG5PSW9PV3JYb21LcEdzZHpYLTcwNHJtQVdJTkJ1R1dDUC1rSzJhc2J6Y196MEdSMW1BaE10eDVOYnQ1a3dWMzhWWHpHZHc?oc=5,
rss_google_news,"Thu, 16 Ma",New England Revolution II Sign Midfielder Noble Okello - revolutionsoccer.net. New England Revolution II Sign Midfielder Noble Okello  revolutionsoccer.net,https://news.google.com/rss/articles/CBMilwFBVV95cUxPRkV2Xy14dmhVZ3NTZmt3NWhsZ1cyRFY5ZjhlUXdZQ3ZIS00wdnJabFZuZUY2WGdUVFFTcjh5SjRqZEVHVVJ2Q3hOWEpOZWZNbWQzQWc0YW1HTkEwVEJqUWhzNXhIcDBHVjhTU0loMmpNSFdsZ2xDTWFaejFGeHBKajZkN1NhNEIzMG9ub3lkVktjMzZvem9F?oc=5,
rss_google_news,"Tue, 04 Ma",Revolution sign defender Keegan Hughes - revolutionsoccer.net. Revolution sign defender Keegan Hughes  revolutionsoccer.net,https://news.google.com/rss/articles/CBMiggFBVV95cUxPOEl1blZ3cFAxdl9oLTd0Z2FKZEh2cElLZkJHYkdHU1p1SFowckU0Sl84dUxXRGI4OS1yNFR5eEppOTBUUkRfalZlblBWWkh4Nno0ZGxYSmJCVVFMM1B4akdjTDVqcW81YnZxWlAtdjBjdzRiM1FvMjd2U2pFMmJFQXJB?oc=5,
rss_google_news,"Fri, 03 Ja",Revolution II sign midfielder Joe Buck and defender Keegan Hughes - revolutionsoccer.net. Revolution II sign midfielder Joe Buck and defender Keegan Hughes  revolutionsoccer.net,https://news.google.com/rss/articles/CBMipgFBVV95cUxQV0l1ZGdTUXRxaS02c0pkZzlQWTFrbDNhRWNnQ2tRN3VUejJ1ZlNIQi13TmZYTzNKWnJDRWM5UmtjZFJvM0NfVW1yTXdzU2dqcl9iazhSNy1sR3hVcVJ3cFN6SDU0QmFjbENWbFR6anFqMXI0bFczZkd0Y1dyVGVYdDc2Sk9PRC1UTG1MWWJRTmttRjM3VnctRl9sM25BZVRrM0Z4ZG53?oc=5,
rss_google_news,"Fri, 03 No",Revolution II Announces Year-End Roster Moves - revolutionsoccer.net. Revolution II Announces Year-End Roster Moves  revolutionsoccer.net,https://news.google.com/rss/articles/CBMiiwFBVV95cUxNTVFWUTNwSTZnVFVOVVllN245SGgtNXhRa0lRTjNNMl9ZdGpPcTd6dVMzTzBEdnB0NTRrT2FmNDdtMzFTSWpNRUJlWHdxQjNVTWRKZG1uX1FYQ2ZDZ2lpaVhMSHRpT2trV3hlN1JKQUh4bkV2ZlBrYmR6ZzlIQlFzbjA4dlhheXJqb3g0?oc=5,
rss_google_news,"Mon, 28 No",Revolution sign 17-year-old center back Santiago Suarez to MLS contract - revolutionsoccer.net. Revolution sign 17-year-old center back Santiago Suarez to MLS contract  revolutionsoccer.net,https://news.google.com/rss/articles/CBMimgFBVV95cUxNUklvMmxNVkZTZzFtOXF6ekFXZHU0M2tYMHluaUs5eVJsdHVQMjYxUm4wRnNvQXdWaEFVNG4xUXNLb3dTNEpJR0ZNR1pCRzAtUl9xbC10bmo0M082WUZrOVVKUW01Y2pIMUMtdTNrQ3M4a2w5ckdmR2gteXhycFdZcEdBSXdmRVJFMDdaXzlCQVJtb3pfTVduZ3d3?oc=5,
rss_google_news,"Tue, 12 De",Nick Lima - revolutionsoccer.net. Nick Lima  revolutionsoccer.net,https://news.google.com/rss/articles/CBMiYEFVX3lxTFBZX3pSNWRzV0FZcjNfMWZFa0tXT0VXYzlqQ0VPRlJIM05pc2g0V0Y3MllobnVnX1FYaDlDd3REZHpQWGV4TmQ5VUVxUDZlWHRlR204a1g0b2wzc3lzZFhJaw?oc=5,
rss_google_news,"Fri, 28 Ap","New England Revolution Academy Highlights: April 28, 2023 - revolutionsoccer.net. New England Revolution Academy Highlights: April 28, 2023  revolutionsoccer.net",https://news.google.com/rss/articles/CBMimAFBVV95cUxNc1h3RHpCeTVWaEtvR0ZzZDRKek1McTM3cFRpcEhfeE1FZGJHQUVPd0EyLUNEYmhNT0lleWg0NUplcjNGZmI2TUlGOGNwTFVXLUluOWdub3plOGw3a0ZtUVNZT2Z0TXExWlI0VXg4VGtaYTRkSzAzZVRXbzAtVDZEWGhUb2FFcE1kZ19yWGx1d0FYUHVxZ2Y3RQ?oc=5,
rss_google_news,"Thu, 15 Ju",New England Revolution exercise buyout on Jozy Altidore - revolutionsoccer.net. New England Revolution exercise buyout on Jozy Altidore  revolutionsoccer.net,https://news.google.com/rss/articles/CBMimAFBVV95cUxQQmVBOFVNN0prS185QkxIX2IyMjFRZ19lUFJ5ZGlaeUJVX2NING82Wjdfa0lsdzlRRVlwbUxSZU1yWV9Cc2hUMHFNUURFdXNlZGEyR3pKaFNRV2xfbmdHRTZjNXdfSDA2QzFnMHpiRzFBdW1QWTUxOW9WeC14MmJGTDhjdGQtZ0JuN2JNSVkwV2tZY3ZnWkU3VA?oc=5,
rss_google_news,"Thu, 25 Au",New England Revolution extend Matt Polster through 2025 MLS season - revolutionsoccer.net. New England Revolution extend Matt Polster through 2025 MLS season  revolutionsoccer.net,https://news.google.com/rss/articles/CBMilwFBVV95cUxOZTE5UHJJUlJXbVlrbERnMFJ5VW1pMWxjWTVQcWRQWGlDdmRTak1aX201a2k1RWw0VXhOR1lkejNqT0tLZTkyY0xoVTZJR0tMcmJJQVNMMlhkbHFQMXgwajRXV0F5bS1yRVo5eTB4R0h0Zl9yN3NySlljRmlValRLX3hHMlhDdGhzZzNlSnhXRE5ZY2FmWGFB?oc=5,
rss_google_news,"Fri, 01 Se","Match Preview Presented by Lexus: New England Revolution vs. Austin FC | September 2, 2023 - Austin FC. Match Preview Presented by Lexus: New England Revolution vs. Austin FC | September 2, 2023  Austin FC",https://news.google.com/rss/articles/CBMirwFBVV95cUxQSnJvNi1DWE5vMGRaU2N3M21DX283QnRWQjJyYlRIdzh4T3VJdUhzTGJmQXZpbGhWbXFzOFkzZHU3Y1pnS3N1a2JHLTJHOXFxMXVwc1BJTXB5LVpXWTVUZFdKMS0tV1NqT01hOXJFb1ZYNFNOVzRkdUw4SEdZbF9NTDY1cF82ZU1VOFdYZnhkZE9EY0dwb3NialNwNUtLblNPQUFOUGlkZklLY1RXX3pz?oc=5,
rss_google_news,"Fri, 07 Ma",New England Revolution II sign forward Damorney Hutchinson - revolutionsoccer.net. New England Revolution II sign forward Damorney Hutchinson  revolutionsoccer.net,https://news.google.com/rss/articles/CBMinAFBVV95cUxQZDFSSDVyQjd3eDl1ZzNPZlpWa2tWZm5HeWVQWWQ2cklEa0JXVHNPWktJeENMOF9XWENYdUU2bGIyVG5pTThJbkJVaGltbV9lWHZBX092aVBxVEtoWHlNYklqZWRUYU1MN3JmWmg5S21GN094cENQQXVSUWcyUUpvUXpPeW84UGtZd1U2WFAtREdHWEpZcFBKSVg2S3I?oc=5,
rss_google_news,"Tue, 19 De",New England Revolution hire Caleb Porter as head coach - revolutionsoccer.net. New England Revolution hire Caleb Porter as head coach  revolutionsoccer.net,https://news.google.com/rss/articles/CBMilwFBVV95cUxQMm9XSDFTVHAwQUxVdUZhemI3cE5FVXMwM3R3bUZ3d3lQbi1CS0o3UFhZNHp6dmdXbWk2Mk5kRGlRSGF4V1Nzc1NHdXJaeExiNEhmdFFiTXVNaXNjTHU4UVo2T1N6UUM3b2xrYmJGX2M1WG5TRUJuTlR2YmNiVk5oaGdBWHRaWVdzNUI4MThjQVJRNXE1Q2Ew?oc=5,
rss_google_news,"Fri, 06 Se","New England Revolution Academy realigns age groups, announces roster as 2024-25 MLS NEXT season kicks off - revolutionsoccer.net. New England Revolution Academy realigns age groups, announces roster as 2024-25 MLS NEXT season kicks off  revolutionsoccer.net",https://news.google.com/rss/articles/CBMiygFBVV95cUxQblBwYnBUVFkxMllnTFRmeWVpbmN2SUk0REtSbXR3WjJFdUI2bHd0Q3R6Vm5EMGdBMWpmNE9nc0FISjBHSzYzak5xVjZlaVVVRmM4Vk9XUGVxQnJseFFxcmc2X3dpSk5fTms4eENlUk1HLVRxM1JhZTJBdGRicnhYNk1PSkg2d3RWYVdVeXlhSzdHdHRfNEZBcEdHZFNJZHVyMFRjdV9ZU1dCaTlvNGdXc3h2UnRsVks3U19mUWlIRXFsb19qdjFNckNR?oc=5,
rss_google_news,"Mon, 15 Ma",RIVALRY WEEK | Revolution head to Philadelphia this Saturday - revolutionsoccer.net. RIVALRY WEEK | Revolution head to Philadelphia this Saturday  revolutionsoccer.net,https://news.google.com/rss/articles/CBMinAFBVV95cUxNdEM4c1pjNUNOOGJtWDdDZGpuYVFxMHIzbjVZUE96ekk3NjI2dVJWamN6SHFjYjlVOTJYTjF2SEktZXFlUlA5bG9YOXdnU3VUNktNT1JqN1RhWm1mUmpsZ0o5cnE3bEtxWDBxNzBUZmRyRDNsOER6akRSNW1nQUJxWndrdEg2dnVMY3BzMzUyZnBBdzU2WWxBaVkwWjU?oc=5,
rss_google_news,"Fri, 30 Au",Revolution loan midfielder Jack Panayotou to Rhode Island FC - revolutionsoccer.net. Revolution loan midfielder Jack Panayotou to Rhode Island FC  revolutionsoccer.net,https://news.google.com/rss/articles/CBMirwFBVV95cUxQbzNxNjZRejgyRVFqbE9QY01Hc2FNOWN0QWkxVnZFRmNrQ3lWT21KdFdac25YNDJqT0pEa09pM3BBQ21Kd1ZDSmZLWVNSSXVvSHA3dnZvZFNJQ0tSdGNsUks4MEFNZ3U5YTJNRjBFLTFiODZyYzZVUmZJQW9vNXA4eG9NdVgyWFdGcFhqdzc3eFZUV3VLZ3lmQ3pfdGxJRVRHWnc2RGZaejRFZGFRb2RB?oc=5,
rss_google_news,"Tue, 10 Ja",Jack Panayotou - revolutionsoccer.net. Jack Panayotou  revolutionsoccer.net,https://news.google.com/rss/articles/CBMiZ0FVX3lxTE45bkpYYTRNM1VxbHdHTDdaeTRKRkk1NndXMm13aHpmUjVad1RHc0c2cnh5WHQyY0FsaVM0em55ZFhPNDJubDFhVmJOejhGU1BLaWlRWGtEZVh2TXlLQ1gwMjd3OUlDd2s?oc=5,
rss_google_news,"Mon, 10 Ju",Revolution acquire Argentine winger Tomás Chancalay on loan from Racing Club - revolutionsoccer.net. Revolution acquire Argentine winger Tomás Chancalay on loan from Racing Club  revolutionsoccer.net,https://news.google.com/rss/articles/CBMitAFBVV95cUxNUkxuaHk0OFloVVVDTldGZ3FDTFpJdDNQRFpORGZ0MlhDazFIY3pnZ0pEbTB5cGN2bVQ0TEQ3YXpTVS00N0U3N3JTN2hiWEhRa1BoeWdyZlNhQkExckVuMkFVbElCWENtOEZqRTJmM0RtblZ3eDlSMEhqRDhWN2VRd1RfaTJucV81YzBWMHhZQktDVmRDZ3BSOXFSRFQ1MGpUeEE3V1JzRUc2QndwelJ2YzZjX1Y?oc=5,
rss_google_news,"Fri, 19 Ap","New England Revolution Academy Highlights | April 19, 2024 - revolutionsoccer.net. New England Revolution Academy Highlights | April 19, 2024  revolutionsoccer.net",https://news.google.com/rss/articles/CBMimAFBVV95cUxQNk9JRWxOb3p3WGFNWlBrQVhheTRlaDhtWFN3R2E5MVF3TS1qbzdRNmkzODhTMUFtOGtYUWdZa0lpQTFWT0RaTkQwejdtWlNvaDQxZlZaLURTVEQzMTM0YWlTdDNQU1EtY1gtdEhENzBrSG5DQV92eThNUE5GSUg3ZEFRUlhFb1BfWmZpNFg3aXcwMkVfeHJ6SA?oc=5,
rss_google_news,"Mon, 08 Ja",Revolution announce updates to first team technical staff - revolutionsoccer.net. Revolution announce updates to first team technical staff  revolutionsoccer.net,https://news.google.com/rss/articles/CBMiqgFBVV95cUxOM1lucV9Rb1ZnZ0VmQVhoNVNuM1dpQmtEMElPXzNSUzV6Y1VLdmtmLUNBYnFSYlNTWTNoa05LUVBTdm9DTnY1SVZtT0pOY0hfTjg3Mko0MlpQWlZ5ODJpZVNOdTNCMU14VEZGQVZSYzNCalhJMVRYdDI0UC1iVjJuWk9wVjFiQ0VhQW5meHBmbllEbnZVWEVyUE9FWDFrejJBNl9tVFMwVGpiZw?oc=5,
rss_google_news,"Wed, 15 Fe",New England Revolution unveil Defiance kit - revolutionsoccer.net. New England Revolution unveil Defiance kit  revolutionsoccer.net,https://news.google.com/rss/articles/CBMihwFBVV95cUxQa2Vyc3dtY215aWJYaDVBbXU0NE1QdUtXQlFSZl9uTG03aTdVUk55UVUzNWs1Y2pWeEU1Z3hpT0NWYWNqTGZPMlFRalBfbm53WDRxSDdIWXFZN29aVlNoY2I3RFRYcWwtWnJ4eEhrQWx1ZGR6Q2Z6VEQ2MC1oTHhFMkwxNUh1b28?oc=5,
rss_google_news,"Sat, 05 Oc",New England Revolution captain Carles Gil voted 2024 Team MVP - revolutionsoccer.net. New England Revolution captain Carles Gil voted 2024 Team MVP  revolutionsoccer.net,https://news.google.com/rss/articles/CBMioAFBVV95cUxPbGNha3ZYV1lNRjNHWElzSlFwRGpLc3l0aGRORFRpVVBOZVFERjJhSTlvb2NFcUFjWHpRMlNDVEU1RHUwaHNsTklabXFJaWRlWGp5aVRKc21WWTI5VXJrWnVTM3V4SUFTS21wSEJLMm5VbHpYaE5VeWFLVGhiOC1Bc01XVy1UYzZ4LWl0VWxsaWwyODJQLWUxSkdiRzJHV2lk?oc=5,
rss_google_news,"Fri, 28 Fe",Revolution II sign defender Gabriel Dahlin - revolutionsoccer.net. Revolution II sign defender Gabriel Dahlin  revolutionsoccer.net,https://news.google.com/rss/articles/CBMihwFBVV95cUxPYjIxWnUxeTN0SEJvdklxY0V6dDdrdjB3dmI4RHdTUXZqWjRhRjNkZWs2eEdQZDZuUVBWdmxRT1RWRzlxV3ZhOFhtc0hRV0kxSlg0YmRpWk51MWVTOWtOZ043a0xmd3RXUEhTb1RyeTJUUVNsNURvc1dxUUZHRUpwaEtqVXZIWWM?oc=5,
rss_google_news,"Wed, 17 Ja",Revolution II announces updated coaching staff - revolutionsoccer.net. Revolution II announces updated coaching staff  revolutionsoccer.net,https://news.google.com/rss/articles/CBMinAFBVV95cUxPdm5kXzR3M0o3dEVqSVVwZXluXzE2Z1BEZnhwcjlyZzBWend2VGhpdWJwSkNBbUk0NGhNUDBKWVQzb0lJUGN6MFUySkE1dndJVEVzYkpSbkw1dXVYblFjYjVQcmVMaDFrM2hHck0wVEJVQmhxVzdFWlJmNXg2N2NEUm1oLThHY1lHdHFGVl9idndvaHdDaUtQRXhtSGg?oc=5,
rss_google_news,"Wed, 10 Ap",The Away End | New England Revolution with Caleb Pongratz - New York City FC. The Away End | New England Revolution with Caleb Pongratz  New York City FC,https://news.google.com/rss/articles/CBMiigFBVV95cUxOWDZzWmk5RWFHSk5OZUdsYVJoVGNHWjNEa05UVFVVaHBGS2Z6Nzd3ZmdwbzdubGhRLTM1czNuN1FBNEVGb2FnX1FTN0Z1cF9LQy1QUnJXeFhBN1hibkJtWE9VbVMwU3BaWlVIajlIUloxNnBRbzJKeDlQSDdMNkw5aVllcjhnNkNzWHc?oc=5,
rss_google_news,"Wed, 06 No",New England Revolution II name Brad Knighton goalkeeper coach - revolutionsoccer.net. New England Revolution II name Brad Knighton goalkeeper coach  revolutionsoccer.net,https://news.google.com/rss/articles/CBMioAFBVV95cUxOX1NRVE1iXzdzWUF0RENtbV85SzlXLU5FLUlQQTJ6clVjNjVfYWJCWFd2alYtN1hpMkd1aWZtYzV2M1NPN2x4MkQ5ZHBTUldQTVF4UlVBQThGUXB2VzFVRXBxUUNlTFRhemltS3cwU0EzbEdydXJDdTNHbXVrMGlSR3FuWmZ5QnlqTEJjc3lRdUlSczZTU000R0F4TndfclVh?oc=5,
rss_google_news,"Sat, 24 Fe","Match Preview: D.C. United vs. New England Revolution Feb. 24, 2024 - D.C. United. Match Preview: D.C. United vs. New England Revolution Feb. 24, 2024  D.C. United",https://news.google.com/rss/articles/CBMilwFBVV95cUxNcEZTWURIWjNvVVRGUS0tb3FFUDROc3VIcEpsUUV0WldCWHN5Y2RaS2FNOVU3aV82WGpHVHFiX2pOUDlkMXdMUDl3QXh5T2JTczlQSWVnMnlMWGt4eFdHUm4xWGZvR3JqMUFnYVpjRXh3ZEFXOG1WMjkzaFZzRGNoRFNZVWFSQUkwUVpTdEVEN19wS05wR1BF?oc=5,
rss_google_news,"Sat, 15 Ju","Starting XI | Revolution vs. D.C. United (July 15, 2023) - revolutionsoccer.net. Starting XI | Revolution vs. D.C. United (July 15, 2023)  revolutionsoccer.net",https://news.google.com/rss/articles/CBMijwFBVV95cUxOd2lfUzZwZTJCeUJaZ3JXendobWV2RmgtTXc0bFlIR1I2UkZYUkpSVTdQRGNyVDU5LVFNS1hxWkFCbDY0UXpBYlpaQUNsbFg0YjN3WVBOaTJaZk5hSkhxalk4bGFsblhMY3I0U1dpNFpoY21PcEd3X2tkdjZYbDVtS3owTXRRSkxLQ1JNUVItcw?oc=5,
rss_google_news,"Wed, 04 Oc",Recap | Revs suffer first home loss of 2023 MLS regular season with 2-1 defeat to Columbus Crew - revolutionsoccer.net. Recap | Revs suffer first home loss of 2023 MLS regular season with 2-1 defeat to Columbus Crew  revolutionsoccer.net,https://news.google.com/rss/articles/CBMiugFBVV95cUxQM2gtWl9tbVVPU1hEekdsdHRPbzNWRl9Zb3N0Zy10R0F0ZXRoS2Q4UXc0ODFjbWJ5Z090Z3gxVzRHTEs4MXlJUmZSemJ5V0Vzdkl6YmtmMEJxa3AxRHJHSjJEdU1uZnpidDkzYUlVQVhfcWtqRGpwWUEtcWdRQThuRzdLaVVpTU1EUC1PQy01a19veVJMNmhLR0NZU3gzS3psOVc3Y0lCZ3hzcDBqSHdvQ0FmSHlkOWY0dnc?oc=5,
rss_google_news,"Mon, 11 De",New England Revolution acquire defender Nick Lima from Austin FC - revolutionsoccer.net. New England Revolution acquire defender Nick Lima from Austin FC  revolutionsoccer.net,https://news.google.com/rss/articles/CBMipAFBVV95cUxNMTlvbkg2MklkZUFoWTQwTFVkczlWOWV3YTN6VDhTelJyM0xpZnpNaGktZXFRd3Fja3otV0QwRkVacjhzOTRiQ2I2aTR4ZHdua2tSQ3Bwa2NiZjAzbmlROVRfZmQwM2daYzNzUEl4dmFUZUc0M0RVTFZBekJjQTI5WW1HTEJPN3Q1X2p6TzNRd1dQN3BQMGlZeU1NaG5LdWpQczU3Xw?oc=5,
rss_google_news,"Sun, 17 Ma",Luca Langoni scores early in second half to help Revolution beat Minnesota United 2-1 - CBS News. Luca Langoni scores early in second half to help Revolution beat Minnesota United 2-1  CBS News,https://news.google.com/rss/articles/CBMihwFBVV95cUxQQnUtZmk2RE5nVnRHUUZYUWtaTHV3UU01RURnTGtvQjc3c0sxTWtBdm5DcFBtRU9HaGlOLXFsci0wQmV1LVgtSUxUX2RyLUltQ2YxSDFJSG04d0Z4QlhZX2lVSGYzSVpwd2ZtODRKdVAxYWsyNk5wMEIxVFp5ZXdsMjM5d2FTY28?oc=5,
rss_google_news,"Wed, 01 Ap",New England Revolution II sign forward/winger Shuma Sasaki - revolutionsoccer.net. New England Revolution II sign forward/winger Shuma Sasaki  revolutionsoccer.net,https://news.google.com/rss/articles/CBMinAFBVV95cUxOUk83Y0ZwalMxSWpJNDlNSk9icG8wcDNZUFJtTURJc0lGVlkwLUxDdlk1NDZOcHRRVktzQnNTQTRHX2ZDOER4UE52Rk5XSmc5S1pJcFNRTDlEUC1MZEtCRDloRTgzczlWNzJfWHN2cTJOLXFHQlc5OF83ZGc0c043Unl3VFdtUld5eEdpSmlnaE5rVkJVa3FGd05vS3M?oc=5,
rss_google_news,"Wed, 05 No",Revolution II announce year-end roster status - revolutionsoccer.net. Revolution II announce year-end roster status  revolutionsoccer.net,https://news.google.com/rss/articles/CBMimgFBVV95cUxOc3hTNDhCY0VGSnl2RF95eTVNRXdmcUxVY1Q5SG14MzNteENBOFA4OU9iX1hzWmVJLVFUTzV1cTBOU2kwa25kaS1FWS1reklOLTIyZ3VVMHpZVHZOaVFFdWJ3bk5ZaHJVUWpBOGdpSDFmRDhLcVdaOW8zYkNDVjc1Sm9QN2p6cVk0cU93cXBtMHVWWlh1OXVwdU9B?oc=5,
rss_google_news,"Thu, 19 Ma",Match Preview | St. Louis CITY SC Hosts New England Revolution on Saturday Night at Energizer Park - St. Louis CITY SC. Match Preview | St. Louis CITY SC Hosts New England Revolution on Saturday Night at Energizer Park  St. Louis CITY SC,https://news.google.com/rss/articles/CBMixAFBVV95cUxQaDZaWXN3NUlIMzF2WER1NFhTODU5R3JwdzNFVW0tS2t4WkNBa1lYbnVRTDNRSWhGaFh1ZXdXck9IUWo3cUpFYk5naFZDUWlMZmgwUTgxeUprVlRSLVJZWERxVE1ia1lMVElRQ3Z2RFdaVWtjNHNBZGwtazk2YUswdjMyckthVVQ4VGdCdy1ESmJTZjVXMnFjbmVuOHlJZF84cXo1RFpBU0pfc3lfcDhMb3AwNzJad2RIeWdpbEszNU1hQl9s?oc=5,
rss_google_news,"Thu, 04 De",New England Revolution announce two additions to coaching staff - revolutionsoccer.net. New England Revolution announce two additions to coaching staff  revolutionsoccer.net,https://news.google.com/rss/articles/CBMiogFBVV95cUxQNkVHaWpjNHI5cDZHb2VlUFRaeXVWN3JoMXR1RXQ3YzhLaXp2UUk3X2lkeG9CWHhqSHNBYjNWelpXQU1BWjRoT3QtVWx6U3JZR2dmNERNN3FQUHdodVRLNjZLTkwwUkVSTHRYcTNhZXJ3dmNPT0lRVFNpRVU1TzZYMVRYYUFwX3ZkTEFCdTV6R0xIdEhfZWcwRHhfcTFLSENFWmc?oc=5,
rss_google_news,"Thu, 05 Fe",Revolution sign goalkeeper JD Gunn to first team contract - revolutionsoccer.net. Revolution sign goalkeeper JD Gunn to first team contract  revolutionsoccer.net,https://news.google.com/rss/articles/CBMimwFBVV95cUxPVnFtN3Z6OTVIX2lOTXRPbWoxUS1EZVJvTjBMeWhzSS1IR1NnUkhtWmVQenY3Q3FaZi1peW91VUh2NmZ4RlNvZy1iYTFsbE5fM29oUVBxcWt4Mzg5R2tCSDMtZ1BQdlNUZkFmY0lMd1J6TmtIaUFaZ2xiaDNCVGRGMkkzZjRfUjVwSGhaLWFzaHctSjNzM3FramY0bw?oc=5,
rss_google_news,"Fri, 17 Oc",Javaun Mussenden named 2024-25 Revolution Academy Player of the Year - revolutionsoccer.net. Javaun Mussenden named 2024-25 Revolution Academy Player of the Year  revolutionsoccer.net,https://news.google.com/rss/articles/CBMioAFBVV95cUxQWHlYRjNYbUp1aHpjQWhwZlVPdW42WmY3WXpaVG5GUGFHTXF1WG02RE5TWnZ4SXZ4bWZtSjRCQlJIeFcxY2ozb2UxZDdQRHR5V2VDMEJza09ZclFTWEJEV3AzQk9YaVdHeHlzY0hZQm94djhiYUpYWk90MGdLanJpcUFVZkFlamFUZzcyWF9seTliY2NiYnBWNGdJX1RHLXRu?oc=5,
rss_google_news,"Fri, 05 Se",Revolution Academy announces roster for 2025-26 MLS NEXT season - revolutionsoccer.net. Revolution Academy announces roster for 2025-26 MLS NEXT season  revolutionsoccer.net,https://news.google.com/rss/articles/CBMiowFBVV95cUxOMWljWlQ5VzNpdEJNcklETzJUY0J4c0xLWHBrMUMtZ053R01VT0VKZnlmMEVSREpsNjZrQTUtaGtuVzQxa18xcXQ3NXBMT2N2bFNmVC13MFgzMTdqQW5yODRZaHJ1WHIwaHRpc0plMGZqbHB6Y2h0OFp6RVpRUjVXUy1YTGpuN2RQb1RrcUt6c3pmdGQ5OXhyMm5MVWZMZ2NxMTlB?oc=5,
rss_google_news,"Wed, 14 Ja",Revolution sign midfielder Cristiano Oliveira as Homegrown Player - revolutionsoccer.net. Revolution sign midfielder Cristiano Oliveira as Homegrown Player  revolutionsoccer.net,https://news.google.com/rss/articles/CBMiogFBVV95cUxNWmhOMXpBM1d6WEFaVzFEN1ViMlEyUk9scUlnNk1XTlUyOTJhN1dzXzBEQThFbWFhSmVndkZ5YWVTYVFYVkVNOEJWcWlZckhqTkJzRHZCYkVlbEVNRWFxZkxvcDF4ZGU2cWtvcFNnYlZJM3ZGVU52bk1peGwzUHdsdExUZGl6b2EybmJWYk1IVHA5SmoxcnUwVDJQclkyY1hhWEE?oc=5,
rss_google_news,"Sat, 04 Oc",STARTING LINEUPS | New England Revolution at Inter Miami CF (October 4) - revolutionsoccer.net. STARTING LINEUPS | New England Revolution at Inter Miami CF (October 4)  revolutionsoccer.net,https://news.google.com/rss/articles/CBMiqAFBVV95cUxONEp1c2duekZET0FuTUF4OU1pQk5XeFdoQzRodnhGdXhqUGk4UUJibzdHWlkxTmhlMXlHVGJLbHJ5M012SHRNSFNCX0lfSEtEVVJJWlZSeXZFdnNuM05DSVBQMWpiX0VwUkF3X05nQ0NXVmQ2Y0lDa1Y0Tzl0a0ZmcWdFWVZZWDBIMXJSRjFFRFFQeDk3RVk1YkNQdmN1cjhXYWp3dU93Yk0?oc=5,
rss_google_news,"Tue, 09 De",Revolution II sign Academy midfielder Javaun Mussenden to MLS NEXT Pro roster - revolutionsoccer.net. Revolution II sign Academy midfielder Javaun Mussenden to MLS NEXT Pro roster  revolutionsoccer.net,https://news.google.com/rss/articles/CBMikwFBVV95cUxPTWY0ZFFjR2VRbXZLNlVxcGlvdWtSdnB6YWRvQjVxVTNVY29MLUlocjlUOEc3ZFM3MFNENy12bVR5RjZHNzI1dHJ1akJ6LWNIcm9nLUZNQVVmcUJhUVRwM084ODhXdVFwQ25kQ0ZBSVY0SlZTaGtza1pnd2FCTlpXZFdvZ0JvNUZzcVFrSFBZVTBYUTg?oc=5,
rss_google_news,"Sat, 06 Se","Match Preview | Chicago Fire FC vs. New England Revolution – Sept. 6, 2025 - chicagofirefc.com. Match Preview | Chicago Fire FC vs. New England Revolution – Sept. 6, 2025  chicagofirefc.com",https://news.google.com/rss/articles/CBMipAFBVV95cUxQTl92VmM4cnlndjhEdlRzU1BRZ1R1V05IcWhtajliWTcxZmFTaWZ6XzI0R2YybHJIV1E2SDM5SE16QWRwWDUtdDNKeXIyLUZaa2tlYWRZNk45dGlyU3FlN0pYYWtkZnRna3c2cjQ1WVNMY01uRWhtMXhELUhVWTBReHZieXZKUTcyMXBFbkNFUVZmQWtSQ3NMX1VpcjBkVUcyNmhzZQ?oc=5,
rss_google_news,"Wed, 20 Au",Revolution acquire U22 forward Dor Turgeman from Maccabi Tel Aviv - revolutionsoccer.net. Revolution acquire U22 forward Dor Turgeman from Maccabi Tel Aviv  revolutionsoccer.net,https://news.google.com/rss/articles/CBMipgFBVV95cUxOUWdwQko1dC1pUnFlSEpoVkJIclJGWEdJV25QbFBHR0d1RmhTdjRHVTFjME05cHhMZWVZdDdrU1R6WG5lMVVuQXQ4ejhGZ2JjUEdjU005Y2JYVFFvQjd2SHZ5WGZiRUs5Rnc0bERhaF9qczFYajdNYm9BSlppbnFnbFFYQ3JPRmNtT1owQW1TbXRlSG5TZE1PN2U5M0FWMkkwLW5ZZmpR?oc=5,
rss_google_news,"Wed, 16 Ju",STARTING LINEUPS | New England Revolution at New York Red Bulls (July 16) - revolutionsoccer.net. STARTING LINEUPS | New England Revolution at New York Red Bulls (July 16)  revolutionsoccer.net,https://news.google.com/rss/articles/CBMimwFBVV95cUxQQXIxQURRRzRMdmx0cmluUUlfOUF6UmNKWGNoZ2Q2TmhaS2c5MkZzSFBxWkw5V3BoSklyeU93eUJPcXpjOGNQa29oUEhJend1aVl6c0lIa2hFZ0hMLXBEdm5POXg1UW1XTzhyVlMxSEFOYVU1MXBfWTdfQmdJZ3I2SmYxTVFGU0NBcWtmRzhmUUhkY09NbFIwbzlXbw?oc=5,
rss_google_news,"Thu, 11 Se",New England Revolution waive Aljaž Ivačič - MLSsoccer.com. New England Revolution waive Aljaž Ivačič  MLSsoccer.com,https://news.google.com/rss/articles/CBMifEFVX3lxTFBBd0M4d2o0WWVXeGRtSnMzRVdLMGZ3Q1FPbTdDQ0R3ZzdrQ2RWWVczMVZvUGJWT0lXd1dpUkp5VHlObGptUVBtRWNwSU5lMGp2aFdhd182OE5laDdOM2RYcURIYnZHSHZGd0NxU0JvUm1FWVR2S3FjTzE0MjI?oc=5,
rss_google_news,"Sun, 02 No",Your 2025 Revolution Post-Mortem: Who Could Have Predicted That? - The Blazing Musket. Your 2025 Revolution Post-Mortem: Who Could Have Predicted That?  The Blazing Musket,https://news.google.com/rss/articles/CBMidEFVX3lxTE9YVUc3M21sRncyVFJKZ1RXeEJoajFURHZxZ19OU3FRU1NfTHFxSFVJWXlVWHVIYlRPZWJndGU2RE5nbGZtTXh0czk3VC1pcmpacXUtOV9Hc3pMUjhjUzFkODRzM3RYcnVGbXJWQ1JobmRBWDVo?oc=5,
rss_google_news,"Wed, 09 Ju",STARTING LINEUPS | New England Revolution vs. Inter Miami CF (July 9) - revolutionsoccer.net. STARTING LINEUPS | New England Revolution vs. Inter Miami CF (July 9)  revolutionsoccer.net,https://news.google.com/rss/articles/CBMilAFBVV95cUxQRGdCdGJhYl8wNjBVZjB5VG1HaEhKMnphT250V2ZlSTBpU25uajZBQjlQcG5GX0NVMUpnV2x4N2E1Y1JiNU9zY0VhQ2IxbEhEVG9GSjR3WDB0aXR5bUs1NEN4NXg1T3JFRGFoWV92dWZHVnhUakhlVVFYOUJVTzc1VXlINzlLYWZCX2dSRXc0akRncmlR?oc=5,
rss_google_news,"Sun, 13 Ju","MATCHDAY: Chicago Fire FC II vs. New England Revolution II – July 13, 2025 - chicagofirefc.com. MATCHDAY: Chicago Fire FC II vs. New England Revolution II – July 13, 2025  chicagofirefc.com",https://news.google.com/rss/articles/CBMirAFBVV95cUxNUE1FMkVlWU9yYjltOVQxbUxSdDkwRk0xN2ZiVFRfdU9fak5HV0FnUlB0SEtVWXRXSVEtdFgtMFBMOGdfWlpCODU3QUNpRzV1V2ZfbWFGUHFYWkVSTHh6YXJyWGJyd29KUWtub2RqRG14Z3Y1MmVHSFBQYW1ickozMlhaNlFPbGIxMnFERGYxOU91Rno4b2NJQktFVXJSZ0I2Z3oydUFoMFp2R3BI?oc=5,
rss_google_news,"Fri, 10 Ap",New England Revolution v D.C. United: Weiler calls for 'culture change' as visitors look to bounce back - FotMob. New England Revolution v D.C. United: Weiler calls for 'culture change' as visitors look to bounce back  FotMob,https://news.google.com/rss/articles/CBMi2wFBVV95cUxNck1fUjhIOThLMWx5bzhXSDl4QVlaQTVXYURBQzUzc3BLYnNyckdtMDVhY1lXYkFqSUdpZURRd1F6VW9mV3MzMVNQWjdzUGRtY1NReDFxalY2Nzhhd3RCemFJQjVUald3OFBBV0dPUlBhNEVHOUhuUVVzeTN6eXY3czdTUFo3OGwyYkl4Tm9IVkJiNkRoUG9Bbnl5N01LZzNkaXQyYjAtQWgwQy12N2tabkRDb1dlNzY5T2lzdkNqRVRERk5tVDlna3B2VjBza3V5Z1dCZEhIV0Vwa1U?oc=5,
rss_google_news,"Wed, 05 No",Richie Williams WILL NOT RETURN after New England Revolution II announce 2025 end of season roster decisions - prostinternational.com. Richie Williams WILL NOT RETURN after New England Revolution II announce 2025 end of season roster decisions  prostinternational.com,https://news.google.com/rss/articles/CBMi5gFBVV95cUxNbG93Ul9mOGhnY0pQZ21sYWRNQ0pjbFVfX093Y1NOdVJTOWluNGpjaEROZWFMdkhHT0t1ZFBpaXJTOWk5cTJkVGZITXFYUnNyNkJGNmp3TlVhTGctOXQzWDlNZmZ1am9LeGxWY2w5Si1TWDVxNzdxeDBxU1lsdi16ZzBXMnFfdEQ4aE1HS1AwZXRzVEY5ekFCZmVvMktCNW15TjlWMWIxbnBoaXJ5eFVKNjZnMDFpaFVEb2RCclBuXzhPZVlseDRKX3lzNjNFOENSaEFGaV9rQ1pOLW4zalhxUzNpXy1xd9IB6wFBVV95cUxQZnVuQ3JyWFg5MlpNbXhMNTZyMjctQ0tMbm0tWWFBMHNpMmR5YjZMU0ZQMXl0dTNxSWxYSGR1bEI2amdvMjI2SXhvQ2JWb3REUEF3dHhwNTNqb2pmT1pJZzZDSVZkMmtTNmlqSjZ3UlNYbXVrc2NlNk5Ta0ZfVXc5OWI0dUJhdmI4UWpiaVh2dHgxODQtSGZNdUxrZm9RVVdPSEltNkJXLVp5STEybDJwVXpSc3pORVZ5YkZPZmd2VlI5T3JHQ29kd1ZYMnB6dHdZckZqZnFjQWlremE1RHV0NkJBVzh6MmpoUjJV?oc=5,
rss_google_news,"Sat, 23 Au","Columbus Crew defeated by former coach Caleb Porter, New England Revolution: Replay - The Columbus Dispatch. Columbus Crew defeated by former coach Caleb Porter, New England Revolution: Replay  The Columbus Dispatch",https://news.google.com/rss/articles/CBMi2gFBVV95cUxPMTlqckxNa29hVjVzQUlmTW9kOEZFMGpMS1VLWFpMS0ppS2tjY18yUmI1R2xzNl9Sb3p5OXRZcDgxYk9SNy1GX01qYWhxTmk0Wk9NNDJ4UFhHVVlITzNqZ082QlM1T0N0RmhsV0pidDlOZktLWHAtUkJwQUgzbC1NVVJOdS01dk5ncEdsVHlUbHNjLTU1VUlnc0VFRmVaZG9zOThpa0daMXlMcVk4WGh5b1NfaVh0ZFc3M2dhVGxpWXdkVEw5Qm03UjdPSENwZFFiRndKdVVLOWNHUQ?oc=5,
rss_google_news,"Wed, 04 Ju",New England Revolution Academy Highlights | June 4 - revolutionsoccer.net. New England Revolution Academy Highlights | June 4  revolutionsoccer.net,https://news.google.com/rss/articles/CBMilgFBVV95cUxOZnRKd2NDQTN0Q3B5R05tc2FJd2RNeDBremVNYjUyT2Y0SXE5QW11YzBua0F5NXB3M2poeXJiRHREYW9faFhHR2tOOTZXblprQlNhOWxqSmk4MWNDVDRHZ29leVgxVFhoOHF4WVNRZGVBWkd0by1tOElSelV6Nkg3Q1o3NzI0RUdlcUNNbUtPWHhaeHJzQXc?oc=5,
rss_google_news,"Mon, 15 Se",Revolution fire head coach Caleb Porter - Boston.com. Revolution fire head coach Caleb Porter  Boston.com,https://news.google.com/rss/articles/CBMipgFBVV95cUxOdk90NHZqNDdyZm9ZM3pVWll3WXNNQXRaSng1Yml0anZYcFp6NGkycEtRWlZ0Tm9JRFhlVWdEUTBKSVBtOS15NVZVZ1NZUG9KcmYtWHVSZDg5a1I2UUJ1SGp2VUZSSG1CT0hGVnBQZG1Sbk1LSmlOYXVaREdjRVhaT0JrNzBtMTVUMnhwbHhCYXBwSGNja2hLTGhXTnVSM2NUOEo2aVV3?oc=5,
rss_google_news,"Fri, 21 Fe",Preview | Revamped Revs head to Nashville to open 2025 season on Saturday night - revolutionsoccer.net. Preview | Revamped Revs head to Nashville to open 2025 season on Saturday night  revolutionsoccer.net,https://news.google.com/rss/articles/CBMingFBVV95cUxPNHpETm4wOGRQT0tEYzJlRFlDd2cwb3ViOEtaZTJYOHVhZnc3bWhudGp2NE1iMlRpLXgwOFdBQTJIeTRwZkRLc1Q1cGlwa1hKMGk0WVBzRV9Yd29mWG1wU1V4d3YyOHBzNTVUODM5bHpjUjlpeUxZSF84MGxxdDFYeTNVcUNkQ09MMjNOLWRRbkExOWE5NWZTZ2JYb0xEUQ?oc=5,
rss_google_news,"Sun, 24 Au","'It's a big loss': Columbus Crew fall to Caleb Porter, New England Revolution - The Columbus Dispatch. 'It's a big loss': Columbus Crew fall to Caleb Porter, New England Revolution  The Columbus Dispatch",https://news.google.com/rss/articles/CBMi2AFBVV95cUxNMUgtV19Yb3VIcVFKcDN5bW9fVm5WVFFfaGltaVR6MEh2QmNXajZoY09DTXl2Q0wzUW1rS3hfNlJPSUZ3d0dyTXBYdmZpWENDQVNMNlBXOGhMMVY3LS0wWlB3WUwyMFJLQ1p2eFc1NjJjeTdSZXNXX2JickV5UjNzNmlVdlczcXlIOTg0LXBQZnotVmR5cnN6djNGT1ZVVGtjSU1xUmtxRDVQZWVVQ3A4akdtMTg4OXNEczlhUVR0V3hWRVRzRkpmSGE4LS1PWG8tSWlZQ3lhaFY?oc=5,
rss_google_news,"Thu, 19 De",Revolution’s 2025 Major League Soccer schedule announced - revolutionsoccer.net. Revolution’s 2025 Major League Soccer schedule announced  revolutionsoccer.net,https://news.google.com/rss/articles/CBMimAFBVV95cUxQV3kwazZqTm16WlhUeC1tSXA4bHdVODU3Vk8wU2d0Rmt6ZXlGY3ZNSUVMQ05Va0NzV3lHcHpUTHdhMkpfV3J2UnUzc3Z0dE1JNm1zZVhMZEE1WlZCU2w3aXhac0loWXcyYUNvR25laWkwUmVia1M1UjlIUnF0aDRiaG0zSkl6cU5ZTElvTVR1MGhNSzdoaG9lMQ?oc=5,
rss_google_news,"Sat, 19 Oc",Recap | Revs close 2024 season with 6-2 loss at Inter Miami CF - revolutionsoccer.net. Recap | Revs close 2024 season with 6-2 loss at Inter Miami CF  revolutionsoccer.net,https://news.google.com/rss/articles/CBMinwFBVV95cUxPbExPWXpWbDFwUjF4eWNOUHV6QmRQc1hoNGRsMWluSFhJd2lnaENzdktoemRZSmR2Snl5OVhHYThwbEhIc29xclFsVmFhMmRaQ1Y1d2g2X0ZzWW1Ka0lLRWFOZnRNY0ZmTVQ3eWJ4cC1iSGJ5aFdMRnNzZ3VMU0xVd2l6djFMWWc4V2hSSEt2T282M0pPUjF5Uy1SLTU2Zmc?oc=5,
rss_google_news,"Fri, 23 Ma",Revolution sign midfielder Eric Klein to Homegrown Player contract - revolutionsoccer.net. Revolution sign midfielder Eric Klein to Homegrown Player contract  revolutionsoccer.net,https://news.google.com/rss/articles/CBMipwFBVV95cUxPSEU0RjZENkNrSDMtaWd6aWxSLTIwcXRqZHNDcy1qVTFaNDJXZWUtX2FJbFU5VUtOeUtFc05uZnI3WjVaRFEyWUZVMlY3aXpNQzlCQmxhWUNZUHFQNFV5SllLbVVqV18zLUJUOTZYam9ranZTTllJS3ptZ0dhdVNjMXFwdlRXamdJbmswNmZpblJkM1ZRdnBDYmE0eWFIV1NRTmZ2RWxMZw?oc=5,
rss_google_news,"Tue, 16 Se","“Nobody loves him & he forgets that we have family & are people”, Former players open u... - prostinternational.com. “Nobody loves him & he forgets that we have family & are people”, Former players open u...  prostinternational.com",https://news.google.com/rss/articles/CBMi-AFBVV95cUxQeEpNb3hLUmxCMHJBYU1YRDlhcmI1WDl3WjZNLVhJRDVPbzcxLWdwQm9IU2padE14d1A1WktYa2ZEVVNhTEpZWkdoc2pJZUZfdWtLS0laTzd1OTdseGIzRVh5bWRvVE5QZlV1NGFoOXY1TFVmMnhQZEtiQ0pxM1Y4UzloeWY5dDdkRlJCQVJqUldVdFlrOG03NEJQcHdMRVZOdDlTdTVUNDRZSFJvN0kyb2ptZzV3VXRqc0tQT2NwOUx5SU5VeWpyd3JUMThQWHZseUc1dnhYOW5JLXVidWRXVmw3bVRNNW5rVl9lU0xheHdHMm13V2JteNIB_gFBVV95cUxPLWliRERsRGpxTGRuY3dkQ1prQlhFaURaSTdKSl9jcGVrOU1IQWFGajgxdFMxa1VBVEJmUWJaVTBOdUY4ckR5WHpENzVJcmJ6cUZteVdVd2FGeERHQWFTTnQ3cDNrNHc5cGluMnpxUkFOLVJSN094RC1iemRGbm9fWERaUWZsMGVEOFVsRjVzRmg4U3N1UEdBWVFJTXhRNHp1cDZ3UENERU9LSmJPQjQ3QVlwcnRyNURONk1KNE15dGxyb3RXY2hSVm5UMlZ4THVZOVY0RGZhNHRwcW1GYUI4c0E4eXFockk0TkJUb2xPMmh3Rlh0VTR6OXo3ZkJ1UQ?oc=5,
rss_google_news,"Mon, 27 Ja",Revolution II Announce Schedule for 2025 MLS NEXT Pro Season - revolutionsoccer.net. Revolution II Announce Schedule for 2025 MLS NEXT Pro Season  revolutionsoccer.net,https://news.google.com/rss/articles/CBMinwFBVV95cUxOR2JCYkNwUTYwa081VEpaSEUzZ0o0Nl9KUmVESWszcVF5RFhqNEJmdDhXRU01dTEtN09pNDNEX3VkQlFnajBHLThNLXF3RkVsdkhxRHB4YjFsMW5wOHEwcTlHejBnZGJpR3RqLXgtRUFpbERQOVZsaHpyaXJERXJET0tWWWxadEZrOERuSG41cVdLcTVyUnRINmtDbVBQbUE?oc=5,
rss_google_news,"Thu, 22 Fe",The Arbella Insurance Group announces sponsorship with the New England Revolution for the 2024 and 2025 MLS seasons - revolutionsoccer.net. The Arbella Insurance Group announces sponsorship with the New England Revolution for the 2024 and 2025 MLS seasons  revolutionsoccer.net,https://news.google.com/rss/articles/CBMitgFBVV95cUxPelhGQ3FLdnF2eXlmYnFSZUhoQ0ltS3hYdGhFM1lKU0w5UEsyRDNEVGY2Q0VDbVJxXzJUVk9adlMyQUdrV2JldEVQc01aNUNYRjdYSWVLd2FOOW9LZlIwZThnZlZsQnk5NmVBYkxZZjM1bklqOWdUU0UtcmhjMlNxOVJReldDZVN2SXZVaHJnaWFycDJJQmU2RGNyUk9NQ194VUpoUFhscjhhWEZVM3MwNXZPd1VVdw?oc=5,
rss_google_news,"Wed, 18 Se",Revolution II sign Academy midfielder Eric Klein to MLS NEXT Pro roster - revolutionsoccer.net. Revolution II sign Academy midfielder Eric Klein to MLS NEXT Pro roster  revolutionsoccer.net,https://news.google.com/rss/articles/CBMirgFBVV95cUxQdUZPT05NcFFVeVFubmJnSTRJNEtkNm9WTmUxeHk2ZlNuS1Q5OHE2NnpKVS1nbGVSTm1FaG1CMVJiU1RMVHNLanBXeEhEcUpCM0JpUW1Hc0NLUnJyQ1lFOHRwWGFiLTF5SjNseHVIMUhYcWJucGpNTTlKenlkTEhMVmx2UVVUZ0tXUGtlamJJM19fdkhYa0V2VlBFN3RoZk1WMFNNOVhSS3hYVkdhQkE?oc=5,
rss_google_news,"Wed, 23 Oc",Revolution announce Players' Player and Defender of the Year award winners - revolutionsoccer.net. Revolution announce Players' Player and Defender of the Year award winners  revolutionsoccer.net,https://news.google.com/rss/articles/CBMisAFBVV95cUxQQm1xbUZzWkctdmVvcFFXazhhVGZfdFNCczRLWV9tc3dBM2hqT1d2RzVQbm83RUMycnpHblh6MmtHRnNiOXZ2TGFQM0tnNTBsdHR6SzRibXZTWFBlSmt6WThNdkpZeGFVVXUyUi0wWVZNalZhcVlHdG13LXNDc1FSSG9qd0I3YVNsVU1KZllhVEFfR1JzbDhhdkcyd2xEVWdRSWpIOFRMNVNITGVKdzFUcg?oc=5,
rss_google_news,"Fri, 20 De",Revolution sign free agent defender Tanner Beason - revolutionsoccer.net. Revolution sign free agent defender Tanner Beason  revolutionsoccer.net,https://news.google.com/rss/articles/CBMikAFBVV95cUxNaUJseGEzdjljTzljOXhNZUowNjJINXlRSnNyaEV6TndYSlpMRkp4dHJDYldHd3pmRDdkNFlONUlReUh5R0JmVXIxazZQWW5zRXYzdFdvV3hveWhtWk9uZFJjb2d2dnl3M2hhY0xPTHZRdk8wd0k2cUtZSHd0OEJ6QVB3M3VMam1ydXVSNVhQc0w?oc=5,
rss_google_news,"Fri, 20 De","Revolution make three selections, add GAM in 2025 MLS SuperDraft - revolutionsoccer.net. Revolution make three selections, add GAM in 2025 MLS SuperDraft  revolutionsoccer.net",https://news.google.com/rss/articles/CBMiowFBVV95cUxNSEZ4emptM2JTbGxqVHRIeXBraGRoYUNPQXVxWFhxREE2SjUwd2NWTkRWT2E5ZDJxbWdzSFRIMFNFN2puYlhDLW5IQlhDSUJfVnBOeWk3a2IyUDNGUjZTWHNvdGh1UTM3TTBxVUhjYlJkdzZiZGFIcnBZN01meThuTU5CbE9FM1Q3VHllWDE0MXByODl1VUMyYjh4d3hhRk9OLXdv?oc=5,
rss_google_news,"Thu, 14 Ma","Recap | Revs beat Alajuelense 5-1 on aggregate, book spot in Champions Cup quarterfinals vs. Club América - revolutionsoccer.net. Recap | Revs beat Alajuelense 5-1 on aggregate, book spot in Champions Cup quarterfinals vs. Club América  revolutionsoccer.net",https://news.google.com/rss/articles/CBMitAFBVV95cUxOWmZaWUtTY1NCakZTNW9naTBiemI2eFl3WlNfOEw1S19YeFI1M2xqU1dGSXNnWjdrWDJVVmhNcUV0LVZlMEwyUXBWLTVQbFdVdVUtSng1ZFpreUllenVHOGI0cG9TbkRlRUpqZEdPMy02aG9BQlQ0cXhkaWJhS2prVFVvUDQ0eVVRN3pmVHNHcVA0UWhTMzd4N0ltQUJaeTV0dUR2OHVMcVFNc1dKSXZ3MXExcVI?oc=5,
rss_google_news,"Wed, 27 No","New England Revolution Academy Highlights | November 27, 2024 - revolutionsoccer.net. New England Revolution Academy Highlights | November 27, 2024  revolutionsoccer.net",https://news.google.com/rss/articles/CBMinAFBVV95cUxPYUU1NzRoNktORFNidW1ZaEFQUkJKU20zdjVrakEzei1mUVN6bWY5TFBZM2xrV0IwTDN1RldQQ1h0V1ZHQXdnOWdjS3BNY1VrMkhPcDlJMGdBMmtiM0o4MUJmMUo3YlUxdWRVdW9Ea0RsQTVaZ09udmt6dnJrdmJxV05MSkcyZ2dSSl9jMm13S3BEbmp1cHhnWndTbTY?oc=5,
rss_google_news,"Sat, 20 Ju","MATCHDAY GUIDE | Revs vs. FC Dallas (July 20, 2024) - revolutionsoccer.net. MATCHDAY GUIDE | Revs vs. FC Dallas (July 20, 2024)  revolutionsoccer.net",https://news.google.com/rss/articles/CBMiiwFBVV95cUxQR0dhTGotZjJRdWtlT2Z5TDI2QTFGWGpVLTNyU0tKTkx4Q0pUcUhtbDRnazZpT19YVXcycEhPRm9LWnJJMk11NTFvS0NKc1k1WmdNbjBCMk5od09jbW0zd3YwTHRRQTNwZUFVOUhLemplc0lCekxGMGp5dWhUdWdsMWU1cjkyV2ZXbDYw?oc=5,
rss_google_news,"Sat, 05 Oc","Match Preview: D.C. United @ New England Revolution - Oct. 5, 2024 - D.C. United. Match Preview: D.C. United @ New England Revolution - Oct. 5, 2024  D.C. United",https://news.google.com/rss/articles/CBMikgFBVV95cUxOVmNET0JRa0o1cDdrbnYxUTNMY2tzNWZONVZxWFpXVC1sV3NieTZJSEpKRVpvbGQyTXR3VmI4UzZaLTFCM09HQldJeVBUSENSRjRjQl9Ub290NnRET3pKTUNWWkRCYjZDVzQwVEtXS1hDSVpLVC14bUx2N1RiUWEwaGwxTk1jZ0RYNUJOTy1xSjFHUQ?oc=5,
rss_google_news,"Fri, 05 Ja",New England Revolution announce 2024 preseason schedule - revolutionsoccer.net. New England Revolution announce 2024 preseason schedule  revolutionsoccer.net,https://news.google.com/rss/articles/CBMimAFBVV95cUxPYnV6M25kQ0QtSks2YWFhX0M4NGVWMVl2Zk9kdFFzLUVpMDI4cjZIZ2lueGpnaXNvZUdXQjZxSzRKeTFCTXZCdFU2bFRqMzB6ZEVFSkxBT2RLSXVEalpMY1dkQXpVanVnNFdJMTNKV2pyaGNGNlFmRnYzSnZUZWxuUjR5ZUtoNnRpN1RnZm8yZTdjUEw2OVhPbw?oc=5,
rss_google_news,"Sun, 31 Ma","POSTGAME NOTES: Revolution II Defeat Carolina Core FC, 2-1, in Home Opener - revolutionsoccer.net. POSTGAME NOTES: Revolution II Defeat Carolina Core FC, 2-1, in Home Opener  revolutionsoccer.net",https://news.google.com/rss/articles/CBMirgFBVV95cUxNZEN4QkJwNVU4MFMtVW9oVlFBamdnZ1FKUm9HY29YajRmeFBBak9kMS10U3F1bFNEUVI4bVIxTk9IS3dWTlhQVy02eUVwS2N2VXFpaTlHX29Yd2JIei1aV1dBdnd3SEdlZDhnbHl4OGRCTFg0VC1LMWlFZ3BrTHF4a2luLVhVb3l4S0xWX2xSa0NhRW1TMmFsVlROODFxWjVJbGNneVQ0eldYeWVCWFE?oc=5,
rss_google_news,"Thu, 25 Ap",Xavier Arreaga - revolutionsoccer.net. Xavier Arreaga  revolutionsoccer.net,https://news.google.com/rss/articles/CBMiZ0FVX3lxTE91ZWZIZ011dnVMS25ZazNRT3pnWjU0VkhXVU9oTDkxWU15cFRGZGV6Tmp3b183dlNjSWQ4aTAta05DVFVQYjBRX0daQ2JrVU9xOEs4dXAzZXZPakxUZ0pSZ2g0NHlMMzA?oc=5,
rss_google_news,"Thu, 19 De",New England Revolution acquire forward Leonardo Campana from Inter Miami CF - revolutionsoccer.net. New England Revolution acquire forward Leonardo Campana from Inter Miami CF  revolutionsoccer.net,https://news.google.com/rss/articles/CBMiswFBVV95cUxQazdsN2RPVnZHbl84allFZ0N5U19UeEpPNG1YQ1Q5T21WbTFYY0pNUjVzMC1PcGVWTndmV3hLYjdhQUdjV1hfZEVTd2pWc1Zpb01xRnpLb21kUnlGdW9lM05DbHluU3ZFdnhpUXVoelBabHVfQ1AyeWpIdzRYcWtIRnB2NU00RFlFWmx1MFcydncwSTczcFRZOGVlOWVRRjdLbVp1OWQwQXFXbmdxWk0zN08zZw?oc=5,
rss_google_news,"Mon, 07 Oc",Four Revolution players earn national team call-ups for October - revolutionsoccer.net. Four Revolution players earn national team call-ups for October  revolutionsoccer.net,https://news.google.com/rss/articles/CBMiowFBVV95cUxPbE1NSmF0TVZaVGtzb1BYbDNGdjh4VFNqV3RVM1pyYXBIbmxmcHVTNW1oY1JOd29JWDRYR1VuTDh1UnRTa1Q5cXJvTzJuQ3lKZXVua1M2UVdvRmk3dzVtZlFTMk42QUg0WFdkN3VOYUdmT0pOdVFfU2xSOThPLUxINXd4emdtWjJVZ0VNU3dSemZhN2RTSGRQdk0weGJEdF9QQ0FJ?oc=5,
rss_google_news,"Thu, 27 Fe","New England Revolution Academy Highlights | February 27, 2025 - revolutionsoccer.net. New England Revolution Academy Highlights | February 27, 2025  revolutionsoccer.net",https://news.google.com/rss/articles/CBMinAFBVV95cUxOQ0NneWw0b2kzNk5zUmRSeTBSMWJCQVpCUEJZZTRWb1FqSE5rSURzTlF5cUNuNGF4TWJqNnRjb01FNTFJSEowUkNsX0l4STJXSGRhX0hNUnM4U2xodERpZEliTXNNVHJqa1F1UDNydTI1ZGtGemVSM0dNLUxzc0EzVk5jVXpWWWpabTg0S01wM3dwTzgxQ1lJd2d3MUU?oc=5,
rss_google_news,"Tue, 19 No",Revolution II re-signs forward Marcos Dias for 2025 MLS NEXT Pro season - revolutionsoccer.net. Revolution II re-signs forward Marcos Dias for 2025 MLS NEXT Pro season  revolutionsoccer.net,https://news.google.com/rss/articles/CBMirgFBVV95cUxQWGdPc3JfX2RYSmMyM0s3cHlsSmFOd3FxZkg2LVpudGt5Ym9YWkotZjRRejJOZi1EQ2dUTklLZUpiQ0JLLVM2dldULWw3dkd4WGNsZGI2b3J2SG85NWNLOG5sNmp5MHBfdVVtMjRwS2VMa2dWRGNvMXlQb0E5UlRuaVpvY09wRHM1Z0owWldhTVlDWGhoS2dSNy0xTldDTmRrT1NzRVhYNi1hckg2M3c?oc=5,
rss_google_news,"Sat, 06 Ap",NEvsCLT 04-06-2024 - revolutionsoccer.net. NEvsCLT 04-06-2024  revolutionsoccer.net,https://news.google.com/rss/articles/CBMingFBVV95cUxNaElGNzRIVml6TmdOcXpBYTFSX21WZlJLRUE3TTJxMk04cVo5UjVrcGtQSXBWQVRmSEgwOU9ZQVdKTG5zRVZpS21aQnVVR0Z3dTE5QWZUdTR1Y0ZaeEpVelE5UWxMckNON3FhVHB5cXVzMUp4VTFaX0RZLTlPMW1HWWdLYTExaktnNlJ4S2tlWkxaTWFHaGdUYl8zUVNEdw?oc=5,
rss_google_news,"Tue, 29 Oc","New England Revolution Academy Highlights | October 29, 2024 - revolutionsoccer.net. New England Revolution Academy Highlights | October 29, 2024  revolutionsoccer.net",https://news.google.com/rss/articles/CBMimwFBVV95cUxQMjlTd2QtOExJRXhQUlV5Y3B0R1JxckVHcEdDZjh5QzhrNTBCa0ZGSUh6dER0RmE3ZldEMjU1dnA5ZVhrMWxsNWJUVFVhN3VFLW5RbnY5UEN0YkZVNWtYUnk4WG9peXdPbkpFeDkwbnNROUJpSEJYSURrM1hQVFJ5X1hRLVVqcnlVaDdONUJwcm9NZmhRTW5zMTU2OA?oc=5,
rss_google_news,"Sun, 04 Au",Luca Langoni - revolutionsoccer.net. Luca Langoni  revolutionsoccer.net,https://news.google.com/rss/articles/CBMiZEFVX3lxTFBIempPYlBfeVJYQ2M5VlhFT2J6OUNxX0g4YlN5RkFLaWQwSl94aEN6XzJZOTlHeWFqQ1VoZ3lCdFN4QmlCcDZEUlBYemxEbTdUMEJWMGtNQzJCYXhCdy1paGR1ZzQ?oc=5,
rss_google_news,"Tue, 10 De",Revolution protect 12 players from 2024 MLS Expansion Draft - revolutionsoccer.net. Revolution protect 12 players from 2024 MLS Expansion Draft  revolutionsoccer.net,https://news.google.com/rss/articles/CBMingFBVV95cUxOYmtkVWVRRktoaEMwU0Ywd3ZDOHFHQzk0MHVvMEFaLW9fSmJnalM3YTdHR1FQd2ZPcUtOLVJ0UVRLX3NDN1BEUW1TcF9TSWVjM0MzRnhuZDc4Vi11NVlnYV9Namk2UWZOOGczaWlrck93U3Fab3BCeWQtRGNfWUlCWkdENjljQU5aMGFKYzZpUUJ1clNxTDBSakdIQURGUQ?oc=5,
rss_google_news,"Tue, 11 Ju",Revolution II sign defender Damario McIntosh - revolutionsoccer.net. Revolution II sign defender Damario McIntosh  revolutionsoccer.net,https://news.google.com/rss/articles/CBMiigFBVV95cUxONDJsNFZJc2g5T2owSXZ5OU03NmhJZkhsQ0RHNHlIbk9mU2JEU253RFdLZl9EcnFfRjhZUkotUmVUNUpGMnB6RUZ3WHhPbGkyRnBTRkNkcVA3WnhLQ3BoRWROT3pwdVJiTXhoOHA3X3E0TXZMSmdySWRtd0VXaVFkZEVhekVLckpsRWc?oc=5,
rss_google_news,"Thu, 10 Oc","New England Revolution Academy Highlights | October 10, 2024 - revolutionsoccer.net. New England Revolution Academy Highlights | October 10, 2024  revolutionsoccer.net",https://news.google.com/rss/articles/CBMimwFBVV95cUxQTUxibUQybjZqX1FpWm5Tc3BsdklvZkR4OTdBMVozX3ROYlpMMzRaX1VBaGhYcVFZWFR3RUFGYWJLZTd5dHN2S091WUJ3cVY3RlRhSGtXWW1xSHN6MU16Y3p3SEl5NmdDUDBiM0dndmhvdk9jdFhWelZBbk1JT1lqRkxGVzdORVZzbGliQlBnbG1LcF9PZmNtM1B3aw?oc=5,
rss_google_news,"Fri, 16 Ma",New England Revolution Academy Highlights | May 16 - revolutionsoccer.net. New England Revolution Academy Highlights | May 16  revolutionsoccer.net,https://news.google.com/rss/articles/CBMijwFBVV95cUxQTExSQ08tbVVPNk84Sm9LYnpvY1ZsU0VGRTFYekUtMlVmbVl5UXBpUGFVb0FDLUdGWVFZWUpENjRPREE5M3c3c0xsRWY0YUhBQjZjVE1zWTZHZS14bHYtZGY0SGs3ejEtRWlsdVoyNk1kU0p2aENuRXBxWTVDVGM4eHlUcmpGYTNyVVc3b2ZsZw?oc=5,
rss_google_news,"Sat, 15 Ju","MATCHDAY GUIDE | Revs vs. Vancouver Whitecaps FC (June 15, 2024) - revolutionsoccer.net. MATCHDAY GUIDE | Revs vs. Vancouver Whitecaps FC (June 15, 2024)  revolutionsoccer.net",https://news.google.com/rss/articles/CBMinAFBVV95cUxPSUwwSlprS0M0TXQtTHZwV19Cd0QzM3UxTDhwSHUwaGJHaUlzYlJoRU1zLXNIYnNSVGNYTFctUUJuUlk5bW53MS1Ya2xjUUpvOUVkdWJzZUJUcnR4RExFckxBd1FpS1FJRHBWNWoxWjl3c0ZNaklGZDE3N0p4Q2VrV19OZEhKZS1kVXJUZWtYOW4wWUZuWkwza0w5MjQ?oc=5,
rss_google_news,"Thu, 08 Fe",Revolution II announce schedule for 2024 MLS NEXT Pro season - revolutionsoccer.net. Revolution II announce schedule for 2024 MLS NEXT Pro season  revolutionsoccer.net,https://news.google.com/rss/articles/CBMinwFBVV95cUxPODhuaDYzbkdKZG1EeF9SRXZMMXJncXFQUVJQVWR0ZHN0QkZiT2xqUGlnYTVXS3VoZmFkYUFuZmtWNXpHY3RUYkd3LVpBOUY2MXBxSFA4ejJTVEpZaVFWZnFJNnRvaHpGRGtfenlfaTJjZW52SzdIZHF0cmhOR2VPY3dTY1F4cWppM0x2d19sLUdIV2F5T3pNbjNPMDFydDg?oc=5,
rss_google_news,"Tue, 14 Ja",Clean Slate | Preseason camp kicks off with 11 new additions to Revs roster - revolutionsoccer.net. Clean Slate | Preseason camp kicks off with 11 new additions to Revs roster  revolutionsoccer.net,https://news.google.com/rss/articles/CBMisAFBVV95cUxPWDQ2WE9NNlBVSW5pUmlaNzZsVmY0Z1otLWE0dEtvbjI3dVFqdDc1NVFaM1pPRW5LRGNDOGFGT0FHNXJJTDlzMWtiMXNaRGFDdUxibFBiYjgzX1NjWnpsZTJfVExyT3RGQnFSeWxXZlcyRkFYZUhxYVlMRFl4UEpfdlhtMlE2Ni14WGNfN0FaU25jVWFpbFdQcDkzVk5HQkVjRy1YQ2hSc2k0OUJsZHRzaA?oc=5,
rss_google_news,"Tue, 23 Ap",New England Revolution acquire defender Xavier Arreaga in trade with Seattle Sounders - revolutionsoccer.net. New England Revolution acquire defender Xavier Arreaga in trade with Seattle Sounders  revolutionsoccer.net,https://news.google.com/rss/articles/CBMisAFBVV95cUxPUVltd21KSmVMaGMyLXM3cWtFbXpiNm1HU1NkNGZuTVRaWnd0R1J6b3F6T1JianlUZl9MSHQ2ZHFaRVdXSFhMdVBLWkdrVU5JYW9tWUV6TExONDd5VU5fc3JJaTNQU04yR0J5UVNvdGR3TG5KNUZWdEhmOWpRak9ld3ZGSElpS0ZldFJ3RHdsTm8zN1Nva0JOOXhNQ0tWRnR3Um9PQUNGSzF3MWljLVpGVw?oc=5,
rss_google_news,"Sat, 06 Ja",New England Revolution sign goalkeeper Henrich Ravas - revolutionsoccer.net. New England Revolution sign goalkeeper Henrich Ravas  revolutionsoccer.net,https://news.google.com/rss/articles/CBMilAFBVV95cUxQOE1WVml0Qm5wNWNBODk5bVVuVEhLMlFmb2MzZ0VMNHIzdVpCTzlHMUx4eUh0dGVNVkt6WW90bXBVUVlZSTdBM2RXMVE2RmQyanZzVkFCeGE3SUg0Uy03NHV5ZVBqb3VsMVQ1dzhsQXoxdzJ0cXpnUXZuSG5jVzhjNi1Eb2hfZmI0TnpDSTF0OG9sbTFY?oc=5,
rss_google_news,"Thu, 04 Ja",New England Revolution sign free agent defender Jonathan Mensah - revolutionsoccer.net. New England Revolution sign free agent defender Jonathan Mensah  revolutionsoccer.net,https://news.google.com/rss/articles/CBMiowFBVV95cUxPMEhNc2cxSVVaQjBzTlo3em9wNU55aHRrM3pvcXV1Z3NFckZya0pzSm1CS1EwNXBsV0dqQkt2bXluYzNKa1haZGY5Q2hLRTgxZnkzT3N2Y2xtS2N2QTJTVGFySVhONEd3RHl3c3d0cmpWYk55ZWV3R0hHSS01UmFFWGZRT1RTbXFwSS1FV1B4THlHUHo3QnRxVFVKNzFSenFCdmxR?oc=5,
rss_google_news,"Tue, 23 Ap",New England Revolution sign goalkeeper Aljaž Ivačič - revolutionsoccer.net. New England Revolution sign goalkeeper Aljaž Ivačič  revolutionsoccer.net,https://news.google.com/rss/articles/CBMikwFBVV95cUxOekRMTHk4UkdOWERIbWplLW5nYnNxSnU5R0FXc29oMGVDRVUzVGtIN2J0bmdTWHFHQUNEMU5CUVp4Z0NkeTNaYTJqVkhTamc5OW9qc3JSTXhYZjJrRjFEN1dKQlJWNGdIVEx5ZWpXRk1sRVZTRm45WjNNdzdLVFBZZ0Utd1poWjFMcmhVX0toaTdqN2c?oc=5,
rss_google_news,"Fri, 03 Ma",Revolution II Sign Defender Moshtaba Al-Hasnawi - revolutionsoccer.net. Revolution II Sign Defender Moshtaba Al-Hasnawi  revolutionsoccer.net,https://news.google.com/rss/articles/CBMijgFBVV95cUxQa3pCWUFveVc1ZU9TZFFIWUtQMV94RlZyUmREeVpkcFV6eWR4a1JnMkpZaEVYX1MyNklRd3lwUVFONVEzZWJJaG1naHdMdjZqR2d6dFd3bE9NNzd0Y19Vbi1ScVhKODBWQTdRM1plb1lRSFloY2RLOE4zQXdRbEM2R1RvaUw2SmNzV2NUU3VR?oc=5,
rss_google_news,"Wed, 06 Ma",Revolution II sign midfielder Luka Borovic - revolutionsoccer.net. Revolution II sign midfielder Luka Borovic  revolutionsoccer.net,https://news.google.com/rss/articles/CBMihwFBVV95cUxNQzFrcDFXaTdieDZLNXhPN0x6QVRmLXhSQU1rbkhNRTVHNmxlR0Z3Yk9NN2ZlaFY3bE5MdEJmNGxfZFBmOXFmcEFqeGpLREo4cnlpUkQ4VmNpRGpxV3hOWXZnODh2NVkxQW50SmtLbXZuaGtlbk1LbWNTeDZsVG1GTS1MSGx3Tmc?oc=5,
rss_google_news,"Sat, 06 Ju",Revolution II sign defender Giovanni Calderon - revolutionsoccer.net. Revolution II sign defender Giovanni Calderon  revolutionsoccer.net,https://news.google.com/rss/articles/CBMiiwFBVV95cUxNWHNVckFycThyOTFfUDRkUUhfcEdZNjJUelhOMHk5SDd2djlnLUY0TFI3N05KWUpMM1NpakRLUnZLUVVUWFRPeUNMMTlVSVlCVGQ3Vml0eDRNNjVxY2ptbDktR1g2aHVGdURSTVZLcFdPVjR6dlpQMDhnQnU1QUpRaVBLcTlJYXFCcHRJ?oc=5,
rss_google_news,"Mon, 10 Ma",New England Revolution II forward Jayden Da undergoes season-ending knee surgery - revolutionsoccer.net. New England Revolution II forward Jayden Da undergoes season-ending knee surgery  revolutionsoccer.net,https://news.google.com/rss/articles/CBMiqgFBVV95cUxQZURQTFQ0RU1aSjE2bnhpbDVsUkRMUHVSYmJFVERGNldaUjFsbEU1NjdPMmhvNnJkckx4cUR5M0YtUkRVTkZoLUt5QkpfSGRBdE1zUnozdTZEamptZlhBc0h5VEZPN3EtYmUwZk82MG1MdGRsLXRJY0s3NjdNdWZNbVdPUEdLR3BCZnVGQ0oyWV9NLW50b3FGRjJXUFRfQmhHbE9FR0ZZZm1RQQ?oc=5,
rss_google_news,"Tue, 02 Ja",New England Revolution re-sign midfielder Emmanuel Boateng - revolutionsoccer.net. New England Revolution re-sign midfielder Emmanuel Boateng  revolutionsoccer.net,https://news.google.com/rss/articles/CBMipAFBVV95cUxQVVU2UWVHNzdWRlQyUnFxQzlpWEhsZllibzZRQ1ZvYmFPXzRLZjNCN1ZhMUxiWG5zVXpRVDh6cklxWUVVYXdTUXFlYkV0Nkh6MUo5bGtCNnZQU3JyQnNlVWdJVEZFLTBwcERfb0FTRGg5TTZXWTJ3RWtBaG1rckREc3gtOWJvTEhvandtVWdBdFRHMlFIdGN5d3VHWUZmcHhiNW4zaw?oc=5,
rss_google_news,"Sat, 19 Oc","MATCHDAY GUIDE | Revs at Inter Miami CF (October 19, 2024) - revolutionsoccer.net. MATCHDAY GUIDE | Revs at Inter Miami CF (October 19, 2024)  revolutionsoccer.net",https://news.google.com/rss/articles/CBMilgFBVV95cUxPQ01DM21SdDFYcDZvUHdNcG13eENaMU94R25MMXl0blFXdWgxOUE3UG4xS1RRSmhrZG1qR3lTWk56bW9PSGV2dC12T2VoVTlfZE50V1pTalVYY3VYZDV3eGRRYW16TXNua2JlU1RPQmpSc1NQWm1na1dXdDdscWk2OVo1RnZSR2gyMlhDdWxfVHFjRlNOblE?oc=5,
rss_google_news,"Thu, 01 Fe",Revolution II sign defender Hesron Barry - revolutionsoccer.net. Revolution II sign defender Hesron Barry  revolutionsoccer.net,https://news.google.com/rss/articles/CBMihAFBVV95cUxOS2UxN25OOVA0XzZ6WGNjeUc4NTVRWEdheVpaXzM1ZVM5a2xLOG5qMTd4RE9odHJ2Y2ZnanZrVHhsa2ZNd0ZZZmlGaWpGeE05VWh0MXV2aTVDdE9XdHhrdHZPV0RCZVNEN0M4dkhXakdCZFFlWG9QSFB6RFZmWnpuTkdQeHc?oc=5,
rss_google_news,"Sat, 03 Au",Revolution acquire defender Tim Parker and $600K in 2025 GAM from St. Louis City SC - revolutionsoccer.net. Revolution acquire defender Tim Parker and $600K in 2025 GAM from St. Louis City SC  revolutionsoccer.net,https://news.google.com/rss/articles/CBMiuwFBVV95cUxQOTUwNUpCSEYtdkVZcjR3QVhXdlNLdC0zY2kxVUlEdXVHZnlrXzFuelJ5QWpkbDlqZmFjdEZmSC02U3RmOS1XUVA4LVZEVk43Q2V2bkpqUUxJXzZFV3EwWVlOblBFX185eFZPSndFSGZsMnJUZG5xN1JvcERhczJqMjRnSThoS3VnYmp0WGpYOG1XbHR0SGtLVVJPSlhtV1g1MS1qd2tCbWNyc25OWjVyLURQMkU4aTFBMmd3?oc=5,
rss_google_news,"Tue, 05 No","New England Revolution Academy Highlights | November 5, 2024 - revolutionsoccer.net. New England Revolution Academy Highlights | November 5, 2024  revolutionsoccer.net",https://news.google.com/rss/articles/CBMimwFBVV95cUxQRHNXMGpmYmNjYTRCZmtQV0FJZFoxazZlSmtxbGNtRi1fcHRFWVBCZ2x0LXVtWHBQNjBabzMyendfR3l6ZUFWNjZlZVVrVjNKX1p6ZnVJUy1wMUhSZ3pXV3ktSXFyRW9BdDN6Q2tHbE5XVVFMbF9NNVBMMzVsQ3lNTl9kUjRsRHRQZ09BQnF0VTZyNXlrSUhRdWN6WQ?oc=5,
rss_google_news,"Thu, 16 Ma","New England Revolution Academy Highlights | May 16, 2024 - revolutionsoccer.net. New England Revolution Academy Highlights | May 16, 2024  revolutionsoccer.net",https://news.google.com/rss/articles/CBMilgFBVV95cUxQT0FHN01MQTY3S0o0NnAtejBGcmVJT3BZeVpZYTVVNU1RNC1rdWRTS3ZhZ2JpaWFBQlJ6aU8ycDdLQXZlWThwZl9oSmV4TXpwOVJuRVhDMWVlRndIYl8xS0txaGhSdUhLMFV5UnpBTEg2NkRzc3Q4ZDhrX3oxWjVKQ01zV2NEUFRDY1NlZEd2MjVoWFEtamc?oc=5,
rss_google_news,"Fri, 22 Ma","New England Revolution Academy Highlights | March 22, 2024 - revolutionsoccer.net. New England Revolution Academy Highlights | March 22, 2024  revolutionsoccer.net",https://news.google.com/rss/articles/CBMimAFBVV95cUxPYkFTbEhwTmJsMkxpa1hTTEhMVFJwX0xibEwxT1ZLWGNWcXFHemxVem10TFBsTVNkcnRnWU1SZ0dHTkh6Szd2SDJBQ252RlZSSjhsNFIwTlQwcXFvT05zSmdrWFZjeUVEb0I5NzFMekgwcVdsTDRvLW9oS1JiZEZtdnhfaGJSNFlnN2tpWmVpUDZ4SnJ6Qnd6ZA?oc=5,
rss_google_news,"Fri, 20 Fe","Preview | Revs open new season under new leadership Saturday night in Nashville (8:30 p.m. ET, Apple TV) - revolutionsoccer.net. Preview | Revs open new season under new leadership Saturday night in Nashville (8:30 p.m. ET, Apple TV)  revolutionsoccer.net",https://news.google.com/rss/articles/CBMikAFBVV95cUxON04tdzBhRzVxUl9JaEF1elVrTzd5REc1V21qQ09zWTZ0S1I5RlBrMDhSZ2pqX21xd3VJdnR0SERWaENNRUFGRUV5NnhJSzdpWUx1SDM3OFhPU3E5Y3ZHNU9FTTBOVTJ1dzJ0cHVRdkxmQThOY0F1YjlnYlJLVUFQQWVBVVVZMm5vcjRoRjdoMkY?oc=5,
rss_google_news,"Fri, 08 Ma",Preview | Union kick off busy week with trip to New England Revolution - Philadelphia Union. Preview | Union kick off busy week with trip to New England Revolution  Philadelphia Union,https://news.google.com/rss/articles/CBMiqwFBVV95cUxQakZLRFNneE1KSjhrNDlTeGgxLWNOY3FHS21TVHlFMncwTm9XdGFJd2NsSEtLdzNtNW9Yel9tbC1nUDVmNzhxM2xucjR4WTYtRFZmRlU0SEltZ3lGY0lyV1RtX2F6Y3p2UWtOM25WaTZOenlOVVYwM0tyZlRQd2lWUXpyT1l0SnA3SE1Hc1MzejNnQTZwUEl2NldkWWFTeE9PeUhKVnVNSGdFeFE?oc=5,
rss_google_news,"Sat, 11 Ap","MATCHDAY GUIDE | Revs vs. D.C. United (April 11, 2026) - revolutionsoccer.net. MATCHDAY GUIDE | Revs vs. D.C. United (April 11, 2026)  revolutionsoccer.net",https://news.google.com/rss/articles/CBMijAFBVV95cUxOMy01YVltZlREZjBtR0tqLS1IRVg0dE5scWpocHJsZTJkakFaLUJBV1lUaGtta2ZBazBmck1UaUlrOEpTa3B0cmJpbnNINS1UaDBNU2hkcGxMN0hmZzhLdy0yN0s0WE15SDJoLWw4bGhOOWl5MDRPajZyWjBGVW5SdXc1ejNxYWR1VFItVA?oc=5,
rss_google_news,"Sat, 21 Fe","MATCHDAY GUIDE | Revs at Nashville SC (February 21, 2026) - revolutionsoccer.net. MATCHDAY GUIDE | Revs at Nashville SC (February 21, 2026)  revolutionsoccer.net",https://news.google.com/rss/articles/CBMijgFBVV95cUxOWnA0dWZ3UkFpXzFPTlpzRE9pdWZFWDhqb2hvQzUzX0wwb09vOWtsXzdKS2EyN3ZMejR6YmgxZ3dQN1EyRWhvVjlSMjEtcnVBLXp5WExoQVFFazVRcU0tdXpmaU43LXhUTDJOdmVadWZPSkZqc3ZGQldtNXVHay03MnpnQ2RkNkJzSVZGVGJB?oc=5,
rss_google_news,"Mon, 02 Fe",Revolution sign midfielder Carles Gil to contract extension - revolutionsoccer.net. Revolution sign midfielder Carles Gil to contract extension  revolutionsoccer.net,https://news.google.com/rss/articles/CBMikAFBVV95cUxONTZIUTJiVFhJTUppLU8xSVJXSVhYWUNCekJyblpxUDA5SUNidkNRMFg0amswMUdnUVkxS284Si1nYlpuQ2JmQllob2czMUhWVXI5OGYwdk1aNWs0c25tYk5xZXZCWkRvS21IYzFFUWZkaF9ySzlMYXNXWnhONnNNYktScWlsb3E1ekJvWDh4VlI?oc=5,
rss_google_news,"Sun, 22 Ma","Postgame Notes | Revolution II shut out CT United FC, 2-0, on Sunday - revolutionsoccer.net. Postgame Notes | Revolution II shut out CT United FC, 2-0, on Sunday  revolutionsoccer.net",https://news.google.com/rss/articles/CBMilwFBVV95cUxPd3lxTi1JZnNMSVJvUXZfSkQyd0ZRM2lKSFNHankzX3lXVWFCeFkwQ1JzUE51ZTB2WUtsdzA0MW9nNHhoY3BTaTJjcXJJZ3ZyY3JnelNuWEVlc1M1UUFOVk9nRUJxTGZ4Y21qNjgxWVBKZlJkOUNKYklLSEZQamxHX24yNlBsb3M3ckhDdC1fNjZiNUZVREsw?oc=5,
rss_google_news,"Fri, 19 De","New England Revolution Academy Highlights | December 19, 2025 - revolutionsoccer.net. New England Revolution Academy Highlights | December 19, 2025  revolutionsoccer.net",https://news.google.com/rss/articles/CBMijAFBVV95cUxNN1gtUDdqWm4wZWJ3by1mYUFJbFNNWjZDMUVlcjc5RXl0eW53Z2Uwc0wtV1l1Vm0tUWdiRmN6MmZHYXYtZzFtdjNVb1NwMXVQSDJIbnpxREF6aU5yZW0zdE1XRXE0WGtOelVqWEVJUzZnTEZ6ZDUzemcxYWpJZnJxdDVnMUVQWTFPbXhfaw?oc=5,
rss_google_news,"Sat, 18 Oc",New England Revolution announce 2025 team award winners - revolutionsoccer.net. New England Revolution announce 2025 team award winners  revolutionsoccer.net,https://news.google.com/rss/articles/CBMiiAFBVV95cUxPbGdFM2w3ZVNKREI1cFN4VW9DY2dNdTd0SVIzZ1BWSmdGcGRYWDlDaV9yZWdLQVhHZEtWVkVpektvaGs4dmVMSEl3NnVrQngzVThRWFJ4enB1RVJvRnlSRTVEQW9rdW9uaXdkekVwVlREUUtJSjNzX19idUJQbnRiYmp6alpQWlR5?oc=5,
rss_google_news,"Fri, 10 Ap","Match Preview - D.C. United at New England Revolution on Saturday, April 11, 2026 - D.C. United. Match Preview - D.C. United at New England Revolution on Saturday, April 11, 2026  D.C. United",https://news.google.com/rss/articles/CBMiqgFBVV95cUxPcGJTYU00Mjg4di0tOU5TbHdkbW9MV01mOHhhQTJxX3cwdUF0VmFWUGpZa09qamdYbkJ2RFlBX1lXX2oyaEhjTXZJSUFIdXlheEpHejZ3ZjhuODNBZVQ5SkU2WWFUdkxsWXV6OHBrTTdMMEJUamZtTlNIWG9CaFBvRmNvNEVkSUp5VmI4YW5KcHl2N3YxYzVPMUdhT1FzT3diNUlEdjd3MmNjZw?oc=5,
rss_google_news,"Tue, 23 De",Revolution acquire U22 midfielder Brooklyn Raines from Houston Dynamo FC - revolutionsoccer.net. Revolution acquire U22 midfielder Brooklyn Raines from Houston Dynamo FC  revolutionsoccer.net,https://news.google.com/rss/articles/CBMiiAFBVV95cUxQc2tBeWxUaTBHaDZ3WnAxbDhldUtRRzlud2M1eE5yNTZ4Y0Z4SFpiVVh0NkhiWlRBTC1pLTV5djI3YlBEVzhKMTE4NjhXVjl6clVXdjlHcWdER1RZc0N2TzZCblQ2QUlDdW96TlRZaVdEZTZQUklNYXBqaFpkSy1BLVFfdzIxakNE?oc=5,
rss_google_news,"Thu, 29 Ja","Revolution II sign D Schinieder Mimy, GK Matthew Tibbetts - revolutionsoccer.net. Revolution II sign D Schinieder Mimy, GK Matthew Tibbetts  revolutionsoccer.net",https://news.google.com/rss/articles/CBMiekFVX3lxTE9NRl9hU2tFQ0xxbmhzdXhjVTFJdS0yUkJTY2dMLTVyZFlCblJESGVTQ0lGZEk1dl9vOF9wYzBrTUhlQkN4RG1YZmE0VzVocGFMZmlsX0RTNXo0SGszNFFGUmFLUngzdW82c3ZOM0VDRUJqOXFoQlE5c3FB?oc=5,
rss_google_news,"Mon, 22 De",Revolution announce 2026 preseason schedule - revolutionsoccer.net. Revolution announce 2026 preseason schedule  revolutionsoccer.net,https://news.google.com/rss/articles/CBMiiAFBVV95cUxOZ0tmdlRlTjV0WW10NEZIRktoZkJkekF2czJfSkhEbDhkc19iaHFBckN0c1FDLUxzMXppTzJkWkFoYXBpbXNoajhES0tRRjNWemZ0NzdQdWtOQTJWcm1VWjU4dXlja2drTDhsakZjWlhQX294SEV6TWppOU5DbVNnQmtfU1NGYm03?oc=5,
rss_google_news,"Sat, 27 Se","MATCHDAY GUIDE | Revs vs. Atlanta United FC (September 27, 2025) - revolutionsoccer.net. MATCHDAY GUIDE | Revs vs. Atlanta United FC (September 27, 2025)  revolutionsoccer.net",https://news.google.com/rss/articles/CBMinAFBVV95cUxNZzdqZzg0XzVWakFTOGpwbGZGdDNxbzd0Ylh4YWd0RFMwT2V1REdZeHdxQ2NDaXlIeU1zdndzRlhqLVpMbHc0RjdSZ2YxaFZHck5GMDQyTDM5YnQ2WUQtU1NFdlRDc1VFNHFPVmZ0b1FzS2FHV1lXMkswYlNySXVzSVIxbmpzMzR0X1doNG1IUE5rNDU2d1ktTFZXdEM?oc=5,
rss_google_news,"Mon, 15 Se",New England Revolution part ways with Caleb Porter - revolutionsoccer.net. New England Revolution part ways with Caleb Porter  revolutionsoccer.net,https://news.google.com/rss/articles/CBMikgFBVV95cUxNNXFkRW94V3ZTVElQQUc4by1NRXpWNVhSemJGSGktS1pncW9GaENDTnJLV3ZIT2M1LUhWQXZiRmhvNmNyb0hOVEJRcUJqdl9oRF9LazNwSVlNdGk1bWdrZFBCQXIyVlBhRkdxbm40QXdCMlJqdkNzQVQ3MkxpMEw5X0lTSkdSSEJlVFEwaXNUb3B4Zw?oc=5,
rss_google_news,"Wed, 22 Oc","New England Revolution Academy Highlights | October 22, 2025 - revolutionsoccer.net. New England Revolution Academy Highlights | October 22, 2025  revolutionsoccer.net",https://news.google.com/rss/articles/CBMiiwFBVV95cUxNMWx0WGkybXZlMFJnLVJnTlNmTE53WDJNRGhDRGNrY2g4cW16YkRNMUdaN1pNY3loaHdpNWwyNUZvT0VXMWNnU0NuVG9oc0NCNGxBMHM1NlJITHF5aFJhRG1GVm05NEpzMC1vejVka2FzMkx3WHBzTGRLbUx3SmNsellfckp4LWdqVTJr?oc=5,
rss_google_news,"Mon, 15 Se","MATCHDAY GUIDE | Revs at Philadelphia Union (September 20, 2025) - revolutionsoccer.net. MATCHDAY GUIDE | Revs at Philadelphia Union (September 20, 2025)  revolutionsoccer.net",https://news.google.com/rss/articles/CBMingFBVV95cUxOVmRmY29aTTdLanZPY0RjUUhGMWVtdmxmMXVyS3JfcTdHQUI5X2ZrSExXa2VmMC16Nm10NmZKTFhjd0VhUmdHSW9SLUtLT2dzTXNGNWR5VlF4VldjR0hWVEkyVHU0Z2IydldvYm02YUpyS0xIN2YyRHlSQWNMX0ZOZmh0dVhjZkFzYUI3T2JINmJaV0NLS3lkempTY0trUQ?oc=5,
rss_google_news,"Wed, 17 De",Revolution II sign forward Myles Morgan - revolutionsoccer.net. Revolution II sign forward Myles Morgan  revolutionsoccer.net,https://news.google.com/rss/articles/CBMigwFBVV95cUxOYnpib1RoQ2NIUS15WGdsc1hSQkZTb2NiY3R6VUVkaUk0RzlHLTR0ekx4M1Z4N3hGaWdZeEdpT2c5cS1ENm5qM2lQTHc5SmstbG5lb1hqbUFCWTREVEtkMzRxR0ozTUpnV3B2dXE0cDluMXRsSGcwc2dTQ3czaWxNX0k0UQ?oc=5,
rss_google_news,"Fri, 26 Se","POSTGAME NOTES | Revolution II fall to Crown Legacy FC, 1-0 - revolutionsoccer.net. POSTGAME NOTES | Revolution II fall to Crown Legacy FC, 1-0  revolutionsoccer.net",https://news.google.com/rss/articles/CBMiqwFBVV95cUxNUVpLR3ZSRm1pWFRaNnJ5dU0ta1BCQUR1NnhYZVZac0xFaEQ0bTNmTG1PQmx0aU53NGJIWGd1OUthcVp2MjBHSGVOczFpeHNJYTJPcUcwN21OMW5tQW1aVDRZQXZOUzFncWE1NjJOalRPR1lHNnVJWWF4cV9DQmZQS2ZSclMybGo0VjMtR0prUFY0eFk4OFM3dVVsY1pDT3hObGx6a3YtM2xUeTQ?oc=5,
rss_google_news,"Sat, 18 Oc",MATCH PREVIEW | Revolution II host Chicago Fire FC II in Eastern Conference Quarterfinal - revolutionsoccer.net. MATCH PREVIEW | Revolution II host Chicago Fire FC II in Eastern Conference Quarterfinal  revolutionsoccer.net,https://news.google.com/rss/articles/CBMiqwFBVV95cUxORFhFRVZBNFg1eDNCU2t5WEhIVDZjeGlMWS1rZWVtN0lablpQSktxUjhMX0NiVEd0VkpNNXYwUk1QNkdheWlvNHQ5bnlnTnBrczRVTXlpWDEzUV8zTzJWWjh0a3Jjb1N1dWd4cXgyZTZKSy0wcGxmdHlraDRLOXZZd2pnMi00U0NqMVlsOUlVWl9mNVVpT21ITmpJdHphRll6TmRGdEdrTklsWG8?oc=5,
rss_google_news,"Sat, 18 Oc",NEvsCHI 10-18-2025 - revolutionsoccer.net. NEvsCHI 10-18-2025  revolutionsoccer.net,https://news.google.com/rss/articles/CBMingFBVV95cUxPeHhYVjF6eEpzUzZsa2I4V1k2aktUNnFpcV9NMG1PNUVpY3BQVTlEQWtfUEEyeXNrQW5zcE9EY0NpQ0h1cVQ3QTlfbVFubjJCOEFrOXZhSlJwVU9lMzVIV1ZoT1BadmFfbzgya1JTdnhPNzlRdnNndlBXaU1pRi1peHFkeVBZUnJEbURDZ3loenJMMm5ieTgtSFhyZ21oZw?oc=5,
rss_google_news,"Thu, 18 De","Revolution make two selections, acquire $200K GAM in 2026 MLS SuperDraft - revolutionsoccer.net. Revolution make two selections, acquire $200K GAM in 2026 MLS SuperDraft  revolutionsoccer.net",https://news.google.com/rss/articles/CBMiigFBVV95cUxQNXhVWml2bmU4eTJPRlFxVG8yMlFNcE1wZmJRbmVFalpxOU52NzRmWGtHeXc1YUFobGg4TDZzQXgzWTdnalRyMUwzUEFrbFlTS25mN2xwbDdDWkRqMjhzNUN5M3NNWEhzbXlfOWNfeHU1b0lqb1RJU3Uxcy1fckRObFhHZzZLWDVXZXc?oc=5,
rss_google_news,"Sat, 18 Oc",Revolution II midfielder Gevork Diarbian signed to Short-Term Agreement - revolutionsoccer.net. Revolution II midfielder Gevork Diarbian signed to Short-Term Agreement  revolutionsoccer.net,https://news.google.com/rss/articles/CBMikwFBVV95cUxNaUU0MTJJd0tyUmphQnZuYVY0X25EMVJGSVpFMXA3ZThrWU8tWDB2MVlNT290UnZybXl4ZXh6eFRDLTR6T2RxRVg0cGNQQVF4MW5Yc0FqcFNKREo1RUtOaHE4X01CXzdHTzhsbTVlbDFhb25RY1gwaUlLbjExOTVmZkZMdzktbW9xS0xiQXpMWTJxX2c?oc=5,
rss_google_news,"Sat, 13 Se","MATCHDAY GUIDE | Revs vs. Toronto FC (September 13, 2025) - revolutionsoccer.net. MATCHDAY GUIDE | Revs vs. Toronto FC (September 13, 2025)  revolutionsoccer.net",https://news.google.com/rss/articles/CBMikwFBVV95cUxNTks5OWh5aVdEcjJHQ0kzVXFacjNUN2ZLV2x6SWNPZmpBZFBWRktPNm80RmZ3M0h1UEpVeWtjOG5MdDFrLWhaWWR0eU56cWZWNjZqa1ZyZFZhTGF4NkdvVGliaWdZM2tib1FaVEFwWjF2OS0zYWpDSFQ1b3lFTHdDNUIwSExYbnZmR0ZYSG5zU2lWOHc?oc=5,
rss_google_news,"Sat, 18 Oc","Match Preview | Chicago Fire FC at New England Revolution – Oct. 18, 2025 - chicagofirefc.com. Match Preview | Chicago Fire FC at New England Revolution – Oct. 18, 2025  chicagofirefc.com",https://news.google.com/rss/articles/CBMipAFBVV95cUxPbnVYd05SanVtbU42bDNORndDTXBJLUpYTVowR21BbzFvamhzemJ4TjEwZGVqWERFYmdCZEdCVFdkTWRjdF9OS3l4UHN1S2NfNEZIMFM2QTRFT2lZQXNFcGpyZ3hJRHhNQWIybnc2WWdyYm5kYkV0RmFhUDh3SFRkRW1ZUGtxSDRvLWlLRFRyb0NYa1VYeTBHU19VZEwyaFM3LVhHQQ?oc=5,
rss_google_news,"Thu, 13 No","New England Revolution Academy Highlights | November 13, 2025 - revolutionsoccer.net. New England Revolution Academy Highlights | November 13, 2025  revolutionsoccer.net",https://news.google.com/rss/articles/CBMijAFBVV95cUxOYmFEYVhYUEFYa2taaG9CblJzT3FvNk91YjRueUYybWw2S0FXbkRUdTZDTHpXaVRWbmlWbVUzN1NSdGtFTER2Snl0TjhwNEM4RFhnVkVnZElSU0dtVXFjZ25hRGFsNU1jU2NvbmV0NVY0TklrT0NkMzRhV3ZRMUprYXJOMTNuclM1cU1XNQ?oc=5,
rss_google_news,"Wed, 03 De",New England Revolution II name Pablo Moreira as head coach - revolutionsoccer.net. New England Revolution II name Pablo Moreira as head coach  revolutionsoccer.net,https://news.google.com/rss/articles/CBMiiAFBVV95cUxOb01nSTBRRm1tMFNKWjJaR1dDVUlYSTFKUHhaOWRXLWp4dG1pb3VWbWxVTTlSOUVjVjlFMGlFWnlWNkRDN2g5NGFERzliM25IY1lNTkhYWUdlQjVDM1J3aW00aTdRamxTc3I2Q0JHTzFfVnBsR1lSbXV2dFJKRll4WmM3UWNWU0tH?oc=5,
rss_google_news,"Sat, 13 Se",STARTING LINEUPS | New England Revolution vs. Toronto FC (September 13) - revolutionsoccer.net. STARTING LINEUPS | New England Revolution vs. Toronto FC (September 13)  revolutionsoccer.net,https://news.google.com/rss/articles/CBMilwFBVV95cUxOSXYxOWlMRWQ1bHRYc3daSjRHUWZLLWstQlhMMkN6YUxKQmpxSXdmeHlVNGtIVFVKQi15UEYxaTJoV1BRem9zYnNlaFlISEZ4dGdTUVZUYmRsU0pkUGt4cldOb0JFUDZYMVVLLWxKVHhsOE12b1ZKUkJDTHVvR2JjZmlFbnRzSTFCUXpBNVhtcGV2dW0zYzgw?oc=5,
rss_google_news,"Wed, 19 No","New England Revolution Academy Highlights | November 19, 2025 - revolutionsoccer.net. New England Revolution Academy Highlights | November 19, 2025  revolutionsoccer.net",https://news.google.com/rss/articles/CBMijAFBVV95cUxPc0NpQ1pJTHZTaFdtQVp0QmYwWUprRkhxQ3NYalU0c1JkYlllMmV2bTJSbXd0a0lnYUxoWTdzNnJ0TnV6VTFtNFBSYkJFMjBIYTZGYmI1VG00djBIcWd2cWJwODZmZl9jSnhiY1dqUU4wU3BvQml3U0xOWGNMUmItUlFOQXd2bzJhRnZ6bA?oc=5,
rss_google_news,"Wed, 05 No","New England Revolution Academy Highlights | November 5, 2025 - revolutionsoccer.net. New England Revolution Academy Highlights | November 5, 2025  revolutionsoccer.net",https://news.google.com/rss/articles/CBMiiwFBVV95cUxQejRVSVJ3WDRRd0RtY2kxMkYyaHZ2azhzN0xUSG1VdUpseElfWll3eWFJN1hyZmczNGxiTXlWdm1vblRvS3hVN3JXYnpxbVhQbFZqMGtFRVNhUmFzZkd6RTZDdklKdWg3c1BuRndtczVuY2M3ZzItNldCbng5ZTlzS1pCR0FRSjVBZW1r?oc=5,
rss_google_news,"Sat, 18 Oc",STARTING LINEUPS | New England Revolution vs. Chicago Fire FC (October 18) - revolutionsoccer.net. STARTING LINEUPS | New England Revolution vs. Chicago Fire FC (October 18)  revolutionsoccer.net,https://news.google.com/rss/articles/CBMimwFBVV95cUxOSGtuMEZCdEY4NHB4MW94V1JUVS1yWjBsY0RFeXRXdDdFbHdSdGZCUTFnbkE3d0FGdHNjSXM5RnNQWU12akwyOEJtZkg5WkRUem5NUDcxU2hqc1RLREZ0dXRZVzdtamZaaW1JWUVwd04zZkI2b2pranNSb1VjUUhaQlZRckNMTTBjQ1FWUmJaUE5KOWMyZVVnYnBDOA?oc=5,
rss_google_news,"Sat, 18 Oc","MATCHDAY GUIDE | Revs vs. Chicago Fire FC (October 18, 2025) | 90's Night at Gillette Stadium - revolutionsoccer.net. MATCHDAY GUIDE | Revs vs. Chicago Fire FC (October 18, 2025) | 90's Night at Gillette Stadium  revolutionsoccer.net",https://news.google.com/rss/articles/CBMilwFBVV95cUxPbTNhMFVRUk5XUmhpaWt3QlVPOU9HWEJrMGtoenBxLS1uYmFYYkk0RmRjVTJtWkRvTGNkeU92bFFRcWFTcjV0WUwzREVkeHphRnNUYk95ZVZoUHRRQUw1d0FQZEw3Wk9NUEZETG9FbWxPRHZDc0plQ0Qwb2I1SjNmREpTZU5YNUNTeldNQlp3cERCWC1UQ1pr?oc=5,
rss_google_news,"Sat, 27 Se",NEvsATL 09-27-2025 - revolutionsoccer.net. NEvsATL 09-27-2025  revolutionsoccer.net,https://news.google.com/rss/articles/CBMingFBVV95cUxNNS1pZHpmTHRKdXZCc1hDUkk5a2hPaElrajFjU21vdFNHR1o3REpzZzRlUkhENTItUGotQU0xN0FHeWJwLUNUWWpLMlNIQ3JHaVlnLTNOaUNUMW12Sy1FY2J4QzZucTBZeDluWVFreHZnT0VCNFY4VXQ5aDhOM2pTMUJKNlM2RHI0Y1RlbmlhWDIwVlpoTXY5MVVHOFBLdw?oc=5,
rss_google_news,"Sat, 06 Se","MATCHDAY GUIDE | Revs at Chicago Fire FC (September 6, 2025) - revolutionsoccer.net. MATCHDAY GUIDE | Revs at Chicago Fire FC (September 6, 2025)  revolutionsoccer.net",https://news.google.com/rss/articles/CBMimAFBVV95cUxOYzdtTjVVWjRJRS02VmljZUVKNnVFTkszTFpDME53X3g4anVkRUVYbG5MckZ6OVdtZ0FPc093ZGtSRjl5SUdfS1ZuOVN0eWtFOVRWeDM0OGJJd1BVbFQzX3lsdTdKOHNwdHkxbElWYkZ2bWxtQVMwVXllT3VYWHg4ZzZ1UGY3OTc2MzN1MlphMXl0M0Z1cmZwdA?oc=5,
rss_google_news,"Sat, 27 Se",STARTING LINEUPS | New England Revolution vs. Atlanta United FC (September 27) - revolutionsoccer.net. STARTING LINEUPS | New England Revolution vs. Atlanta United FC (September 27)  revolutionsoccer.net,https://news.google.com/rss/articles/CBMikwFBVV95cUxOVHVuSjRLNktZZW9UcV80ZTNFZDhHcjRiaFpha3VENTNhdFgwSXpkSHdIaGMxWFBmRnAxZWZJRXFNMXpOY2lDbDFETG1NMkZZRFhuNFlEdGhsS0ZVSmFKLW9iQ2R4OE1UTVN0SlVXWHR2S0drcDVjaU42VFJiNHlZV1JXSGVUYlNsU1JHUFozVG44djA?oc=5,
rss_google_news,"Sat, 30 Au","MATCHDAY GUIDE | Revs vs. Charlotte FC (August 30, 2025) - revolutionsoccer.net. MATCHDAY GUIDE | Revs vs. Charlotte FC (August 30, 2025)  revolutionsoccer.net",https://news.google.com/rss/articles/CBMikgFBVV95cUxOc1FwZnZ2alNGZnhWOGgzUWgweFQ3MEdEcHNkNVFmaVFqdkxDQW1neHMyZTRwUTFXSzIzV09oWHFxMlhWXzNnd3ZtaHkyNzZnb2dORTNHNGJwdll6bHZBbDRHdURldElsUWh6NWxMUkxqbEVJajlsWWxjOEFMc2xkVmRockI3d2lyUVNSaFNyTW9zQQ?oc=5,
rss_google_news,"Fri, 17 Oc",Preview | Revs aiming for strong finish in Decision Day showdown with Chicago Fire FC - revolutionsoccer.net. Preview | Revs aiming for strong finish in Decision Day showdown with Chicago Fire FC  revolutionsoccer.net,https://news.google.com/rss/articles/CBMipwFBVV95cUxOUWZyalQtTlFkdjBWd3I5Qjhrd1BWSXN2amxFSk82N2VGYk9LZTNqZXV4cDVUUTVqT2toWFFWejl2OHUydTNzcXVkanNrUzItT2FGUTluSHNSQWRRa0pHdHBmQnpWRFQxemNjNHRYNWlwZVNUOWJpNHJmWGtFbVlCeHc2a3pVRkx2WnlORXItMXYwS1RrYS1lMGtiSmRXZ2J1QVRJSWpqOA?oc=5,
rss_google_news,"Fri, 21 No",New England Revolution re-sign defender Andrew Farrell for record 14th season - revolutionsoccer.net. New England Revolution re-sign defender Andrew Farrell for record 14th season  revolutionsoccer.net,https://news.google.com/rss/articles/CBMioAFBVV95cUxNMFdZTnNLeU5sY2Z2VVdWQ25LaGlMclozb2xwcG9qeHNyME1fLUxHRGpxd0xCME5qUWNDUlBEeExQMG5nZmwxOTJWMk9ER3VvWTZhRjZRay1PRnBUcE03c0JycGk2c2hSVGg2bTd6LWZTR29hOEJZUVNqSTB2Wk9RV01YZWZDZmFudFUzQmZ3Nkw5enZSQXQ3OVhXMW9DeFVi?oc=5,
rss_google_news,"Tue, 14 Ap",Watch: Columbus Crew 2 vs New England Revolution II | MW 7 - MLSNEXTPro.com. Watch: Columbus Crew 2 vs New England Revolution II | MW 7  MLSNEXTPro.com,https://news.google.com/rss/articles/CBMisAFBVV95cUxQOTZINEJYc3JfbUM0QmsxQ3ptMTBvTkVVQzJMdEE1M05kbHlyVllKMGdUZTRsMzRIZkttMVBPQmN0elFZTTkxTVlULVlLaS1SYTFOUWpPX0ZPVW9EZF9ZdWxJMEtNT2psbkR3YVNJTTluMVczLVhzb1ZUUmhhUFFPYWxrcXcyNmxpMHYxYlFrdHZkeDBQTXVJcTZ5T01tVVFrOWxCUlZWWWFTRXVtdGxhUA?oc=5,
rss_google_news,"Mon, 16 Fe",New England Revolution 2026 Season Preview - MLSsoccer.com. New England Revolution 2026 Season Preview  MLSsoccer.com,https://news.google.com/rss/articles/CBMifkFVX3lxTFBhRlNYeUN6SW5EQ0NnOFQyMS1KR1NsMkNkSEdfcG05Z0w3dzR3MVhBUG9Zdlk2LVRGNW1Xbllxdnl4dUpiLXNLWXlUQlNpcjlZUnMxUzBZWlB3UXVfdWl4dmxqRjlKdkFOd05XUjBvdGo1VmNFa1pPYzdUTW5zdw?oc=5,
rss_google_news,"Sat, 23 Au","MATCHDAY GUIDE | Revs at Columbus Crew (August 23, 2025) - revolutionsoccer.net. MATCHDAY GUIDE | Revs at Columbus Crew (August 23, 2025)  revolutionsoccer.net",https://news.google.com/rss/articles/CBMikwFBVV95cUxNZG9vU2UxR09aeEVyNG10ZVNvRkNQeHR0cFhsUlo1ckJsR2s2U3dXUUF6cjdvLWY4bVNPS0tKTjN4cS1VMi0zcEpaV2V2VkVMUERQVnJOYmd1M1lJUU9wN2lhSS15QXVmRkpDbHJoOU03WldENFFvNnlOb1V5blV1WTRxUU9UVEdBS3FkY2k1ODVMUk0?oc=5,
rss_google_news,"Sat, 16 Au",Preview | LAFC at New England Revolution - 2025 MLS Season - Los Angeles Football Club. Preview | LAFC at New England Revolution - 2025 MLS Season  Los Angeles Football Club,https://news.google.com/rss/articles/CBMilAFBVV95cUxNeUZXdE1rWjlIYjROa0o1dGpsRkRBWEd2OTg4TzhVWUdFcGc1azZEaUNFLXZUa1ZYUVVFOHFGWU9YVktEdmMzcjRCWVhrX2hlZGdDNXR6Vjk5SkFMNW5FM1lnem1rbzNWYWlZNjBzbVBXT2dVc2NCNzBLTmpaZE56bWhkc3pxbThaMUxkSVQ0MzJOS2Rs?oc=5,
rss_google_news,"Thu, 25 Se","New England Revolution Academy Highlights | September 25, 2025 - revolutionsoccer.net. New England Revolution Academy Highlights | September 25, 2025  revolutionsoccer.net",https://news.google.com/rss/articles/CBMijgFBVV95cUxPWDY1N2FaOUNEd2t0cE5SZy1uLUwzMXB2Z0FESjRLbTVDTWZCTWhJMnZUS29aVVhqanFLRExIWnhkZUJQaEdKNDgySGZaVzk2c3k4bGdDOWpyRmZNWDc0MkRkRDRaZGFNSXZRRl9seE9tWlFUdGdzRVdaN1RlZnFUT3NYOTBUUmF0bmVZWkhn?oc=5,
rss_google_news,"Fri, 25 Ju","MATCHDAY GUIDE | Revs vs. CF Montréal (July 25, 2025) - revolutionsoccer.net. MATCHDAY GUIDE | Revs vs. CF Montréal (July 25, 2025)  revolutionsoccer.net",https://news.google.com/rss/articles/CBMijgFBVV95cUxNV2twRG5fWjctVEZrZmpkQktPNzQ1QUx1cTVNMm5zZThka25YWXJVdy1pU1RoUWdONTRDUk1xeHc3d1puOGpNaHNwaDBMa3JkSDcxTGJXVFYxVzlJZWJxa2ZHMWZ2ODJOZ3ktRS12MkNlR1dXbFJ5LWRNVFY1eDdhWUYyRW1xTmd1cXJoMnln?oc=5,
rss_google_news,"Sat, 21 Fe",Renasant Recap: Nashville Soccer Club Wins MLS Opener 4-1 over New England - Nashville SC. Renasant Recap: Nashville Soccer Club Wins MLS Opener 4-1 over New England  Nashville SC,https://news.google.com/rss/articles/CBMie0FVX3lxTFBRTzBTSkR4YWhrbndENXNlV1RmSmc5WjltX2FKVkVLUDk3SGZ2UU5LeTF5NkExU0tFU2JDc0tkc3B1bkZZZGRxYXgtakdrNmxUTUFsZDUtQXRjek1lWHBYeDhCWm1pMUNwWVotZ0xycGNrZ3lFbjN2QzZTdw?oc=5,
rss_google_news,"Thu, 19 Fe","New England Revolution kick off 2026 MLS season with new coach, new hope - Fall River Herald News. New England Revolution kick off 2026 MLS season with new coach, new hope  Fall River Herald News",https://news.google.com/rss/articles/CBMi6gFBVV95cUxQVE15bGE1dFcwMmFheXd5cndKcVJScUN2VVR1RnZvZFViSFkwcW9VRTFlVjdoUzNBMlR2VEZQX2hQSkZoZm5Tam9fX2VjZmRwTnhmVUpCd1QtSlhGQVF6WmZ3d09LckdpaFpXendOeEFPblRBY2N0Z1dYXzFOY0ZNamd5dDUzeDlOSWhNVTJiRzhkR0RFN1hKZDdGeGpfWFNER1F5RUpZcEs1UmRWVWxyLVl2YWk5bWhmWW54Yk8yeS1RZWRkSzFwS2FhZ3UwV0hiczFrWkJrZ19TMlZmeGlMUGVkQkJUdVBtTmc?oc=5,
rss_google_news,"Sat, 20 Se",STARTING LINEUPS | New England Revolution at Philadelphia Union (September 20) - revolutionsoccer.net. STARTING LINEUPS | New England Revolution at Philadelphia Union (September 20)  revolutionsoccer.net,https://news.google.com/rss/articles/CBMiogFBVV95cUxNdmhCVHVJSlZqOHhfdHE5UGlsMk90QjJxR2lkMVQtODZSak05R1lZMTExd0lTTFlITzIzQS0yLUk1UEhXS2JiWXRDTk1uVG5jQXF6N0tDR2FwMG5CbjBQWC0tMWhJcF81RjI3dWZhMHdfWGFfNUhNUVFqbHo2WDFrcnp3YV9KMVZDRGU5UEg1MDByOXJLRU8tX1BwaUU1b2hVM3c?oc=5,
rss_google_news,"Fri, 26 Se",MATCH RECAP: Crown Legacy FC | 1 - 0 | New England Revolution II - Charlotte FC. MATCH RECAP: Crown Legacy FC | 1 - 0 | New England Revolution II  Charlotte FC,https://news.google.com/rss/articles/CBMiqAFBVV95cUxOZmY5Uk5oOHdLdmtmeXFKcFNYdGhLNFVYT0FLTDZLcVE5TUVxY29YQmJ3XzdRRVN0YTVjQ3VxZDZEaGU5cmNONXUySktfaUVxRVhyR1lpdUotUEtMdmF5NGVwSjkzVDZkYUFnSVhXTVJOcEIzYVRzUU9ULUdIWEZ1bU1yMGVtSmVDa2NmSWJfaFN6OHJrYmxQbHdZNWV4Qm11SW40c0NsMFQ?oc=5,
rss_google_news,"Sat, 09 Au",NEvsDC 08-09-2025 - revolutionsoccer.net. NEvsDC 08-09-2025  revolutionsoccer.net,https://news.google.com/rss/articles/CBMinAFBVV95cUxPdm9nVlhlOFNSYUg0RC0tUzV3WWZGSjBRdmpEUG5aalZEa2NSSVBDMWlrTEtrQlFLbGYwY0hwVTJ0WURwS1BEdDhfNW04R1FJY3k3REpnSmV6NFVqZ2xFeURzLXkwNHlGeGVqOVdhUTFnOVQ1U3JZVGx5WUM4M0dIRENHVnBCT2lLMC00ZHV6akFpN0I5YTE3YkJrZnY?oc=5,
rss_google_news,"Tue, 15 Ju",New England Revolution's Carles Gil added to 2025 MLS All-Star roster - revolutionsoccer.net. New England Revolution's Carles Gil added to 2025 MLS All-Star roster  revolutionsoccer.net,https://news.google.com/rss/articles/CBMiigFBVV95cUxOTG1vM2F2cG8yQVJqWW9sazY2VWdmdC1FeGxvejQ2LU50LUZKVl9EMWcxYVNDdVlnT2otZmdLcTlsZ3IzT0t5dVJHYnFqV0VyaV85U1VtdGhNVHdHNlQzVlpzTURmOEtaeGVDZVUtR1ZXVmx3Z3dheE90VmxpUFY4UTF4anNFVGs2QlE?oc=5,
rss_google_news,"Sat, 04 Oc","MATCHDAY GUIDE | Revs at Inter Miami CF (October 4, 2025) - revolutionsoccer.net. MATCHDAY GUIDE | Revs at Inter Miami CF (October 4, 2025)  revolutionsoccer.net",https://news.google.com/rss/articles/CBMilAFBVV95cUxQclg5NUpiR3VZQlNzLVRTaFE2YjlmR1NjMzJhNlRHNVE1bkVvMXdaQUJwdWUwUmdtVVJXNW9yWjlaMHkxeGNNaHlqWWQ0SmhoVXd2S0dlcmRnY0RIdUJtZGZFMU1BbkZkSk5Ha2dyVnJCZDlZNnJOckdPX1VEdmN1dTZUYkJNOWJvN1FaekREZ3FNRzh1?oc=5,
rss_google_news,"Wed, 29 Oc","New England Revolution Academy Highlights | October 29, 2025 - revolutionsoccer.net. New England Revolution Academy Highlights | October 29, 2025  revolutionsoccer.net",https://news.google.com/rss/articles/CBMiiwFBVV95cUxOcHFYUnZka0VfbF9PSS1QRWxfZE82UDc5WXVUUzAzbTN4cVhaaW1NVXBwR0ZFdGFmRnZXM08yc1U2RnVSMlE5TDZweHpwblJZVFZuaWFHbU5ESVZ5ckZJeVBicEpiU2FHU1RWV3FPRU02YmpKTU5ZbWJ0dDhLQ010Zm5PY3dwOHJ6QnNr?oc=5,
rss_google_news,"Sat, 04 Oc",MATCH PREVIEW | Revolution II close 2025 regular season at Inter Miami CF II - revolutionsoccer.net. MATCH PREVIEW | Revolution II close 2025 regular season at Inter Miami CF II  revolutionsoccer.net,https://news.google.com/rss/articles/CBMisgFBVV95cUxNWm1WOGtKQ3dQdnk0S2NpRGVaOG94S3I5MHFhVTZJajBDOTlJM3pScjMwc3hvWDhlVW1hM1R1VktPVmVQZUNpMkVJSmcwVnVZdTFkanVyQkcydUQ2Qi1qMW9rNFdjNkxZNGwweVE4UGJSaFNCajN4OVluTzlETnNsUmlKUnVzcFl5Q1lOeWFfUUdvdTZ3R3NDVjlRZmlleEFnTWpfWGVUYXZNRjJTTzA2VW1n?oc=5,
rss_google_news,"Sat, 18 Oc",2025 MLS NEXT Pro Playoffs Preview | Chicago Fire FC II at New England Revolution II - chicagofirefc.com. 2025 MLS NEXT Pro Playoffs Preview | Chicago Fire FC II at New England Revolution II  chicagofirefc.com,https://news.google.com/rss/articles/CBMivgFBVV95cUxQazR5cXdVZVNOaHVlYWVZLWFIMGZvd0dqZ29XS3VqUTVNSkkwM0sxdnV0T2tXX01IaVlUMVpkUWdPU1NveXZwUlBwV3d1aHBsTDJDdmNPbUhFWmY4ZTM2Rnh6Znp2U0xZX0U4OWRzcVlXdXhpbXo5UEFnMXBDRmh2cXlDUWVGcHEzZUVZRU1jdlk3MXJoazNnUHRndGJhV3ZLRm5vV0ZNVzZZd1pNSlhpa1lYcW5mR3A0eGNSVy1B?oc=5,
rss_google_news,"Sat, 23 Au",STARTING LINEUPS | New England Revolution at Columbus Crew (August 23) - revolutionsoccer.net. STARTING LINEUPS | New England Revolution at Columbus Crew (August 23)  revolutionsoccer.net,https://news.google.com/rss/articles/CBMilwFBVV95cUxPOWM0NEF6UWMwMk1kYW5KVVYzNGJDQ2NwTkZHLWFHS1daVkw1b2NaU05BRXlBUWoyeTVCUk5jVmYyUEFGTWhYYlU4U3RGbzZmUFB1QzEwbTVCQ253MnhTaGVmY0xzVXYtVExzUjgyUHNrclFBZVJkbkFIeXVpbkdIZ3dySnBCM1ZfekVKZmNtS2xYbko5cHhr?oc=5,
rss_google_news,"Wed, 26 No","New England Revolution Academy Highlights | November 26, 2025 - revolutionsoccer.net. New England Revolution Academy Highlights | November 26, 2025  revolutionsoccer.net",https://news.google.com/rss/articles/CBMijAFBVV95cUxPYjc5cEtrY1kwamhoOWR1LU02UE4zMDdOQW9FdnEyamt2NG9OMWtMZjJjUEFXa2pqRWxwWUpRTHp4SVFVR0JZbHVfamhGc3dad2hJc2ItNFdVUVdSamFiWHBBTVJ3S240VnkzdEF0QWpkY01aNGVQMGhGOUpIRlZTR05vQlNFTng5WndiWA?oc=5,
rss_google_news,"Sat, 21 Fe",Recap: New England Revolution Fall Flat in 2026 Season Debut - The Blazing Musket. Recap: New England Revolution Fall Flat in 2026 Season Debut  The Blazing Musket,https://news.google.com/rss/articles/CBMimAFBVV95cUxQVlNnZ1R4M25FWEUwWGlYTXJaQTE3SGwyUk5PUndkdks3T3BxUG5oYWhjdlBURkZiblFNeFRQc0hPOFJveVVYcWFPeEZwMHc5cVBsZmwzUDR0MmJfRHpGdEpMS0RsaUtza1NQX2pZWVZkUmM0MU9UTlRXVGU0S2ZrSUpzWG5adHR2eG9rTG92NFp5QTlMU3lNeQ?oc=5,
rss_google_news,"Wed, 08 Oc","New England Revolution Academy Highlights | October 8, 2025 - revolutionsoccer.net. New England Revolution Academy Highlights | October 8, 2025  revolutionsoccer.net",https://news.google.com/rss/articles/CBMiigFBVV95cUxOdHJHODlGWnp6eHJfUnFUNlphcU1RX3RYazRMUHNwM0taTHVYZVdPN3Z2djM3cFlMaWlXaFZsU3NaR1paS2luRnU1eHA0M0RNaW1XclJKOFUwb3psM3RMNFJ2UV9lcnhfZXdZLThqSGE1RlZXeXdzamJaeWJudE1GZG5uQ0VQWldQcUE?oc=5,
rss_google_news,"Fri, 12 Se",POSTGAME NOTES | Revolution II clinch 2025 MLS NEXT Pro playoff berth with 2-1 win over Toronto FC II - revolutionsoccer.net. POSTGAME NOTES | Revolution II clinch 2025 MLS NEXT Pro playoff berth with 2-1 win over Toronto FC II  revolutionsoccer.net,https://news.google.com/rss/articles/CBMiqAFBVV95cUxNSTZkU3FSTjlfdUVOV0IyZENYMHNwdjIteUd5R3FUNUtvM3o4YTFZVXhOWmJLdlo4cWxPd0NZYkNKdmY1UVJuYUI1SGtfbmZrTl9ncU1NTDJLT3N3TEVtUXdrMzV3ajhmQUdvdTNTbkR3YU5LQWtuLS13ZTN4Nm92NGtzckdQZURaUHdnN2lWSXhHY2pVTC14YjllODhPOUROTDRVU3ZIeDU?oc=5,
rss_google_news,"Sat, 09 Au",MATCH PREVIEW | Revolution II host Columbus Crew 2 on Sunday - revolutionsoccer.net. MATCH PREVIEW | Revolution II host Columbus Crew 2 on Sunday  revolutionsoccer.net,https://news.google.com/rss/articles/CBMiowFBVV95cUxPY2Q2SkMtT0ZUYWk1VVpBQVk4MlJjNnZxRHJOX010UFpUMGQzUkpRVF9PeXhVWVVUT3FFSi1CT2tPSU1VLVZLQWt0WUhhdTZuMzJ0TDZsQ18yZEQ1RnNmNDEwNTY5YlJ4MWRoSUFvQ2tHMW8wb0ZSXzdXcS1XODZRc3pqbHhlUVYwZE5IM1FscHItdkdOSUxIaHlHQk1MekdEX2RR?oc=5,
rss_google_news,"Fri, 19 Se",PREVIEW | FC Cincinnati 2 host New England Revolution II at Scudamore Field Sunday night - FC Cincinnati. PREVIEW | FC Cincinnati 2 host New England Revolution II at Scudamore Field Sunday night  FC Cincinnati,https://news.google.com/rss/articles/CBMiswFBVV95cUxPWGxyMEc5M3hqbHY5M3dXaGxvQXBZSWhELUJJLVZYUFRUTmVkc2paZE8xMjJMaGtRTUtBZG9IdkVrTEVqdEhGQmZWUzhNNllsWXVQNXN6QmRkZnhCaEtyOURIVTZWVm5lSzF0WlZkV1RfdGdIMkNqbEd5WWRuTXhvdWVrV2lGZzFzTlVuZEU0NTFZSTVKNWJOOHdqSlVsSWdLTEE0dl9vYXVhZzl3cnVwOW9Rbw?oc=5,
rss_google_news,"Sat, 16 Au","MATCHDAY GUIDE | Revs vs. Los Angeles FC (August 16, 2025) - revolutionsoccer.net. MATCHDAY GUIDE | Revs vs. Los Angeles FC (August 16, 2025)  revolutionsoccer.net",https://news.google.com/rss/articles/CBMilAFBVV95cUxQbHZFdDhyTDNnQ3hvQ05mTWlROHY3SFhkNl9kZ1hNUGpKNGVEM2FCVHJJWlo1R3lBbXpHZkZ1OU1qR2hQS3NJb0EwTVBVNFdSRVF1SGExUlE1VFV3OU02YjNWSG5CZkVSQl9XOTZQU0ZycFFJUUttZTRlTGZSX3ljUGVKMUJLZU1mOWJRVHptYkZnN0p4?oc=5,
rss_google_news,"Fri, 07 No",New England Revolution hire Marko Mitrović as club’s 10th head coach - revolutionsoccer.net. New England Revolution hire Marko Mitrović as club’s 10th head coach  revolutionsoccer.net,https://news.google.com/rss/articles/CBMimAFBVV95cUxNNHdHRElaRUh4X3EtM1ZQQUI5SzlETld2cWo0MlhwaUpvb0IxbmpGV1J0Z1VZdEgxekVnTmRlRUctOGZvR1pzeW84UXhmU3ZkNkNXT3VRMXlFVWgzVEc4UlF3RUtaTXozV19zVkozNEJYY3pVb3VIMnRJX2t0RndaSm54bVFLWHJycGNwMFRDYzRnNHUza0U2Zg?oc=5,
rss_google_news,"Sat, 09 Au",STARTING LINEUPS | New England Revolution vs. D.C. United (August 9) - revolutionsoccer.net. STARTING LINEUPS | New England Revolution vs. D.C. United (August 9)  revolutionsoccer.net,https://news.google.com/rss/articles/CBMikAFBVV95cUxNR3R3VnRLa19SVGJ3WjZzRXR1LUxyNm5ZZUo5N1dRVXZxbnl4QTU0cjBMZTd0OFVsbzdrblI0Sl9sb3JpYjJ6SmlsU2dHVjEzR09yQjNRTTB1bnNlTjlhMURHc3BKVk1Va0s4T21LWlpGZ2VIMTAxLWExNXBlTTJzblJiSzcweUtBQXQwNFIxWng?oc=5,
rss_google_news,"Sat, 16 Au",Recap | LAFC 2-0 New England Revolution - 2025 MLS Season - Los Angeles Football Club. Recap | LAFC 2-0 New England Revolution - 2025 MLS Season  Los Angeles Football Club,https://news.google.com/rss/articles/CBMihgFBVV95cUxNNnZpRGpILUo3WnFHOU1kZkoxb3N6ZnBrS05JZFhWc2FVVERhMmw0emQ0WFBKTV9lTU05SlN3Y2FhNXdGeVRvT3FKWjQtWmMxWDlzcWdWMDRkWkhLWWVsU0JRS2sxZlVtZVhtcGxEeU8wMHdOdlVnMVdIY1JUM29vZ3BuWDN1dw?oc=5,
rss_google_news,"Thu, 11 Se",MATCH PREVIEW | Revolution II host Toronto FC II on Friday afternoon - revolutionsoccer.net. MATCH PREVIEW | Revolution II host Toronto FC II on Friday afternoon  revolutionsoccer.net,https://news.google.com/rss/articles/CBMingFBVV95cUxOMnkxeW5QWU8yRDNfQVN0alE2TkR4V1Nrd0otV2R5VXlxaUFPZENIbUtZY2hzcWQ0dUk5VjdRalliRGdfN3hkbkxadjNNQ1pqbFRVaE5OMWNybTJ6Sy1HNU10QWZ5dk1hbmVxOTUzR3pBUnQ4ZUNTOFY0WE5HNGNIbWpJdHA3SGQxV25jSGl0WUU1NmlvbWFiTG1ZYmZvUQ?oc=5,
rss_google_news,"Sat, 13 Se",Revolution II forward Sharod George signed to Short-Term Agreement - revolutionsoccer.net. Revolution II forward Sharod George signed to Short-Term Agreement  revolutionsoccer.net,https://news.google.com/rss/articles/CBMisAFBVV95cUxQNWMxVER6V2tJS2lzN1dIa0NmSjMyX3ZGNlBJMTBOcjZCQVlsUzNQZ3E3d0lZaFBjaGhGMkdYOTlSVzBsZnd0TGZwc0Q2R3pzbVkzQ2JmVnhyNnN1U0h2Si1pZWNPbUxhclBXMWREYi1zSWZzc0FwejR2VHdNWjNwRkZfOUlUTllRbUY3N2J2d2xDVEdhWVdpLXpqYXJiRXF3T2Yxem9CQUNENVNqMHNKVw?oc=5,
rss_google_news,"Sun, 05 Oc","MATCH RECAP: Inter Miami CF II Falls Against New England Revolution II, Closes 2025 MLS NEXT Pro Season - Inter Miami CF. MATCH RECAP: Inter Miami CF II Falls Against New England Revolution II, Closes 2025 MLS NEXT Pro Season  Inter Miami CF",https://news.google.com/rss/articles/CBMi0AFBVV95cUxPWnlQNm11N3lHTlhQTncyTDRFWkVLN1pMLU5tQzNxb0djSnJtQ05kZHBXZU1OTGRTWThxWHVKb0R1bzgzYVljQWRtMVAweGJ0MEQ5cVo5bG9DRklPeGNnQ3c2SDFXRFdnWWNGdDNjbVo4Z0tpUFZ2czYwZ2dyWGl2QTFacFpjN3ZqVkRlTjB1V3VxNWZ6bzRiYU54Mk5xWWlPMDlBRHctUXZHQ2dMZFdLcm8zV2M3WVpMWWpSbkR4R2VOam9wYjM0ZTFYU2o2aGdv?oc=5,
rss_google_news,"Sat, 19 Ju",STARTING LINEUPS | New England Revolution vs. Orlando City SC (July 19) - revolutionsoccer.net. STARTING LINEUPS | New England Revolution vs. Orlando City SC (July 19)  revolutionsoccer.net,https://news.google.com/rss/articles/CBMilwFBVV95cUxOSTZ3T1JxVTBnRWpiZjdjWmNHVWFqQ0VydlVockFQUnJGMEdEbE1SU1pyZkZWdlBaY3pnM2tkbVJPTzZQZVlKSUNPdU9kaG1zc0VXSkZ5MHZuWUJhVnpBVlRoZjJxeUdxc0ROZldHaXZ3Z0VkdHFxdkpYX3gzSS1OWl9WUFZhMU9WWjF6ZUxidGtKOG1PemRz?oc=5,
rss_google_news,"Fri, 01 Au",Goalkeeper Matt Turner returns to New England Revolution on loan through summer 2026 - revolutionsoccer.net. Goalkeeper Matt Turner returns to New England Revolution on loan through summer 2026  revolutionsoccer.net,https://news.google.com/rss/articles/CBMimgFBVV95cUxPVWRQTTRiSHpxakowMTdneWR2cThub2FvLVFhOUhBc2EwRC1uM2RfQ3MwLVhmOUI0LW9zenVzMjhUX3dGZFdBZW1mWk4wY2x2ZEk0R3d6SFhDOU10S25XRG4wYjRKcnNTdTZyTGkxTnZIY2hpM2VqbHVTNDZGdGpDZ3o5VFJUenRwdGtBcHpXajh2LUFxT184NHRn?oc=5,
rss_google_news,"Sat, 16 Ma",'Rehearsals for a Revolution' Review: A Poignant Iranian Chronicle - Variety. 'Rehearsals for a Revolution' Review: A Poignant Iranian Chronicle  Variety,https://news.google.com/rss/articles/CBMijAFBVV95cUxQMDBTaGRpd2MyMHg3R1Rtc0M1QjVodU15ZzZYY0lOYXBIUHB5bU9NSGo3ODBCZXEwa1NjNTFaUnNwdnlHakVoakJ2SnVzR042SXBxd1hhQkxBQlpqWTlCUkkwbExpei05M1U4b21ROHpGNXhhMlhuYUFfc2o5RFFLR09taGR0ZVdsdjl4RA?oc=5,
rss_google_news,"Sun, 22 Ma","Messi, Miami complete comeback win at NYCFC after Champions Cup disappointment - The Athletic - The New York Times. Messi, Miami complete comeback win at NYCFC after Champions Cup disappointment - The Athletic  The New York Times",https://news.google.com/rss/articles/CBMihwFBVV95cUxNTG16cXVXdFhqT2Vlcl9RTXA3ajFyRkNSYUdhQjV3S1BLbmJCT3QzUDVIZ1BmVUhhdVJFWjJxMEp0cGN2Ykc1RnlvNi11Znl4aEViZGloNjFOZzhfVTFXS3FsaXVhSEdTelJsMEFWYlI3eXZMQ3RBdGhlaTdCd3UyRUxKNzc0TnM?oc=5,
rss_google_news,"Sun, 29 Ma",United States Suffers Disappointing Defeat - The Blazing Musket. United States Suffers Disappointing Defeat  The Blazing Musket,https://news.google.com/rss/articles/CBMiggFBVV95cUxPZnVSdF9BVTBOTjRlTl9OMjh2TjRoVnp0eHc4c0Z4QTRVZ3hLN3NWNlpJZW04UUxsX3Z3dEdCblBhSkpFcUI4Vll1Yk13UXhTaF9QYWtBb2oyNFdkN1d2M2FTSW9VYlR3M1RiS1ZYYUsxZ0dKNVh1ZHZqUjlteHVtWTNR?oc=5,
rss_google_news,"Fri, 20 Fe","Revolution backline will start limited Saturday, with both Peyton Miller, Mamadou Fofana ruled out of season opener - The Boston Globe. Revolution backline will start limited Saturday, with both Peyton Miller, Mamadou Fofana ruled out of season opener  The Boston Globe",https://news.google.com/rss/articles/CBMijwFBVV95cUxNS3RJSms0VUNSdnNlNF9KWHUwcEJuSWdSQU1FSzE2N2lYMVhOZFAwMHRzTUVxQ3BQSEYxYUwyZU5GQkd4TzJyQTQwZHVhM0l6UEJMYVdvd1pFNVFlUURlRkhBRmxyTEp1RkpSTVF4NzgxV05QaEpoQ25Ta3RSODhjVXB2MmkyNWpYdDNjWlc2WQ?oc=5,
rss_google_news,"Mon, 02 Ma","ASN article: MLS: Youth is served with RBNY & RSL, Montreal is awful, USMNT update, & more - American Soccer Now. ASN article: MLS: Youth is served with RBNY & RSL, Montreal is awful, USMNT update, & more  American Soccer Now",https://news.google.com/rss/articles/CBMitgFBVV95cUxNZTREQUM0VmtlWkdyU0E5Q0FJWVdtVmh2ckx0V251dkFYX1F5M0hkQnZhUGdHZ0JoZnp2S3dqYnpuYUtUSmNmczl4WFFYaHlZVjFsaEh1M1NsR1F5QmhwckFvTVZ2TXlCcHRESnk2QjhnODI5RmtBWDA2dzI0eHNpQmt0WUItM1ZpTTZkczlmanNPek1kZ2J6cnBsNEppanpTWGpXcFNzZ1Q3VjVwWkUxV0xBYTQ3UQ?oc=5,
rss_google_news,"Fri, 20 Fe",Revolution and new coach Marko Mitrovic optimistic entering season opener - The Boston Globe. Revolution and new coach Marko Mitrovic optimistic entering season opener  The Boston Globe,https://news.google.com/rss/articles/CBMifEFVX3lxTFBfQUNPWGwwOUpUbV9MVXVKNHhoenhtZDd3WGptbUVoaGNENTVuYTB5MENzV29QRFctV0lpXzgtUTcwRmtTM0tfTFVxNzRqVm9DZFBSTi1oUjFNNnY1R3BfckNiTnlzckJZLXFXWm5aeno0TEZYSzJoWEM0bEM?oc=5,
rss_google_news,"Fri, 30 Ma",The strangely ‘disappointing’ reality of the Revolution’s unbeaten run - Boston.com. The strangely ‘disappointing’ reality of the Revolution’s unbeaten run  Boston.com,https://news.google.com/rss/articles/CBMizAFBVV95cUxQeC1zRXVwOHF2YU5TTXF4YUY4QzI1Z3dUYmhQdUZNdEpLMUF6Q0NwUkptSThuZUhUNWhQM1NaanplVFBCaU1YdlFCSkNTUUdKOUlQcWh6VkdWN3lqT1F1MnY1OExoWEJja1kzc3paVkdYc09fcVpnWlpzMmlraHhYNHl3U3VERG5FZm9jUkVoM0wyNEZNQ2ZSdFhBNFRBdUFfUHJmVHIxUFBxNFNXZWlJd2NVRXgzT3NFUG0tLW1MWEVoWGlXajFucnN1SnY?oc=5,
rss_google_news,"Fri, 11 Ap",Preview | Revs visit Atlanta United FC for nationally televised tilt on Saturday afternoon - revolutionsoccer.net. Preview | Revs visit Atlanta United FC for nationally televised tilt on Saturday afternoon  revolutionsoccer.net,https://news.google.com/rss/articles/CBMivAFBVV95cUxOdlQ3cDh4UVdIMmY5bEgtb193QlpnNG44V3duT1pSRmllU1ZwUG1zd2dOOTktSDRhZEtpWUNJQURZRm95TjVXWWVnZEQwMEY3M3JPMzRGajZZVzVUNURzUG04MnRYaGVrc24yV1ZjYW5RZ2djRV94dnd0d2I4RXM0S1VlVEhhdTJvU1ZfRXRuQjVjdWNhVFczOUJzM2VpU3dRUERNZnEzZFdkaEtNU21UdUw2VEpGUEYtWktGVQ?oc=5,
rss_google_news,"Tue, 16 Se","Struggling New England Revolution dismiss manager Caleb Porter, as MLS club sit 11th in Eastern Conference and mired in a three-game winless streak - Goal.com. Struggling New England Revolution dismiss manager Caleb Porter, as MLS club sit 11th in Eastern Conference and mired in a three-game winless streak  Goal.com",https://news.google.com/rss/articles/CBMikgFBVV95cUxNdkdWSzdCX0lESG9yWDNDV0pNbl91MVpET1Z6MmJKaUlFYlFtMERlZ2pvTE1jZzB5aGdteGo5RGpDNDF4MThQZGRNR25LTkcyOURJS2V3ajJnQVIxTUo4OElSa1pOSTVNSHhoaV9ZQmZxZ292RzRfRENHNFloOEc0MlNBTDZpTjdlVUtfSUhlZTlVdw?oc=5,
rss_google_news,"Thu, 17 Ma",Know Your Foe: New England Revolution - Charlotte FC. Know Your Foe: New England Revolution  Charlotte FC,https://news.google.com/rss/articles/CBMihgFBVV95cUxQUXZxQVYtSkkyX0w1aUNmTl9XNGxiMHU5ZlBUdjlaRmxuMmFJODJFemFuSkliY0NYTktkbi1jZGRyaFE4clpwSzJoSDVvTkFtTmh0ajdadFN0VW5lLU13clhGMkF2R1BBd1NGQzZVd0NYV1UxUWR4LTVZVXVvUnpUM3RwbG91QQ?oc=5,
rss_google_news,"Tue, 07 Ja",New England Revolution Cash In On $6 Million Dollar Academy Product - Stadium Rant. New England Revolution Cash In On $6 Million Dollar Academy Product  Stadium Rant,https://news.google.com/rss/articles/CBMid0FVX3lxTFBwM0RDNEVBNkFzOENIVWhROWt5OGU3VllVSVlLSVlPbm83YkVNY1lQV2lUVzZLLXlGdlVER3MzRURlZi02ZjN5bUpGcHZLMjJoMXRTSVlzTV85ZTNUU2dZSVdkZUxUQlhhcnBLeWFtcmFKRXFhajQw?oc=5,
rss_google_news,"Thu, 24 Oc","“We need to look in the mirror” | Revs players reflect on disappointing 2024, look ahead to 2025 - revolutionsoccer.net. “We need to look in the mirror” | Revs players reflect on disappointing 2024, look ahead to 2025  revolutionsoccer.net",https://news.google.com/rss/articles/CBMiyAFBVV95cUxNdmpmZjMyLTNYR3pnLWtNTkFqTjBwU1cxbC1ScW84OXRPUE1HZXI2V3BhaGZLNXVXV2ExSTE5aXo4LTBKaGNYS3VWWkdUOGlTTzh1VGtqVW43QlA5TXBuT0p0ZWp2d0lkTDNYWDhvYUdESi00bFRjcjhXbml4S3dVMDc0ZFFYQ1RLeE95dEpZQVNQOGlpcjkwUGdIamdva2tUUUl6TFhCQXhaX0d3OTIwQ0hlRnFfaURZeVkyZjl2TFVJXzNLRjhqWg?oc=5,
rss_google_news,"Wed, 05 Ju","Bruce Arena misses New England supporters, says he's disappointing with how things ended with Revolution - CBS News. Bruce Arena misses New England supporters, says he's disappointing with how things ended with Revolution  CBS News",https://news.google.com/rss/articles/CBMiuwFBVV95cUxQcDZBdzVLZ0lkN20zWU5kVjFtWUlBTnphUXliVHBfSnYzcWhLUnhKMV9obVFqSVZ1Yk4xSjV5dXU2WVNoWTNQUWU5LWkyTS1WcUpQV0VhMEYwc0ZmY3BWWW9OajZIc3JCX1czMDdVUjlZMHpCZnZRUGRmVUhRNmdNSmU2UEhRcFpfcm56eXBvcVphd3M4YmhqV2ZCcE8zTFZYUmpuRThUUEFVMUtYSTJMeXJnbXIyUHhSeFRn?oc=5,
rss_google_news,"Fri, 10 No",“Sometimes you learn more from difficult moments” | Gil hopes 2023 challenge serves Revs well in new era - revolutionsoccer.net. “Sometimes you learn more from difficult moments” | Gil hopes 2023 challenge serves Revs well in new era  revolutionsoccer.net,https://news.google.com/rss/articles/CBMiuAFBVV95cUxPR183UzNKTEYweXV3VnJWSndnRTZ4SnB6OTYyb2k3TU84LUdQMFQzS3pfdFUtb0k0VE5rRzQ1WFNzVkx5MDQyOU5YZW0zWXFJZVNGaTg5UmRvTENfNURla2o4MVdhdVBsWTdJdmdLNFF1aUxsZjF0Vi1aeFlPZTJIcG5HQ1JLZU9hRlhiR1Azc0dnS19IYXRpajRqZzlmZ3l4QWhzSnVvOEVMRlF1OUFUQThFVDI0TlFt?oc=5,
rss_google_news,"Wed, 08 No",“It’s rough but I’m proud of the fight” | Revs trio lament ‘fine margins’ of playoff disappointment - revolutionsoccer.net. “It’s rough but I’m proud of the fight” | Revs trio lament ‘fine margins’ of playoff disappointment  revolutionsoccer.net,https://news.google.com/rss/articles/CBMisgFBVV95cUxQYy1SeFFQSmxubVByY3IybENWc2U3d1p2RHlFWTN2S3JMQzdST0U5TWh1YWVfbjZhX3NSdXFudGhlamVZTlc2bG5lcGNyZUZmcjUyenJlcE5sR0xINkxaVUVHak5MSkN3VHdaMXVoeE5IS2V0Y0xrM1FwaHdpOXp0X3FCMkNydWRWT0FxVEhMSzRLeXRzSllpNl9TY3ZQdHdNdWhGWHJET3U5Sk5rRVBNdW93?oc=5,
rss_google_news,"Wed, 25 Ma","MATCHDAY GUIDE | Revs at NYCFC (May 25, 2022) - revolutionsoccer.net. MATCHDAY GUIDE | Revs at NYCFC (May 25, 2022)  revolutionsoccer.net",https://news.google.com/rss/articles/CBMihAFBVV95cUxOU1hlOWJsZ3JUMzVFUUVBdFc3SkkzbWUzeHh0bUV6akw0RlVjOFVRdUN2T3dvQ3RJeGdXVmtBNXBzU1dHUzlwR282MzlaQWJKdEwxV2RUeUc5Y1J0UnlQc2FYMWRJb0dMX3hmbWd6SExoWEo0T3hTay1tMTluYUhOZWw1OHQ?oc=5,
rss_google_news,"Wed, 01 Ju",Negative into a Positive: Nguyen channeling Copa disappointment into fine MLS form - revolutionsoccer.net. Negative into a Positive: Nguyen channeling Copa disappointment into fine MLS form  revolutionsoccer.net,https://news.google.com/rss/articles/CBMiqwFBVV95cUxNZ01QUm9KRV9rTjZnWjZFVE1ZRjlHd19vWTlhbHh3TjhJS2FvYVREX0ZBV1M1RHU3ZUVhaTVDSWVMSWFmNmY5dkxZdnoyZW9aTHdMaGpxb0pLT2hzQ1h2NDh1R1M1VDJGWk82VWQ3cmNNX1BaXzZtQjhnQXJ1bHpnN1JsWGhhdDhsVi1Ua2E0MHowUzRRUGlySUFvNzNJRGtPVmNSb2RPdjgzOG8?oc=5,
rss_google_news,"Mon, 24 Ap","Preview | League-leading Revs turn attention to U.S. Open Cup, host Hartford Athletic on Tuesday night - revolutionsoccer.net. Preview | League-leading Revs turn attention to U.S. Open Cup, host Hartford Athletic on Tuesday night  revolutionsoccer.net",https://news.google.com/rss/articles/CBMitgFBVV95cUxQUGlaekJ2UWx2Q0FJdEpBSnlxYnFab1pBS1h4ZnFPR1cxbERxUGdQQTYtWTdvczBrSkhZelNVQ1BrS0xBSGZfZlp3VDZ0T1ozSUkzSUdkaGExYi13OXVBYzd5Rm1EeVhmQTV1djZQalk5Q3E2WGdXN3Vfcjcya0kzdktTanQwbTQ4czlweXR4RmlpbTNwYmY1N002dUFOc1RleFQ0TnRCejA0TzR2RHZOSFlUSWRMUQ?oc=5,
rss_google_news,"Wed, 24 Ap",Twellman's Takes: Who are the most disappointing teams in 2024? - MLSsoccer.com. Twellman's Takes: Who are the most disappointing teams in 2024?  MLSsoccer.com,https://news.google.com/rss/articles/CBMilwFBVV95cUxNdnRqX29xd01fcmtjZnlDNDh1dUltN0N1NG1DTEFjQ01zXy1qaGdBWF9NMldaUEh6am9KNndYa1lzaXlqRkRWRjFYbERqT0U3bWtmUWo4dk1iem94dWZpUGNfMDcxZkhnOXAwRDFaYkRtMG5XU3puc0V3UFM2SFpRalEwazl5alJubkRhdzBCcVBuYndHMWhn?oc=5,
rss_google_news,"Sat, 19 Oc","Miami 6-2 New England (Oct 19, 2024) Game Analysis - ESPN. Miami 6-2 New England (Oct 19, 2024) Game Analysis  ESPN",https://news.google.com/rss/articles/CBMiX0FVX3lxTFBPU1RzWFVIVXUwTlJyNzJvVWRQSGhyR3VCeG1LdkVnZ1ZLb0dvektnVV9BcU0yNVVJVmlscUZmbU43YTdkUW9uUE5tRE90eGc5UU5vVGZvS0IyNE1fNkNr?oc=5,
rss_google_news,"Mon, 11 Au","'Hope that the goals are coming soon' - Son Heung-Min pleased to make LAFC debut, though disappointed by draw vs Chicago Fire - Goal.com. 'Hope that the goals are coming soon' - Son Heung-Min pleased to make LAFC debut, though disappointed by draw vs Chicago Fire  Goal.com",https://news.google.com/rss/articles/CBMikwJBVV95cUxNZjNqaVJHZW9IMERQbHV0QUhZVkNsTWxfZXliM3RmYUUwVmkxbGU1Qk54TmFzam1EdlVkRmYxSmxzUkxieXk1ZV9sTnc1cmE3ZWlDbkstOTFrVEZsYUFmajNFZGdCdkROazlTcThTSGdrU0pSaHJyaWZRdUZ6a3Q5clo0Mjg3TE9MckVBcUV3cTBFTmZKQkdxbW9tNWZiQ20xcWlrVlBsTDZTbmdzWGFWUTlYVGFvcXJfaGJzX3haNU5IM2xZSW9BQW5jbVh6RVRUbGtVR21SV1VKU1FoUmhhRzgwNHMzTHdEbzVxQzNhbHhSaDRSSUtVN3R5UFNIMWNGU0VNZ3lGNkhYWGZyQzRzOHJPZw?oc=5,
rss_google_news,"Thu, 10 Ju",Video: Lionel Messi scores brace for Inter Miami vs New England Revolution at the MLS - bolavip.com. Video: Lionel Messi scores brace for Inter Miami vs New England Revolution at the MLS  bolavip.com,https://news.google.com/rss/articles/CBMivgFBVV95cUxOajhMd19XTk04R3Q4Q2paaDJuZjB3LWJocXFSUGJsdHpxOWRhVWNfdnJMMFloUlVReE9xR1piN3RpUnBwTFVTeVpBQW5fRUJ6T2IwT3BCWmFRSTNfR0pqNEJzZmN4ZVZGVVA1a1VjOVU4dl9jenJIRTVTbHlXMnBlcmNoWFhYVVlFY05aSWd2bktKU05TTlJXenVKZjhXQm13ekVyWUh3TmlhMjZIWnpWMlk1QjlhVXp6M3dWaHpB0gHDAUFVX3lxTFBNeHBxZ1lDQ2ZXVU9ZMVVONjJCc3ZXUjNJeXg1a0N3Sk51RzhCbHpRWEtiSEZqSkYzNHZlT0g2QUhSX0d1eEFGVzVudE02eVBUbnJ4M0lIUENKZUVuZEVXMTRUeGpBLXRXVDllUzJ4RHZoSTF3RzZxeXhWWFBXeE1PRy1hMUFuQUdITTRhTU5WMmF4c0owWTM5enNGV1ltNlN2VDVURG5KNDZ0SUxKSWhHaXhKNWUydnRYUXczSVoySkJ6VQ?oc=5,
rss_google_news,"Sun, 02 Ap","New England Revolution vs New York City FC: Where to watch the match online, live stream, TV channels & kick-off time - Goal.com. New England Revolution vs New York City FC: Where to watch the match online, live stream, TV channels & kick-off time  Goal.com",https://news.google.com/rss/articles/CBMimgFBVV95cUxNMzhhOHM0Y2l0Um96eDZSTXdiVXpOSHMxNjFGTjhIQXFweE90TTY2WHI4N3AyS3dCY2tDUU5aakpBekd5VWFrMkNfNGpMQUFuT1JfTjhNR2xhdmJieWpNalZzRVRKT2ZIU19lX2pGM0ZKS25mN1BkcFdMMWxoR0xKajI3ak5HNS1kQm53RGVzTTN0eVdpNUVGYm1n?oc=5,
rss_google_news,"Thu, 15 Ju",Revolution cut ties with Jozy Altidore after a disappointing season and a half - The Boston Globe. Revolution cut ties with Jozy Altidore after a disappointing season and a half  The Boston Globe,https://news.google.com/rss/articles/CBMiwwFBVV95cUxQTmVIMzFKNC1CVDZkclF4aWNMT2hOcDV4aGl0QXFuY2E0eWFFTUl4TV9SNFVaQWdib0lCTkZrdms1MkE3OVZ5WmpyaGUxWnhlSGdpMkdYMDhEcXVHYTllOXo2cEE5aVNOUGxfdmxtd2xSYjVVSHJkOWc2bDQ5ZzRkNW5EMVJQZ1JkYmNOMVVHWW5jNFhtMXhUTm4tYzVDU1NYbFRpUm5EdGhIbzJkSFFxdmd5b3d0ay04czJMa0gyQXEzaHc?oc=5,
rss_google_news,"Fri, 02 Au",New England Revolution dealt blow in hopes of new stadium - World Soccer Talk. New England Revolution dealt blow in hopes of new stadium  World Soccer Talk,https://news.google.com/rss/articles/CBMilgFBVV95cUxPZ1FyOVpCa2tHOHdIV3dSSjE1Yk5uYjhIMkJWTU0wSEVYYnd2eXZ0VEVYSUFPNEI3RGt6eDNjTU9MOThad2x0N1djUTNva1ROcEQ0OGJFcWo4bzN4N21yWGl1a3ZBT29aOE9ZNXl3RERiS2c4bTFiamhGX2JNQ3RoclNwb090S2lXTlAtR2lUanVyRXBtTWfSAZoBQVVfeXFMT3R0RlYzM05idU15bnQ0QmJmX2pJZHQtZnMtSzB2dHJyN0xrRnR2NVlJaVNMbk1WQUc3VTFNOUd4VWhORURCSnRKT3B6R0szcGdNemE2UjNwMEFzdjZ1OFNmVUE3X3dNYmprSGpuVlBLaW5lOXZzcENJZUlGRnl1czUzV0hudXNxeExxRmptVUhiQTNQeU1LYkZ4QQ?oc=5,
rss_google_news,"Tue, 22 Ap",Power Rankings: Inter Miami reach top after beating Columbus Crew - MLSsoccer.com. Power Rankings: Inter Miami reach top after beating Columbus Crew  MLSsoccer.com,https://news.google.com/rss/articles/CBMioAFBVV95cUxNQVhnNUlZMWJyay0zcnkxTWJnMGY5WnRsazJpeXlONG9tdHlMZ2lISlljaHpYdjBMQ0p5ek1LQU85NnFNSEYwUzVVRGc3bE1INWZFNUFBdWJ0TVVOT0xzbFVVMDlxbHNNTmhrNENZRUtRR0kya2pIOEhxYVNCUThHSEhDSFc5Y0M4eFIxT2tMZE5ZSEhKVDdlM2pyaWNlaHZM?oc=5,
rss_google_news,"Sat, 28 Fe","NY Red Bulls vs. New England Revolution Lineups, Live Streaming, How & Where to Watch on TV - Athlon Sports. NY Red Bulls vs. New England Revolution Lineups, Live Streaming, How & Where to Watch on TV  Athlon Sports",https://news.google.com/rss/articles/CBMivwFBVV95cUxQY3E3REFhUFlmS3pJanBGMmo5R2hKUHA4S0FvTmlwS1lwbDhpUmRoU2FQNEpkdUFBLW5Yd2pSM3NFYlZaMTZ1WGpwX3kxNkN1QTFxZ19GT1ROaFRNQzdjdDZXQ2Rmd0gyUlVxVzNDUmdLeW5oZlBZeThLaVMtRF9mTUM2MVlDWlZnZzZadXBZMDNMTzE0Y29qYjFpS3A1cW14MTZ2ODFvUGhfbG1jLWZpWEZtN2tSeU03YlZrTmFoOA?oc=5,
rss_google_news,"Thu, 14 Ma",New England Revolution v Minnesota United: Mitrovic insists hosts are better than Nashville loss - beIN SPORTS. New England Revolution v Minnesota United: Mitrovic insists hosts are better than Nashville loss  beIN SPORTS,https://news.google.com/rss/articles/CBMi8AFBVV95cUxQUURGbURReTI5RGt6bDVsYVdadGFqdXdSUTF3S2kzSWtMWTlyVzZtQTgwZUEydzd1eFdlY1VRQXNTZzZuc1BjdDdEZ2tKRi1fZU43RndHMzBFbGFhQ2l5N05DNndLcTVJbFNfZkRsd2hmTWk5Ql9faXJOOUFqWjBqY08teXV0ZnYwd1FsbmdnRVA2V3E3cUw3aEd6Sk1RSDFhOUFFMUFyNGFrVW1XWmppSHpxMk1uMFdKSkFwS2lQSWxKOWJWRFZSQkRmR21tRlFlUjdSN2lCRmt0WGw4Z19udzNRQjlFVV9yNHo1V2FUTWo?oc=5,
rss_google_news,"Tue, 14 Ja",One thing to know for every Revolution preseason game - MassLive. One thing to know for every Revolution preseason game  MassLive,https://news.google.com/rss/articles/CBMinwFBVV95cUxPNU92aXUxVm9iZmgtTU11SUt0Q012WGNMQjVQZ1JlWXMyTjkyV2hIZG5CS3p4NXllZjVodlRMdkJoYlFXUFFKY1czRHk3b21Ea3dfbzBsZUdrNUd6czk2WkFOREhaYVhjQ3hkZVBMY2c2NVJvTXVDZjQybWhCSVNPaTVNQmt0WlgxRG1JTk14cTRocllEUlluYjZpWWVaMWfSAbMBQVVfeXFMTm1GdjVFQnozeEFCQUFZY1FXdU5pRjB1T2NWbXBqUUsxQkxOUTV5eG5xcGhiRzNjYkFLTGNZUkZXYlI1el9lbUxoYm9mR05PUEpySnY0SG5IeldvemdrRUxJeGhSSDRNbmJ0cFNfbUFvbDRSdEtWa0NLVnVpX1JxVUdJVlZYMURvaEpHUzNqMWp4dEg2aWhZNlJqRzBqM2FmRU5fS0xJUjVLd3dILW5wenNXYmc?oc=5,
rss_google_news,"Mon, 12 Se",An oral history of the Revolution's 2007 U.S. Open Cup victory over FC Dallas - revolutionsoccer.net. An oral history of the Revolution's 2007 U.S. Open Cup victory over FC Dallas  revolutionsoccer.net,https://news.google.com/rss/articles/CBMipAFBVV95cUxPV1lBUWlYNXdKaFpLZFNPX19aVWVOU0I5Zk9XTVh2aU5rZjNHX1ZmYWJKRmRrOGJWNEJySU5iTTh5cklNa1pYTFRPSzhZSFNSVHA1U0tHR21lV2thZzdPb29HY3ZRN01ubjBnVXpuLWFTVnJmNnNiWFFMcXhSdVRXZlZfYXdMa3ZXck1paWNibDZFaG1hbVd6Vnd2QmtMMHRacEVuWQ?oc=5,
rss_google_news,"Fri, 14 Fe",MLS jersey Power Rankings: Who's the best dressed in 2025? - ESPN. MLS jersey Power Rankings: Who's the best dressed in 2025?  ESPN,https://news.google.com/rss/articles/CBMinAFBVV95cUxPNXFMekN2ZzVZVHNndktIQjFtWk9NazFpTVFTbWl1Vk9ueEZBeUo3S2ljQXZrRDlHbjJQMnZCb1IzQ01LZWZ3bHAySzNGa3BacFVYOHdSb0I0MkhJVmhfQjhNcHR0UzljZTcwQmk4QklGRE5QQWQxMHRrX3JvRkR6cW5BdDBPRTVRNDgwMXlrYVprb204c3g3Z0VUd04?oc=5,
rss_google_news,"Fri, 15 Ma","Despite diversity efforts, professional soccer has very few Black head coaches - NBC Boston. Despite diversity efforts, professional soccer has very few Black head coaches  NBC Boston",https://news.google.com/rss/articles/CBMiwAFBVV95cUxPcHRiLUlQaDVyR2Y3VTVtNEM3RGQzMlIxMW1ieVNTa1NoSXpMVUtVTm01RHIwcmgzbnZWbHB1YkNQYVlPUEpLbWxwUnYtcmtxTzB6c0ZaV1E1LWxqcGJJQlBzRmVaRE4tdGx0VlF6bzhVcVVSRkxGcGNUNGd4ZmJhWUsxZFdzSU5uSVJxS1N5MmRodXlKOURMT1NkWUlGVHBIOEVBZU13QXh4LWZTNk92NzVTaFd6enUtZGptZHdoWTLSAcgBQVVfeXFMTnhtNlRIbGt2bXFMREZXVEZXQzVwZUxQZjBzb20zaVdqenpqVW96RmtqRDgzOW1VOTNpSHl4SkdnSDBjWFhnQ0MtLUxHNUU3MWlBRHlPSU1ObEdNQUhVaUtJcUxqRHhZdHZFeUJPWFBFYXVuMEpZbjg4V1JCMnRTcDdEWEtraW9TRGdBUVFOMHYxQThRYmMzOElEdkxzYWIyMU4yMzF1b2djb080SUZ4MkU3eWU0UUpFdWpjbWNiMWhBS0FJamxJQXU?oc=5,
rss_google_news,"Tue, 06 Ma",Atlanta United is still left searching for its soccer soul - The New York Times. Atlanta United is still left searching for its soccer soul  The New York Times,https://news.google.com/rss/articles/CBMinAFBVV95cUxOU3lZYTdKdzE4UzZwOUR3QXI1eUpCSks4QnNub3hlUUo1c1hqRDlYU2dNMWZ1bUhXVDN4cGZmZnRLUVdSVkNMTVJXLWRYbnBRbDZfdGpTVkxSbGJWbXdHdDg2WUxMdUJ5RmF4alJaYkd3WGYwOVh6VmQ5WVcxVTEydzE0Q1o5Z2RIMGdEV19jdU5ESHhvQ2xhUmNrSEQ?oc=5,
rss_google_news,"Sun, 05 Ap",Messi’s Inter Miami opens new stadium that’s befitting of MLS’s glitziest club - The New York Times. Messi’s Inter Miami opens new stadium that’s befitting of MLS’s glitziest club  The New York Times,https://news.google.com/rss/articles/CBMizgFBVV95cUxNNmhWNXNIeVZvbFd0d2ZOM0ktbF9GWlJLSmd5OVM3MUZkVlJJR0NpQ1Q2UWZxQUZMOTgtYk9aOFVJdFFvYjFfX2NmQVhaNXloUWhYaUhqRUpBWl9qNXI3MGVqQURrd3dxaVNyZXFSMWZwN216Zk12cDhwMlVaOEZpaDZXYVdWTHU4N01tSnNTeDVNcEJBVlhGemtHNGpmRkNsQ2poLVA1b0J4UUVjOXBZZmdUc0p0SHdJYVIwb2lQQjlDN0YyUXBrVmUxOEJodw?oc=5,
rss_google_news,"Sun, 10 De","Three finals, three losses: LAFC’s MLS Cup failure caps a confounding season - The New York Times. Three finals, three losses: LAFC’s MLS Cup failure caps a confounding season  The New York Times",https://news.google.com/rss/articles/CBMiekFVX3lxTFA5RERFV2ZIbmI4ek9sbHlEbThtSFJyZERLaVpwTzlGajZKM2pfVHl1OG5nam9xWU5RNFJXNHNwcFYyTmszeUZVcHd5Y0VrY2JiVEE5ZkJFWGl6U0g4c1Z0Szc3TDIzc2QxcUt6ZXdPbElLWVhjc3liSWdB?oc=5,
rss_google_news,"Tue, 24 Se",Inter Miami told that big-money signing ‘hasn’t been good’ in MLS this year - intermiami.news. Inter Miami told that big-money signing ‘hasn’t been good’ in MLS this year  intermiami.news,https://news.google.com/rss/articles/CBMiqgFBVV95cUxQWGM3LUFnYzBEemlZX0pnS1A3RGNSTWdqWERLbWNhemVmMnhub0tLRmxtMTl1NFMwNTJubldfUW1kX3V4N1Z1NThydEM1eDI3M1RNSi1aMTBfUzQyTDJGTm9kbnZtamtPV0J5aVYxb1NXeV9iekpHZ1NsWDlSVXdDUzB3ZzBPZFhfV2drNzczcWdkWDRpVjJOZU5FNzhfbnJOMGtub29zME8tQQ?oc=5,
rss_google_news,"Mon, 09 No",No Fans Allowed At Gillette Stadium Through 2020 - CBS News. No Fans Allowed At Gillette Stadium Through 2020  CBS News,https://news.google.com/rss/articles/CBMiwAFBVV95cUxOanBNd3pudHA4enQ5cldVQ3h6R2k2eFBqTi1MQ0ota2dvaHIxNTdRLVhpRWZNOTRYaHZlRDNxcjE4RV9FeWRqZmRJSm52Y2lyZUhLdGNMRU81aHBDOXRaUi15X0pDMzBrZ010TkZKSGl2RGE3OXZma1lQeTVpOEpjMFNZUng1SnRnSEhid0Vsd2JfMUx6Q2VUc2VRa2NDYU9tYkFNY2NfVnFwNzllX1dIVFZhTXE5MVJIRlJlemhxdDU?oc=5,
rss_google_news,"Fri, 17 Ju",New England Revolution blame finishing as much as Delamea's blunder in draw against D.C. - MLSsoccer.com. New England Revolution blame finishing as much as Delamea's blunder in draw against D.C.  MLSsoccer.com,https://news.google.com/rss/articles/CBMirAFBVV95cUxQa210SEdLN0VEaDlRQ2JpTmJfQ054M0VRVUJ5dW16Y2ViUmxPVDJTeEJBbmNvMzF0QjFCY2JOVXVJWkhhQ19CcFJVYlFTNFBNYTdlR3FSU3FMcTU3RU9YTk5YNUdiMU9nZndITzFvaVphRmdNdW0yMV9JV25LSnBra3ZEeTVkRkk2Y3hPdWVTWnQ3X3F1SDg2a05GTDJqYk9ubHE5RGp1a0hQcU5u?oc=5,
rss_google_news,"Wed, 11 Se","Revolution head coach Caleb Porter suspended, fined for criticizing MLS officiating - CBS News. Revolution head coach Caleb Porter suspended, fined for criticizing MLS officiating  CBS News",https://news.google.com/rss/articles/CBMipwFBVV95cUxNUlF6U0h6MnhQWC1lQjBrZEFKTjc1Tk9mZnJhc1hOcDd3Q3A1WkRMWUtWZF9WSW00Y2JzTlUyVTVCVnY2TnZsZTRhRGNpSVJHZjZGbEdlQm5VS0czZ2I4UmxmWmJsa1p1RWRHclI2VWdZWXRNbS1hNlJyN28tZE9qWW4xZndmMEMwVkZpanBsM0NqanpqWUNrdjYwdjlHUHJ3cWlmaU9qaw?oc=5,
rss_google_news,"Wed, 26 Fe","If you think Neymar’s career is a disappointment, it says a lot about unrealistic expectations - The New York Times. If you think Neymar’s career is a disappointment, it says a lot about unrealistic expectations  The New York Times",https://news.google.com/rss/articles/CBMingFBVV95cUxOZWRRaFhJcUhfUUpkWkVwTTJsSVA3RXhjZ1ZHaFVKYkN0Y29PZjdVMzdFME05N1FOY2dxRXdlTlNmeXN4LV95SGU3dVVsZEp2UXRJWXUwQ2NvMHlDOVlER212NHhiZ2EwMTNrTFVvSURlczBYRXNEUU53c09YUkFuWE50OERqSHlscWNhZDZkUV9hbnRRaV93alZRQmVSQQ?oc=5,
rss_google_news,"Sun, 07 No","Revolution Celebrate With Supporters' Shield, But Focus Is Now On Winning An MLS Cup - CBS News. Revolution Celebrate With Supporters' Shield, But Focus Is Now On Winning An MLS Cup  CBS News",https://news.google.com/rss/articles/CBMitwFBVV95cUxPTzQza01RNUZlYjBxVFBnclpiZWlBY21nUlNXbmY5RTZ3MjZLMk9LQ3ZXVk1mQVM0R2pJSDdlb2VNV0ZkX1JRVWcyZlJKdGdMejRVRFZ0UG5BWU84X3U5cHJyODJrYW5fR1F2M1dWVzVFSnhYeXpoc0V6TWVCd3pkTnF3TExFOFJKWkg3SUZYV0wzWkJoUHB3N0l2Qlh4eW8wTzF2dmZHVnZTSWczV0JpOUJtbV85VWM?oc=5,
rss_google_news,"Fri, 23 Ju",Jeff Larentowicz - Atlanta United FC. Jeff Larentowicz  Atlanta United FC,https://news.google.com/rss/articles/CBMiXEFVX3lxTE8yUWxRZXFEM3ZlQ2w5Y0F1RUVtU1o5eno4UFdMcTJobF9GSV9KbTBadmtVX0pHTmlyaUlERzBjM0xUVFAxcFRDRTVYY3N5UERKQjhOYzZPdGFyaEJp?oc=5,
rss_google_news,"Thu, 17 Ap","Bad turf, cold showers, wash your own kit: life at the top of US minor league soccer - The Athletic - The New York Times. Bad turf, cold showers, wash your own kit: life at the top of US minor league soccer - The Athletic  The New York Times",https://news.google.com/rss/articles/CBMiogFBVV95cUxPMjd3dEpSc29STW5JeERZU2ctam9fUjdVT2lIWWxNekxGUFJxdlo4Uk95NGRWLWxJV00zMFVVWFYxVlc4X053TERPZ1RYMWxLZDN0SnVRamxkSlNmSHAtazVNNmR2X0dMZDRZMkZFTmg3VTkwNFU5NXdVb3dwMGl6SjVzNHVXeDRNUW8yWkZBMTJwTHJsbTlsLUc1bGJiY2diaVE?oc=5,
rss_google_news,"Sat, 27 Ap",Messi scores twice in 4-1 win over Revolution in front of record crowd at Gillette Stadium - CBS News. Messi scores twice in 4-1 win over Revolution in front of record crowd at Gillette Stadium  CBS News,https://news.google.com/rss/articles/CBMiqgFBVV95cUxNcF96ZXFQSERZQlRHeGdlYUEybk02SVc1dkNuRnRfWXBkQTMwdDU3cVJVam5FTDNqbms3aUFHdTc1bmhoUlBSMGdrbWNTOUxjVFFWZWg0N3I3RGJhSF9VMG1EQll2UW84eEdQRzhBdk1VeWI3d0doTkw3WVVkLTdTQnIwaTMxZFB2ckR0Z2dhWmlTVHNQR1RxMkJ4Si00RWNwSXdHZm9OSGo4dw?oc=5,
rss_google_news,"Thu, 30 Ma","After USWNT exclusion, Sam Coffey turns disappointment into opportunity - The Athletic - The New York Times. After USWNT exclusion, Sam Coffey turns disappointment into opportunity - The Athletic  The New York Times",https://news.google.com/rss/articles/CBMijgFBVV95cUxNVmNYckxqbGRIdWtlN0VmT2hzcGM2MlkxNW9VZWhlNFpsdTJCVWo1a3RkQ3c4SkxyQmlQRVBuMk9yMjVIdDFTZW5yWTdjMUxFaDFxS01JWnRUZHZzUU80a2dDcHV2M0swdkhCQVFFZkl0RTc0WHJFN3FCVEdnekZ1TkQ0dzNmanhlTVItTFZR?oc=5,
rss_google_news,"Wed, 04 No","After coping with pain for years, Barnes calls knee surgery “a blessing in disguise” - revolutionsoccer.net. After coping with pain for years, Barnes calls knee surgery “a blessing in disguise”  revolutionsoccer.net",https://news.google.com/rss/articles/CBMiqAFBVV95cUxPdDBXNl9yZFlEN2ZqQUFTYnBkYUxhT2lEa0FVdjIyeE9rak9vb0VsN2dicHJYY1NrbTljTk5QSWFfdUxFbm5QeEI1TVg3TXp6WEVRajBUdlhWY21yUFFSTHBTTVFwZEZISnN5cEJkSEo3cERRc2p4OWZMbUhzU0EtZWV5T2hycm1PWFBXQ0ViU2xiTTlPYUVzUV9XX2h2UzE1bmZLTXMtTW8?oc=5,
rss_google_news,"Sun, 24 Au",Son scores first MLS goal as LAFC draw 1-1 with Dallas - The Express Tribune. Son scores first MLS goal as LAFC draw 1-1 with Dallas  The Express Tribune,https://news.google.com/rss/articles/CBMilgFBVV95cUxQeGgxUFlHRW5LTnRZcWZ2N1g5TUN3VnVoMUlmWVVPSW40T1RIRWpHdko0MzROZ0pydFRTSHNtYi14cTdlZzJYMHZ1U2RTdTNNc3JaX3VNbF8taFNkcHNoTkFTUlk4VTFoaEdEdUdfN210ZHE3NUZuLVR1M2FFVTZCTlRJNHloQm1MT0tORkRFakxQcEl2RVHSAZ4BQVVfeXFMUGVFSlBGSWgxQW5oVWtQYTFBZTUxRlRMa3JXY3ZmcnpCNU53QkdHbkVhdGFkV1JETGpNMWtBNFExR1RoUklsWXBscDRJMDRJN01PWU5JVkFucnBqdUZCSE5HOTRtWUcwMldfSWZzZ2pPQjB1MFJTb2o1aEtQbmp2THF6UG55YS01ay0zSkpiYk1GbWJOTE1NMXF4Qm8wUFE?oc=5,
rss_google_news,"Wed, 11 Fe","Nashville SC vs New England Revolution prediction: Odds, picks & stats - MLS game preview - Squawka. Nashville SC vs New England Revolution prediction: Odds, picks & stats - MLS game preview  Squawka",https://news.google.com/rss/articles/CBMiogFBVV95cUxQTHB2VnJfa2w4WEVENTZfTWp5eUIyTXZlVFFWSUhYVG5OT0hmU1JyYVU5bndrV2hBMXhQMld4T2VaVGdoNjlHLXd0RzZPYmQwMGxWVHdRS1d5UXhEZHY5alNGRVNnQTd4cGVrOHVDQV9qdlYtUHlxYTRPVjFpWkNsYmJ6T210S3UtWTZLQ1pMRmZhTWFYd2tmVURTMlVEdWVhVWc?oc=5,
rss_google_news,"Tue, 05 Ju",New England Revolution Lose In U.S. Open Cup To Louisville - trifectanetworksports.com. New England Revolution Lose In U.S. Open Cup To Louisville  trifectanetworksports.com,https://news.google.com/rss/articles/CBMilwFBVV95cUxPeFBoQnlGMUpNZG9TMy1KbEVGUXlSMVZRY0M3MWVSb1JlOW5TakpSanhjb0tSSm0zcW1EZmJ4QWNGallueExkb0ZOVTVyZkJTX1h5T2dyUlRoUnIzcHZDMjd4akpDMG1GSlVyeFRmVUZxTDFNbTFlRU1HUVhsRllIZ2xwYmxLd1l4dk5NQUdKVmc0ay1HVGhn?oc=5,
rss_google_news,"Fri, 18 Ju","Preview: New England Revolution vs. Orlando City - prediction, team news, lineups - Sports Mole. Preview: New England Revolution vs. Orlando City - prediction, team news, lineups  Sports Mole",https://news.google.com/rss/articles/CBMi0wFBVV95cUxPY0pzRWp3Z3ZLeWdwZDhjem0tZUVlWWdrQ255SmVVSXVjQ1BpY3hsYS13aDJySldOVFFUTUFpOHJZZVExRjcxUVdGQzNXaDEtbFhWeG9NZktJN09uR092TGhNSkh2d1BIZDl4WDJnUmp6dXExUXZQUTBTSmlwZGIzNU9rYmhVcjNScXNrN191dHhPcmNVSFNOa0w0ZHZPWFNlMk1VNHNHSkx4TUhMa2lMcXJNN1lPOVBEamcyQmNLTFRGVzVPYzVzc2Jkb21wcHVIWmFr?oc=5,
rss_google_news,"Tue, 10 Ja",Kick Off: Steve Nicol expresses Rapids disappointment - MLSsoccer.com. Kick Off: Steve Nicol expresses Rapids disappointment  MLSsoccer.com,https://news.google.com/rss/articles/CBMihgFBVV95cUxPazlRSEdhZEhZLWJSNFJIV1A3VnNvb2UwdFZoLVNsclE3eDNJdnNyeGNZUldyUEtucTlLa1AwV0ZMOVdOUkptaEM1MGxlRUpTbkxhOTJQSld5aVdMTTl4QzBvQ1BHYzljeTdPRlZaWV94aDlzOC1LeUJFZ1hXMkIxUVBmdUNSUQ?oc=5,
rss_google_news,"Fri, 10 No",MLS News: New England Revolution name Brad Friedel head coach - Goal.com. MLS News: New England Revolution name Brad Friedel head coach  Goal.com,https://news.google.com/rss/articles/CBMimgFBVV95cUxPTTF6VDNqVDNJZFBiMW1mYVEyc295M3FINzFLZm1oMlh0bmF6dF9IZGx4ckRaSHQxbHZSWmt4dkc5VFJHcnpjT05JbUI0c0w2SE1wU2VrWi0tUmtSeWRPcFNCNmRRcTJjMmsxSmRpNVFTYlRCdE9PWjJIYnpLbF9uQzlQTXEzNGlZSTI4cG9TdEVicTd1Smx2ZTd3?oc=5,
rss_google_news,"Sun, 18 No",REVS NOTEBOOK: Pats putting Kraft's other team to shame - SouthCoastToday.com. REVS NOTEBOOK: Pats putting Kraft's other team to shame  SouthCoastToday.com,https://news.google.com/rss/articles/CBMiowFBVV95cUxNWnU1SHIxVWVoQ0VTekdzc01EZ19WUDNVTmd6YU4xdmYtVnJCNDg4enRhelZFbldWOFEwd0I1b2NuaDllZmx3d3hsaThMd3FHZF8xZ1hwSDJnWjljMy1ldVNiR2xrWkY3d0Jtem95V1Z4RzF1Z1M0WDVINUF5cFlGRWtiaG5yMHN0eGVfc2lIdmJSSmJjZHdJQTVVRlJianlTU3c4?oc=5,
rss_google_news,"Fri, 10 No",New England Revolution name Brad Friedel head coach - Goal.com. New England Revolution name Brad Friedel head coach  Goal.com,https://news.google.com/rss/articles/CBMingFBVV95cUxNVHNwQXZUQm43N2JLci1LMFRwa09wVjNJcnd6bmhXREt3ZmI3UzVGb0kyQ0RsQ3lZWHJuVzJpQXNEX1BRMHJUNWZ5SWFHWHljTGxaRExOUUlRVGZhd0lzWnZfWWpkbTlNRnlsTUtic1NTamEtLTM3U3lFYWxaeVFEeF9JRXdfbU1aOHdyaEc5dzBhcVptalJhY1BiaG1iQQ?oc=5,
rss_google_news,"Fri, 28 Ma",Shalrie Joseph admits pot use - Boston Herald. Shalrie Joseph admits pot use  Boston Herald,https://news.google.com/rss/articles/CBMiekFVX3lxTE4wU1RqbnV4M2NKcU10a1k2MkdDZDVFY1JnUlhGeWc2Ykdhd0p5QzlTNjRzMGt0TWlaMkstYUVDSXh3TzlrTG9hNGtrVHFYejNuYVdqTjFlc0FYOFZkV0JubmlJVGlfSVBWWVR3NVpqV0V2S09nQ3NSdnFB?oc=5,
rss_google_news,"Sat, 16 Ma",New England Revolution vs Minnesota United Prediction and Betting Tips | May 16th 2026 - Sportskeeda. New England Revolution vs Minnesota United Prediction and Betting Tips | May 16th 2026  Sportskeeda,https://news.google.com/rss/articles/CBMiuAFBVV95cUxNYnpOZGgwbWxXNFQwQ1FNTVJreWJPTVpuOUhTcGRZR245c09MZ2pLRHEteENLa04yWUMzWFJ1ZV9EV3dOX0o3cEZyQkdHa3Y0emRfUjNnTEpYLTVzMVU3bE1CcFA1UlBfN0VRVVNhSjhhRWxCbk44ZEhrSDVjUEVFM3NLanNLY3NhR1RxLXRvem5mTkJGS21iTEhWckpVUGYwMzNTdVdjUFRvcl9QNXpnU2NDcnZDNlpK?oc=5,
rss_google_news,"Sat, 04 Ap",New England Revolution vs Montreal Prediction and Betting Tips | 4th April 2026 - Sportskeeda. New England Revolution vs Montreal Prediction and Betting Tips | 4th April 2026  Sportskeeda,https://news.google.com/rss/articles/CBMirwFBVV95cUxPODNhY09UQlE5ME8tOWhGc1dheGhyTWtMRHRSUmRTSlY2ZmtWTUNsUGxoT1NiMUU4X1ZRVGVEdmhGMUJGQ1V0OEVoTVZSS0ZZeFJFZzd5a3VaU19oeERyczI3VWdtbi1rdXZicWxvS0Zhdjh6X1hYMXV0azU0SGxiTV90ZWRXSnBxUS1neDN4RkZaZmhNWnZzYWI4dzlPY3ZvWGxJemdQMXltcmJ1b2Fz?oc=5,
rss_google_news,"Thu, 14 Ma","Rapid Review: Nashville SC hands New England first home loss of 2026, bolsters Eastern Conference lead - Nashville SC. Rapid Review: Nashville SC hands New England first home loss of 2026, bolsters Eastern Conference lead  Nashville SC",https://news.google.com/rss/articles/CBMilgFBVV95cUxPMS1tXzRRS1hubzdETHNqdjFNMXltV0dIcDAta1NSeWtzaHI3LWtoSHROUGxVSkxqdHRUZEZpTGhkdGRDOVZiaHJBOEtxYlU5djlNcXFTVzFXZm5BNHJPT3hqdVY4NXJ1VUJ3bEgtc2JYZDhUMExPMUZaSllZODdsUVl3TnBrU1JHdnlSYk5vNS0tbDZUcXc?oc=5,
rss_google_news,"Tue, 21 Oc",New England Revolution 2025 End of Season Review - prostinternational.com. New England Revolution 2025 End of Season Review  prostinternational.com,https://news.google.com/rss/articles/CBMilgFBVV95cUxOcDByNjdzdFpPb0hMMGUxNU90TTJNNE9FZkRTM0RJOXBlUl9GTlp2UGh5cEYtb2NUT0xrSHRQQzJmWXcxNTF3NlVreFNZX211NU1jWVFVSHF6M21GRjNpZWJnUzl5SC1VQWlRRGRkOFc2VlZHYjR3c2JyVEZlQWVrYTJQdTBzOFFZeWJXZnFadjZ0cTBCUFHSAZsBQVVfeXFMT1NpTWZMREh1RUNjdmxnMHhmalhUSE1RQzQ0emIyTlhkU0JMWWdZSHhNVllHWGdxSUJvZDVjMTY1Nl94UUVBTFBRcC1VTW5QZzZSUVU1SXpfeVVyMjh4UTRUakh0VFd3Zzk5WUhWdDFZOW03U1RadThDQWt6TkJwSUdQSlhUVnN4SmpUQ0dDZ2dLMy1DMC1WTVlXMHc?oc=5,
rss_google_news,"Wed, 22 Ap",Crew tactical review: Columbus continues lackluster form against New England - Massive Report. Crew tactical review: Columbus continues lackluster form against New England  Massive Report,https://news.google.com/rss/articles/CBMitAFBVV95cUxNbFY4a3FnMEQwbEwwNVJSalFXTDVIaWtkRXB2NTBJclc3R3pWbDNCTEFUM3BBY1BjMmlieXpySFZSZEI4enk3NldWbzlkZkN0WlltNWxGam1EZEl3RFctZDNldkw5dzd5U3N6ZlEtenBreUZyUk1PM2JBMDZxS1lBQlc3YjFITmVZOTVzV2laNXRtb0luYzRqaW1nMUpwY1FuenlOMFMzc2R1ZEpzcWpiNS13VTM?oc=5,
rss_google_news,"Wed, 03 Se",Halting Revolution Wind could be a disaster for New England’s grid - Canary Media. Halting Revolution Wind could be a disaster for New England’s grid  Canary Media,https://news.google.com/rss/articles/CBMinwFBVV95cUxONTRFQTFUcFNPMWRvanBtSm5sQjhkTVhNcEVxNFo0WjdvS193WjNsRHJwLWQxd0h0Y0NrSDkxWE43S0RQU1RUMk5pVXNhQThSV3JkZFE3TmJjeFJkem42cFA1eHhxeU1EQ2RRSlFVeUpOSURVNjE0S3IxeU1SYTQ1XzZJVHdhTGVlNjg4VGlJNW1Ed2czN1NULUw1QkgwZjg?oc=5,
rss_google_news,"Sat, 21 Fe","Rapid Review: Madrigal, Surridge star as Nashville SC dismantles New England Revolution 4-1 in MLS regular season opener - Nashville SC. Rapid Review: Madrigal, Surridge star as Nashville SC dismantles New England Revolution 4-1 in MLS regular season opener  Nashville SC",https://news.google.com/rss/articles/CBMinwFBVV95cUxPQjBwRHJjVTNsNlJXTkk3VGVqbnJ2MXN1cmlOV1dEbGZMdTdZbWQxblU1QjVCWGhDcUs3SzZQSTZYXzIxb2R2UkloNWpGUExfc2FIb3pnbHY1RGU0UHlEa1ladFc4NDJKc3dTLTNjNnBoRFY4SU5VS2MxdXFWRG5ZWUJPMUthajRTZGhqQVlUS3UtMndIYWxMOWU2eGRYdFk?oc=5,
rss_google_news,"Fri, 10 Oc",Boston Legacy FC to Have Most Expensive Season Tickets in NWSL - The Blazing Musket. Boston Legacy FC to Have Most Expensive Season Tickets in NWSL  The Blazing Musket,https://news.google.com/rss/articles/CBMifkFVX3lxTE9iZjQxMEpFTVB1NDVtQU1sX0tlOXJNMlVBMl80NkwyQW1hOGx6dThlOHNEcDVBelRBODhDQ3NmRmdvZy1CM2dOU2RfUlY3TWY2bnQwOU9wYlhVWGdXOFJNYUVzdUx5Qm5hellaaDNkTGphZm5ka2UycUxoMDVVQQ?oc=5,
rss_google_news,"Mon, 06 Ap",World Cup MBTA train ticket price announced; T says it will be more affordable than driving - CBS News. World Cup MBTA train ticket price announced; T says it will be more affordable than driving  CBS News,https://news.google.com/rss/articles/CBMiiAFBVV95cUxPT3Y0bUtmNXhUWUN5STR1czNUY1hzeGxpV2w2YTd6V0JoWmRBdWgtdjlTcWNvbG9JNlRYNFVhbE8tdGR3MXhqQ1BsV0JPeEE0SFBIdlJQbG1RdzRBRlhpd0ktQUZwbklTa01MQzlEcnM5UXJhN3BtRXRtSmY5NGxaUklsM2I0Z1FM?oc=5,
rss_google_news,"Sat, 27 De","Grid operator: Wind power pause carries economic, reliability impacts - Cape Cod Times. Grid operator: Wind power pause carries economic, reliability impacts  Cape Cod Times",https://news.google.com/rss/articles/CBMi8AFBVV95cUxNaExMN19XLUtEUUVITVZBU01IOEVwa1BST1dBU212VEdYWnJLejBtOVdnWk1UZkdBd0FsUnFUak9IcDJuR0xjZHpKSEhtWjlOZ2JhWGEwVW84SzFDaFV4U3F5ampwZDZTS2J1LWNueWRMcm1XSnRwZVBkOE1aTUc3eHJlZkNQOGctY25qa0Fsem14RmFkemhLdlpuUU5hanh2aDJIeHdDRnpIWXpQdlNiX1htMkJVY1JOT3ViU1NtTlVBRWU5N2VUeVNqcm1NXzBBWk8xM0tpUC1YVzBWQlZaODU3UGZ0VW9DQS1PR2dDS0s?oc=5,
rss_google_news,"Tue, 31 Ma",World Cup MBTA tickets could be $75. What officials are saying about price - The Patriot Ledger. World Cup MBTA tickets could be $75. What officials are saying about price  The Patriot Ledger,https://news.google.com/rss/articles/CBMikAJBVV95cUxOWnNPdWFSaGJ2MVg4N2Y2d3pMRExzWlhmbzl3NG81X0lDMzFqT05kQ212Um5LY240UDN0SHJ4cHNHeEJibUVnM0NsSkZsdEVOMDZwTktSVEJvTnpLczZranhWZDJTWmRVWDA3YkdWYXV4TFA0NHJDQUxkQXR1X1BHX2RnTGpKUHBxUF9kZXJZVFduUlhLR0pHMG9ONWREMmlISE41eUh6U19nVzd3aFRwdWxab3BGRG5JTkdtOWlTWlBURlBEcjVhUGJoeVFBaTV6cDBYQlRmN0s1NmJFVFJvNVBIQ3VEaHlvc0R6N3VhaTBxWnFxUjVFLTFDVVZ1RlhabFRtSk5lVkJQLXZLWS1iMQ?oc=5,
rss_google_news,"Mon, 22 De","Trump administration halts offshore wind projects from Virginia to New England, in major blow to clean power - Politico. Trump administration halts offshore wind projects from Virginia to New England, in major blow to clean power  Politico",https://news.google.com/rss/articles/CBMi2gFBVV95cUxQU1kxQy1hR1ZvRXQxeWw3VjliRVFHOGQ0blBFZmNIZDVGY2k5YmU1MFRGS0FHZjhGZGpJUUs0ZzFROGsyX2xNV2JhTzRTVzB5RmZ6QXV3elFqUEN1OEZRZUNwOXdSTGRKa2dlXzE2dGowYnNDWWlQcjU1OVlYLTgwMEFVdHlfVzlkMEFHRm1rWkhvb2ZTcVRGSXRka1JOdDBaQm1SZjFKZGloaUlkZnBCYmJ6aG5mNEVWWTIxci1ONWdpRzRsRDVWaWNyc0MtdG5vaDQxa3JLcV8tUQ?oc=5,
rss_google_news,"Thu, 01 Ja",‘The Revolution to Come’ and ‘Revolutions: A New History’ review - History Today. ‘The Revolution to Come’ and ‘Revolutions: A New History’ review  History Today,https://news.google.com/rss/articles/CBMimgFBVV95cUxNdHN2RXlMekdfaUZ0Z29SeGFrczVrR1AyMkVuYk9kQ1k3Z1h4Y0Y3UnBOMEZsTndmNTlrOGhuUUpvdEtNa0N4WG9VemJ3SXhENzlOV2R1cHJtUV9WX2RTS3ByRUlBRmZfX2VKY1V5cFdwcURiQm1qeFpfbFoweUtteWlwYlY2QmUwU0dMMmtJSmQ2MlIwaHFJSS1n?oc=5,
rss_google_news,"Wed, 10 Se",The Fishing Revolution and the Origins of Capitalism - Monthly Review. The Fishing Revolution and the Origins of Capitalism  Monthly Review,https://news.google.com/rss/articles/CBMikgFBVV95cUxNempMTmZTNXA1XzRSZW5DV0tZTzBySWJPclAwNk5NTkxyU3ctMjNRZElrUDRaWmNUcE9YcEFkdTNvOVZ2TzRUVmZJaEpYZS13RDN6MEh4NFZiVW81eDVhWWdtTzROMXNKY0ZXRUFneklKY09RN0IwcGlxYUFQaUlXQ3ZTRGQ2anhKNFk4NGw2WXFKZw?oc=5,
rss_google_news,"Tue, 16 Se",Offshore wind was supposed to save power-starved New England. Trump blew up that plan - CNN. Offshore wind was supposed to save power-starved New England. Trump blew up that plan  CNN,https://news.google.com/rss/articles/CBMiekFVX3lxTE9XZXZPaFh6WWRQVTBtMllDWXNzYmFyOXJNakhCbm9FNDVvX3dFemJGYXBCMmVZUEV2dTI0Z292djROVkIxQmRKYzhZdGpwNDRBd0xRWmQ3S0Z3Y1lTb1RfZF9ibU1MTVhqZzFZdTV4NVFHdmtKLVlhd0NR?oc=5,
rss_google_news,"Thu, 11 De",Rodrigo De Paul set for $17M Inter Miami move as he becomes MLS’s second-most expensive signing: Who’s No. 1? - World Soccer Talk. Rodrigo De Paul set for $17M Inter Miami move as he becomes MLS’s second-most expensive signing: Who’s No. 1?  World Soccer Talk,https://news.google.com/rss/articles/CBMi0wFBVV95cUxNcHlZUmxHWlFidlJzZFNNQVBvSFlxUHNjb2ZlUnk3SUxGbHItYm9pczlYNmJuOFRZYklVNVdYVkZZV0NLMlJDdUNjU3ZlS0ZnaU1zd2U5bHdsVnVIcmU2Q25vcHhvVU16d19qc1ZGd08zdzVIeER3NGtkdWgwMzZHMkw2aTVJZ2VlMVpJX0NiamNQM1FDWFVUSTJjWWQzZ1VQdU1GNXItUHBNNGtDY0hHcEY0dXBISjhMQ055ZVRqR3JmZURPSGE2bEUyVWQ0REdsSkQw0gHXAUFVX3lxTE9CVWRqSV80REtDSjdEZ0IxUmtxdnhHOWxhTlFZc3BiZUdPNmFmNjNLMWpjR1N0Wk81dWVqQW0yc2dOZVRwMndOWjM3TEJDM3RNcG9DNG02RWUyZV9qT01WRW42dEVOekNHSGZGc29paVBVS2xaVUFvUl9YRXJkNmFnR01XVkN6OVFHYm50ZFotb2U3MjJYMENzeVdIZllDSjlQMm1NQnNCcUVCdnZhWXUtbWNrcVY2SVpySXVyZkxTUEF2X1J0aldmUk4tNktlc29vNm5ReWZN?oc=5,
rss_google_news,"Thu, 17 Ju","USMNT’s most expensive transfers, and how Tillman, Johnny fit a recent trend - The New York Times. USMNT’s most expensive transfers, and how Tillman, Johnny fit a recent trend  The New York Times",https://news.google.com/rss/articles/CBMisgFBVV95cUxOWnYxbkJnRWs3dXNCZFFmX0NsdjNCcktXSVBscGY3bldxSjI3WUFrMENmZklYcUZfNVkyWXp5UUxMOXAwYmVDamRJX0JINnNGZGRWaENHbFBKWUJhVlkxYUtxM1UyQlU3TnB0NWEyY3QzSjZhM3RONTM2R1ZWWWVsaFMxdGV4WVl0QUVpVEZ0d2pmeXlPZGpNYWE4Q1RnOThGSldVbjFuY2w2LTJ2TDd1Njhn?oc=5,
rss_google_news,"Mon, 30 Ju",Unmanned Aircraft and the Revolution in Operational Warfare - armyupress.army.mil. Unmanned Aircraft and the Revolution in Operational Warfare  armyupress.army.mil,https://news.google.com/rss/articles/CBMixwFBVV95cUxQM1hpMzhvSHdwUDRVZVpjSkVFUmdDTG9OdXdiMEZiOEtoUlZxbkM0TTA5b2hfaG5pRGw0UDFrSENWMVUxc1ZhSzJIRVB6RTBaVlk2REwtM1lEQ1ZfeXJWMWZ3VnhLcFNNUHNJeFZlWGdrSmRkdi1qMnhEemlhNmhyQzJKM3hxWXVhbElsWDZtZEdhdjB1SFZfOUhCdkhMQWl0NHI4NXo3UE9DZDdPS0x3OHhpMWpIOTc4UWloSWxGbjV6RFZ2Ym9V?oc=5,
rss_google_news,"Tue, 23 Ja","New England Revolution is the most expensive MLS soccer team for fans, study says - Yahoo Sports. New England Revolution is the most expensive MLS soccer team for fans, study says  Yahoo Sports",https://news.google.com/rss/articles/CBMigwFBVV95cUxOLTBfbS1aVUNBZnlQc1RFeFZiS2V6eDZFWk1lcUIyYkRJZkI1RkdQT3dDWk05TkNLckkycThOT2lucTF2QVNEcmZxRFJ1QThPT0tMemFLWkR2SjVyV2JOdFFsVFdzY2dZSnJBVzNxdzNYNDVSbDVUNUl3Y2pLd2h6RTYyVQ?oc=5,
rss_google_news,"Fri, 05 Se","2025 NFL average ticket prices decrease slightly; Eagles most expensive, Browns least - The Athletic - The New York Times. 2025 NFL average ticket prices decrease slightly; Eagles most expensive, Browns least - The Athletic  The New York Times",https://news.google.com/rss/articles/CBMipgFBVV95cUxOQXFURVZCUWpwN05zZWNDMFlObVVIaGxoaFBkU1pGbG5DOUczR01aUmFjRU1nZUFuOFNOWExRMlN0WTBleDA4N2lleGdRRGZOMkVBZHh1ak9CbmdWZXBUMTRzc3k4MWxOQWpGVDVnMGUyN0dlQ1FwYk1JT0ppRWNkcElIdVdWLUEwaWtEUW9ZS1dxMTAtTjVBZGZDaUt6NEQxdHB1QVd3?oc=5,
rss_google_news,"Sat, 19 Oc",New England Revolution 2024 End of Season Review - prostinternational.com. New England Revolution 2024 End of Season Review  prostinternational.com,https://news.google.com/rss/articles/CBMijwFBVV95cUxNb1hvM2x0dF9pMDl5RG9PLXNETS1PblRkQ2wtTzVrcHB6M0NaV0RyQi1HRFlTWjJIZEhZNWZ4aVd0UWpyc3prZmtuYml0Z0FpWVpMRmlJRzZ1WFRHcmhlaGR3Q1pPaTBESzFsRXpibWFpWUZqZjZ5LXprTXJRQzhTRzJJVF9qX2VsQzVDSmFmQdIBlAFBVV95cUxOdGxNQW80a2JTOUtNY3BYeWQxM181Q1BQcmxfckVkRHRhdUNoQU5ZNTBzZ0pOSlc0YlVZWGw0bTh1T3MwY1UxbmJwRnlRZk5xUkd2UDZtbF9vMENCRl9nNWNNem9qcXdLblJPZjhEdUxJR1Z1LUVkQy1yM0R2RHRWTXluc0prR1hTeThmd1JxYTYwYTUz?oc=5,
rss_google_news,"Thu, 10 Oc",New England Revolution: What we learned in 2024 & what comes next - MLSsoccer.com. New England Revolution: What we learned in 2024 & what comes next  MLSsoccer.com,https://news.google.com/rss/articles/CBMilwFBVV95cUxQQ1NnME1VRnc3WU9yb2lpX1E0TnE2a3ZabEVpQkFUVUJ3RTVQNXV0Z01yNGE5eWZmMk9SWUJ6Nlg0REhPQlh1TkxlblBwS1VLT3A5QkdkTWFmQUw3Vkd5OVMzWWZ6S0FyZEdDOVdwY2kyNVdZdlBmeThBclJsQ1ExcW9xWExYZHhaak1oQ2p5bGQ1bzdkMm9B?oc=5,
rss_google_news,"Wed, 22 Ap","Atlanta 1-2 New England (Apr 22, 2026) Game Analysis - ESPN. Atlanta 1-2 New England (Apr 22, 2026) Game Analysis  ESPN",https://news.google.com/rss/articles/CBMiX0FVX3lxTE9iel81blNmUk93cXJSS1JDbHZKSE5vWXJRUGhvODJ4WWl0a3FtUEpHbDUyZUZHSnBTSkcwS1ZGNmNLTmdMYXZaUVBEYTNuTXV1WER4bXp5X0NQc1ZVS3pn?oc=5,
rss_google_news,"Mon, 22 De",ISO New England statement on Department of the Interior offshore wind announcement - ISO Newswire. ISO New England statement on Department of the Interior offshore wind announcement  ISO Newswire,https://news.google.com/rss/articles/CBMiugFBVV95cUxNNG5NVW1NQnJXdTlIVzhjbFJkeGREQmR6R2VTRm1mbHhoWjVlR3FqVDBUQ3JnR1I1R2tmam16REU1Z2VYamJyNTF3M3BjTXJ1bU5rWkFpNnJfQ3g4YlAtRkViR19wNDRjZkkyWk5qMkJVU2pwSXhxTHRPVkhkV2VzV3FYQUNQcXp1ZnRKODRnRUl0eVp2M2pFQ3cwVFJOTzI5aE5KRWNaNDIxQlNpMHdCbUtfR0haaDlLZFE?oc=5,
rss_google_news,"Tue, 07 Ap",Rapid Review: Nashville SC holds Club América scoreless in first leg of Concacaf Champions Cup quarterfinal - Nashville SC. Rapid Review: Nashville SC holds Club América scoreless in first leg of Concacaf Champions Cup quarterfinal  Nashville SC,https://news.google.com/rss/articles/CBMikAFBVV95cUxONnpWbmJQVTVMaXJUODFxS3RDMXlNdGFYTDM1MWFZVERHcHh3RnJKOWpZTnRIVFlIY3FTRktEeVFNUXd5Q3hTY2NxalFROTJsLVRqcFZsRmRRR2hTUldVOUtSVmg3WnNGTW1sVV9mSnFnT3RIclk0WDd3ZmdKa0tKMWxLbTJiRXBoLXN3eHpMbDI?oc=5,
rss_google_news,"Thu, 22 Ap",Independent Review Panel denies Revs' appeal of red card issued to DeJuan Jones - revolutionsoccer.net. Independent Review Panel denies Revs' appeal of red card issued to DeJuan Jones  revolutionsoccer.net,https://news.google.com/rss/articles/CBMirwFBVV95cUxNYmVGVlhOTVFXeXAyUG9RR05EOTdkYUQyWHRacTJtcjdUNzhwZDJoUmJmaTYtdlJNNXl0YnpZS2RLcEtwX2JPLVlhTFRXNE4wOXMxdlNfcU10aTkwb0cyTWlLN1NPMjlDYzJHcXpPNE1jZWRXRm00eUNqeF96UTZCY0NuUVg0SGJzLUZhSFZ1WWdiX0tWbDNLQWxteFZVdUhCNm1OMDZ4MU1hbjFiTjl3?oc=5,
rss_google_news,"Mon, 13 No",Mass. legislators to review plans for new soccer stadium in Everett for New England Revolution - Boston 25 News. Mass. legislators to review plans for new soccer stadium in Everett for New England Revolution  Boston 25 News,https://news.google.com/rss/articles/CBMi3AFBVV95cUxNR2hHMlhaeFpfbGYtVU96dVpoMFdVeVl2WHluUldYRUxMR25NLTdHUHMzQUFNOTdxR2RzRDFRbmh4VzFQeEtqd2k0REZ6Rl92aEt4YmpYcmhFek1ER0k0VUdOMkxPYTg5cUcwel9UMWtKdkJTaFptbTNVeEg0RGVISS1vNW1FaFJ2RGNMSTU3aGFFQXRyc2dnQmt3ejNDT1ZRYkZPcGh6SFpCd0xhVHdiRDQ1Tl9iTS1LVC1IMEZpZU81V0NNOExCOTlqX0JrTUdiVzc2emt6ZENLVTds0gHwAUFVX3lxTE91YjJseFhFdmVuajVnYUVSdWhfbTNJZGhQN2Utcm9WVUc3ZlpwcHlaTzVUSldyRTVmemtScDNuVjN4Z0RPT1pqbWtzVnVPazVaWGtoby1vUHBkOEhLZnhBWHdmWFZRaWpGTkhaVXBNd2tMOWNIZW8zdHprMS1rM1lFeFd1NlBmMHVMNF9VcExvYUxpNWtndnpPc0NuYUpaOFNFeGZQOFBHeTlJNWdpZVBlR05BUnJGT0Fhb1JwdFVhalhReGNtTEhJVjlCUzM2NUhTeVFVejVhRFJBTGNQbVVERlp2RkZ0eE5Qc3htQkRVNA?oc=5,
rss_google_news,"Mon, 18 Ma","Rapid Review: Nashville SC bests LAFC in five-goal thriller, jumps into first in Supporters’ Shield standings - Nashville SC. Rapid Review: Nashville SC bests LAFC in five-goal thriller, jumps into first in Supporters’ Shield standings  Nashville SC",https://news.google.com/rss/articles/CBMilgFBVV95cUxNUnM0Q3dydnkya1B0ekZKY2pCZjFtTElPTjY0WWhWT2ZVWUtUWkdCZFBvT3Y2SEEza2dJNmhQWWdfTUgzX3FSbUN3TjdHMWhQWDRIYXpjcnctUWpWeWZNVFdsbUhOM1VoakRybkJfY2FkYUtnOTlxYmpKc0xuU0dJbTVDM2loa1dxenpwUmZsMDBxa0lNbmc?oc=5,
rss_google_news,"Sat, 01 Ma",Atlanta United falls 2-1 to New England Revolution - Atlanta United FC. Atlanta United falls 2-1 to New England Revolution  Atlanta United FC,https://news.google.com/rss/articles/CBMigAFBVV95cUxQWmt1djFGVXBUbFRqVTY3em52ckc5SXZaWlRBNTFFVW9Ba3hyWjJSWDVaekRpVnpIZ25vN2FaUGNpelM2Umd3X3FhOWpxUGF3YU9oTmJzTU5IdWdLaXdFcDF1anVfNFBtUTE1b0pXYjcwSEo1RjJuM1RPU01aY2VHRw?oc=5,
rss_google_news,"Sat, 14 Ma","Rapid Review: Nashville SC continues unbeaten start, secures late 1-0 on the road against Columbus Crew - Nashville SC. Rapid Review: Nashville SC continues unbeaten start, secures late 1-0 on the road against Columbus Crew  Nashville SC",https://news.google.com/rss/articles/CBMiqgFBVV95cUxOUTlEVXZtWDVGTHg1MlFGOWdVdkgweGYyd2ItaGc3UXE0NEpONHVoZ2haWEh2MkZNaGRSdDFCeldoMkYtUXBVNEtCdWhLOEVBZ1BlRHMxb2phWkFQU3piVDZURGI2SzgyT3FDOE85bUpjVXJvalJjcGloSUFLd3QzNTRZNlVpWi1USzVha3ZIdE0zLWxVa2E1a29Qc3d6QWt5S1ZvREdmeUN1UQ?oc=5,
rss_google_news,"Thu, 02 Ap",Revolution Wind begins to deliver power to New England grid - The Brown Daily Herald. Revolution Wind begins to deliver power to New England grid  The Brown Daily Herald,https://news.google.com/rss/articles/CBMirAFBVV95cUxOY3JsSm9HcHpwaHQ0Z3U3YXZQU056WUpKZDdrU3JaUU1jUlY1aHJoZ3kzZzhYTlp6QndwajBGR1Fjbzd6UlQ2alJWNjdoTlktWWJzNHFTeFhOYTRtdllTai11X1ZFb1ozNlByc0VpdXc0YXl6Z0E0R3YwUmhWQTZRMFp0Z0lxbThhb1NuMWxjWEZoVTVhcDhfMWdBNEpFLTFhV1hZNUkzdjRLRzkz?oc=5,
rss_google_news,"Sat, 10 Ja",Soccer Stadium Bordering Boston Moves Closer to Construction - Engineering News-Record | ENR. Soccer Stadium Bordering Boston Moves Closer to Construction  Engineering News-Record | ENR,https://news.google.com/rss/articles/CBMimwFBVV95cUxQdVlHTXBVMXFiTXNJODJOWTdxaGt5V1BHODZUbUdNS1lIZ09hY20ydWZkbFpQaHd1UHN3b1A4cWI5OUJ0NGJLVlMyOEk2V2NiMDFQYzZPM3RMX3VJbjlDNW5MVEhxU2NJbmNrWTVndVVheEk4OGxaSWZxb2dMbl9zR1ViZGxBVDUzdjdzcG1xWE41T0tQVHZsSXJ5Zw?oc=5,
rss_google_news,"Tue, 30 No",2010 in Review: Best & worst - revolutionsoccer.net. 2010 in Review: Best & worst  revolutionsoccer.net,https://news.google.com/rss/articles/CBMibEFVX3lxTFB4elNUbTdubDNBNzFNXzgtYlJYb1daZGtzTllGSU41RU1oNkJ1VnhfNHlZVy1NcEt5OGVHbl9JblZBTEdNM2x2ZDNtZk1QNjY3akdLZnpWb2g0TFJwOHlsMm5KVnhoODRJZ0VxUA?oc=5,
rss_google_news,"Fri, 11 De",Season in Review: Jamiro Monteiro - Philadelphia Union. Season in Review: Jamiro Monteiro  Philadelphia Union,https://news.google.com/rss/articles/CBMid0FVX3lxTE9SRkoyR3F3Y09oUjRpRlBwak1hS1ZreWRVWTFFT1JWYmZCUWdBQTV2MEx6ZHVKenp1dXlicVBCd1JsR2JCVTNlM1F3VXhidmMxZzJnWV93UGpSWDhxaTlhMFlsN2JyWnlNYnd5M001ZEJHaFlsMlRF?oc=5,
rss_google_news,"Fri, 16 Fe",ATL United ranks top 10 cheapest MLS team to be a fan of - Valdosta Today. ATL United ranks top 10 cheapest MLS team to be a fan of  Valdosta Today,https://news.google.com/rss/articles/CBMinwFBVV95cUxPbWxaLXhMelcxMldBMUtaVkZ1YVc3ZzdlcHFSdXRORWZweW9vbU5yRlMwNlNIUXhLWjQ4a3lsN2w2OS1reUMxRGl1X0ZWb2JwSXcxcWpITFR4MEZYbVY2U1dPbElxaWVUTlJpb3puM2kyT3Fsc1FqdjhJRGNrUWFCQnZUTmtkeWExNXZ3ZDZHRnpRNXNKLWM0eDR5bWNrMGM?oc=5,
rss_google_news,"Wed, 26 Ju",Midseason review: The stats that stand out - MLSNEXTPro.com. Midseason review: The stats that stand out  MLSNEXTPro.com,https://news.google.com/rss/articles/CBMijwFBVV95cUxQeDREeFNoRlBfUnVJSHJZajRnNFJVN0l0cktXckNsNlpUTmhxUUU5QXp3NlR1R0l0TWh4UzlOMEc0Q3lfSWJFWTFzUHNNN2VWbnNmYXRCV0JDUDk3REl1d0RLZEUyVldlODczNEh5T1kteVUzYThtQmhmTTRfN1hMTjhnV1M4ajZNQ1R6MXp6TQ?oc=5,
rss_google_news,"Tue, 04 Ju",New England Revolution - Most expensive departures - Transfermarkt. New England Revolution - Most expensive departures  Transfermarkt,https://news.google.com/rss/articles/CBMihAFBVV95cUxQYzZLYmwtSmFqLXFKOEplXy1PVHg3STh4Nml4UzBHOHFoTU9CdGU4cDFLM05HSXJiMEVSbnhHSW5xT0NZT3lfQVhPNTFKUG9OcUZRWnFvSTRMUWtCRnZvN3U2M0F2MG5WaXFwMUp6VUM1UktBWDgzOXJLUEFDQ29QNjltZFM?oc=5,
rss_google_news,"Sun, 18 Ma","Potential-laden Revolution meeting with Bruce Arena, Earthquakes reduced to more video review bickering - The Boston Globe. Potential-laden Revolution meeting with Bruce Arena, Earthquakes reduced to more video review bickering  The Boston Globe",https://news.google.com/rss/articles/CBMiiAFBVV95cUxOVkV0VDNiY3g1XzJHeU9OWW1ZNEFrSmxXeHR4aU85Q3JfUW84MGZKTFhXWDlGRjBZc2t3ZlJxVHhjeXpBNWpXQldUY1FadHhKNFFFaDdmTER1TU03UXpVUG5fckt6SktlT1FCS282bG1McktiRDVZZWVSRlhXblZEZXhVaDVrVVNL?oc=5,
rss_google_news,"Mon, 16 Ma",Who Bankrolled the American Revolution? - The New Yorker. Who Bankrolled the American Revolution?  The New Yorker,https://news.google.com/rss/articles/CBMioAFBVV95cUxOSGtJMkJXSGo1N1FIRU5GQVJDZC1YQmVnNWZnYUFXcXh1eXZJV251S0RQajNmcUY5aWs1bjdrWUoxRGdIaTVnOWdLVkcyemdGN21XVGxUSW9XWXpCc2dzaUhTd1B6R3M4bGJHMERvYVRmSkJIZ19zRlVqWTktNFBvV3NqeWdtRXN6RmxRYVFUaloybXVJZnRSR0kwSHdtZzZl?oc=5,
rss_google_news,"Wed, 07 Ma",2025 US Open Cup Round 4 Review: One lower division remains as MLS dominates Round of 32 - TheCup.us. 2025 US Open Cup Round 4 Review: One lower division remains as MLS dominates Round of 32  TheCup.us,https://news.google.com/rss/articles/CBMiqAFBVV95cUxQMUtUUXcyT0ozTjNkaW42X1A0cFpTWEhab3pCR3lzT1Q2YjZGaFh5QW1uc1VKMktrS2xUQnBGRkJzMUtBaFRJVHFHUHVsNEpjUnowQVYzQ1NWY1R5aUxETmZKU0haaWYwNTA4YTY0N0FQNC1JRDZ2S0ZodEhGVHUzMi1mUVhJcnVRbF9mTkNsTEpzSmJzcW5mSnRldFUwekdMZlZDMXE5VlY?oc=5,
rss_google_news,"Wed, 11 Se",Independent Review Panel rescinds Delamea suspension - revolutionsoccer.net. Independent Review Panel rescinds Delamea suspension  revolutionsoccer.net,https://news.google.com/rss/articles/CBMilAFBVV95cUxNUHhRUXBRSjJTNGtNNzZXRVpwM3VMbkRYMjZDb3BWY3l5dUlpOThDbXEtYks0R242aEVmNUYzemhNbFVmTUFiOVZ4OWEyekpyV2JEWEhnN1FWd1I0WVN2QTlXM3dZejJZdkNaSkh1ZllwSWpkYzQxSG9CVUlaNlZGY0Q3dGJpUTBYUHBPeDRhN3VsOHFj?oc=5,
rss_google_news,"Sat, 08 No",Chicago Fire FC Year-in-Review: Things Looking Up (Finally) - prostinternational.com. Chicago Fire FC Year-in-Review: Things Looking Up (Finally)  prostinternational.com,https://news.google.com/rss/articles/CBMioAFBVV95cUxPbTFQRUl4dVYzbmxRRmEwTm1MZFZYcjNiaDRmTWdyak1WdWdIMnZaY3RsSUFhWjg3MFlVR3kxeTlDenliNWdYTjZheGFZbVdaQkZwZ3ZPanN0b1QyRkt1ZkRBVml2UGV3SEc0QjFKNWhFLW5jaTlsZTlJbkF3eFdBQi14dUpMS2FTZE1qN211ZnFyakdBd2NGclpTUVZsMzJB0gGmAUFVX3lxTFBmbkpFVnp6VWkxd0tqVkFJS191RmNjTEdTN2liMHBpWTZMU1lPdjVjMVpxdUJWZ19JdVNQTG5zLUZ1MjBCOTJRdElGYWNjRGFBcFl3a0oyUW9fZnVUYkdJdHlzdU1PU25MMHpDOHVCMHRaMTJmYmN6NG5qdUFyNXdLcmliLXRXcWFqbHVPTGJsVDhkR3ZpTC1COXp1TW1OeTM1SmV0LUE?oc=5,
rss_google_news,"Fri, 09 De",2022 in Review | Alex Monis leaves his mark in the season's final minutes - chicagofirefc.com. 2022 in Review | Alex Monis leaves his mark in the season's final minutes  chicagofirefc.com,https://news.google.com/rss/articles/CBMiqgFBVV95cUxOcmhfbUNkX21mazRhbXJWV1FHSVF1REZkRkRjRk5WRHBPWVJLUlRHZ2JOLXlKRS0wVmFxU1ZMaGdWeEZRTnhSZEtpN29MWVIxdVE4N3gtZUZac2V1akdWZU1zOFRKanQzQ3lvby1haUNXQnZZYVZhRU9Rb1kyZHp0SkhQcEtlOEl6LTBzdHVGWUN0MEdHSERHTGw4SW9sZFhpTV9WT3hYSWxvQQ?oc=5,
rss_google_news,"Wed, 21 Fe",MLS Fanonomics: Here's the price of passion for the 2024 MLS season - NBC Los Angeles. MLS Fanonomics: Here's the price of passion for the 2024 MLS season  NBC Los Angeles,https://news.google.com/rss/articles/CBMitwFBVV95cUxNX3M3WjdZU2VPWF80Qm1GbHJsaWItRFNPUkQ4eGoycUdQSVBGQU10OGxDUkpySTBnYklmSUpGYTFTaXFJN29UcXdBbHpPaWdmUFM0WGFrOGxteTZLV1REa1FkSFlfTGx5eUNxSnhMdTVOWS0xaVpGTWlFSlFlSUVfRTdzQzR5anBHUzk3S1N6TGJDazQwOEg5VTExZks3WHJZYnoxLVZuaTVPWEZTMS1CM2RKOGJ0eDDSAb8BQVVfeXFMTzF4Q3JjQkpiWTdwenNVWm5aNDNnYnRMNXEwLW1QTWF4eWlkbkhGTkVnVnQ1NnZPb3NCa0dFS3d4OWZ6UWQxUWZueEF3NlY2bVlYMmRNUDVCY2J2ck5Da3ZNSXNGcDlCcEVnaktQNmdpeWVrTk9ScWtZbnhyM0xTQzctdUVLSldIVGpxamZrNXlIeDF5Y041MVhtOGxYT3JjbTNfZl95eC1Jd2gwTEg5dkxBR29zYXZEMlktYW1vM0U?oc=5,
rss_google_news,"Tue, 25 No",The Playwright Who Sparked the English Renaissance? Hint: Not Shakespeare. - The New York Times. The Playwright Who Sparked the English Renaissance? Hint: Not Shakespeare.  The New York Times,https://news.google.com/rss/articles/CBMikgFBVV95cUxPajVTOXdFX1Bmb0MxRXk5TU12SHdvcm5YLVI0WXRpSFZYSVA1QWIzWURwTExoS3FXR0pwXzJ5Y0ZLZ0V1MkZuWmdoZW8xUVlBcjAtZmZmaHFqSDNKZEhXaHJqU0N3eVpYbzFfM2J2WmJfSkZKcDZLZHFQQTdFb1F1cmtralRsUVZubVhFZEpKMFJmQQ?oc=5,
rss_google_news,"Thu, 30 Oc",‘Liberation’ Review: A Tony-Worthy Ensemble Plotting Revolution - The New York Times. ‘Liberation’ Review: A Tony-Worthy Ensemble Plotting Revolution  The New York Times,https://news.google.com/rss/articles/CBMijAFBVV95cUxPMVNwckYwNFE0UE82eFlLZktOeFNxTlgtcmdORkYxTjFjNENCVHFhUXVjcmIyLU5wcWxIWUtUUGlNOEI0c2xZZWR2ZEJ4SEVUSkp3OXVoYWM5NEdfd1ctdWFHS2kzaFN3MXNzaUFKaV83ZmU3dWdOUy12eU4zX0JVWUNrYjVuRjZwMUZQbQ?oc=5,
rss_google_news,"Wed, 03 De","Tickets scarce, costly for Messi, Inter Miami vs. Vancouver in MLS Cup Final - Miami Herald. Tickets scarce, costly for Messi, Inter Miami vs. Vancouver in MLS Cup Final  Miami Herald",https://news.google.com/rss/articles/CBMifEFVX3lxTE1oT1JybDFDT2wzM3FHczcxYVo2b1Jpb1llVGt3NnVUdjBYYXhXNVpIcWpyMTNBeEdyUnBRRGRCN2RyeDNGYlFuXzhLTXJxVXNMbFFQRHJZOWZHM2didFR0U3pQYlh2NTZvZFhpWGVieHJqVjFscTFaWE1wdU7SAXxBVV95cUxONElSbGpIUC1YLXdVVnNEUkpQYWRQZk9adnlGd3NjSVhUbmx5WkZKV3dWeG9GeXZ3NHNuZkZSakh1bFFESmQzYWxmQVppREczUzRCRE9jOUlvTlZaeHBaUS1FMnlzc1BWV3VxWUhTc2FvY0dHT0pqaHFNSG1m?oc=5,
rss_google_news,"Wed, 10 Se",Revolution from North to South - Monthly Review. Revolution from North to South  Monthly Review,https://news.google.com/rss/articles/CBMidEFVX3lxTFBTY0JaTmZYdndMV2JDU2tjOFJHaHVKSE9KRUZ0WWVMOWR4ME1Td21fZ1VFcmNRcGZjZ056NGVEYzFNRG5qTm1ONEg2UHg4a3FmRWlTbHdTRzF6YWp4RERPdy0xTTdRZk91OXhxMjBkRFdfVllp?oc=5,
rss_google_news,"Sat, 28 Oc","Inter Miami CF vs New England - live score, predicted lineups and H2H stats - FotMob. Inter Miami CF vs New England - live score, predicted lineups and H2H stats  FotMob",https://news.google.com/rss/articles/CBMihwFBVV95cUxQRDJjRGs4b011VkdxM2txejdDWkt5UzdQa1pjclN6Ul9BeUcxN0owNjhjWVVJMlNzM1IzaXd2QXNLemlCNGdEQjh4a2VuS25DdjB3QkVpbTFLWHFMTXBvNk5nTWV1SE5UWHVTS3o0YkhrYkI5QVhNQjRUNVU3Z2N6YWQ3aEFUQkE?oc=5,
rss_google_news,"Mon, 25 Ma",You Say You Want a Revolution. Do You Know What You Mean by That? - The New Yorker. You Say You Want a Revolution. Do You Know What You Mean by That?  The New Yorker,https://news.google.com/rss/articles/CBMiswFBVV95cUxPS19scFo2OVphNE5xM0k2aC1zZ0xBX0U1TURRcmRMN2lLdGhONTJSYWp1Q2VudkRVcHlDNTNHS2xsMHlNWE5lSEJ1c0FBQVV1UmVoWE5aWVJEQnI5OER4TVVPNXVyd2RNUXRKZEo3eTBCdGpIdmVHN3JoeHJUUjhma3pWSFUwaTFfcUZNV3V6UVBoeGs4RkZCOEpmaDlzb19Zc0ZTWThoeGNmWnlRUEdybnVCaw?oc=5,
rss_google_news,"Thu, 21 Au",The Contradictory Revolution | David S. Reynolds - The New York Review of Books. The Contradictory Revolution | David S. Reynolds  The New York Review of Books,https://news.google.com/rss/articles/CBMiowFBVV95cUxQa2VJdGxYZ0RSNEpteGxaVjJUTzBTMTNHbkkyZWtDWDVBOEIwNjF1TmNsVkppcndGRExlVkRXOUs4a05hektEQkllT2U1bGRiTWJfSktsNDEycS1Ya0Z6ek5aVjcwLUtma2pBVm9zdGY0N2JPQVpkNGZ4ajVxNlp6NVJYcl9kc3VBeVhuS3ZpWE0zTEF5aWxDcTE3YnpnY3Fvc1JF?oc=5,
rss_google_news,"Sun, 10 Au",Premier League season tickets assessed: Most expensive? Cheapest? Do price rises affect transfer spend? - The New York Times. Premier League season tickets assessed: Most expensive? Cheapest? Do price rises affect transfer spend?  The New York Times,https://news.google.com/rss/articles/CBMimwFBVV95cUxOR2xzWnFveGp6dkkwdEVtVFBBeXR0S0xPYXZEVExOQjUxdWFaTVhtTS1kZXUwamxLTmJNUmFwUmZ5OU8wZGhldjRvR0hSRW5KU2pnWjl0Z0FOdnIteTJXNHZSVHhpVElrY1JKdjRUcVpELVhBUDhSajdXWjJKQUZBWDV1S3g1ajd2UWFHYmxjc3ZwQUNxVFVfRXktQQ?oc=5,
rss_google_news,"Mon, 17 Ap",What Happens When You Kill Your King - The New Yorker. What Happens When You Kill Your King  The New Yorker,https://news.google.com/rss/articles/CBMilgFBVV95cUxQVlpDanpGWHhuQUtROTZDMFZBQ3pwYmJ6bDNLREF4cVFXUk5yQ3ZGOWxCakhGNXFFbUFzRjdGbXJsQmRRWmU2MVp6amh0aHRSLW5qbUFLeFFvY0Zmb3dDOFNjMWZuOW1qWGZxeHJjREh3VXFTaXc1TUJsT2YzbldmSUFfVGhLZzBzbTduVkE5czFIdkVHR2c?oc=5,
rss_google_news,"Tue, 07 Ju",Record deal confirmed - Adam Buksa joins RC Lens from New England Revolution - Transfermarkt. Record deal confirmed - Adam Buksa joins RC Lens from New England Revolution  Transfermarkt,https://news.google.com/rss/articles/CBMivgFBVV95cUxPc0tWZldhb1FlcFJBV2Vudm0zbTQ0ZUF3MExxdHVrdVpQbUNQY2pRejZaYnBrYTIzV09DNllVeDZWWGFpTFhNaUxoR3lmWFFyaE9pTE43YWVUM3NVM1FEMGlFTTM1TUctNW5peTBNdWo1LUFsQWlGVThpYkhTZTdzMUFySHpZSm1JRHU0S0REZ2pjVWVGRjU4WWd0NlZjZFVWUUc4NlVtU25pWkNMOEk2TjlNSWJ2ajFmZXFzbG9n?oc=5,
rss_google_news,"Thu, 27 Fe",FOOD REVIEW: Swenson’s at Lower.com Field - Massive Report. FOOD REVIEW: Swenson’s at Lower.com Field  Massive Report,https://news.google.com/rss/articles/CBMihAFBVV95cUxPSXFUNE1sZTUybVVJT3NkdkxJYlp3cVpZQS1udmRGMDgxQ29Ybi0xRG1iRVVjM1FKZGlJVnFvYzl6N3NmcVQyUWxJREV1Y3lVMTMtRmZ3R2JlaWF6Zk15Q0xXZjVrOGdEU0UzX2Nhc2U0aHZtWk1nNF80eDBxOWhOSzFTc2I?oc=5,
rss_google_news,"Wed, 11 De",The 10 Most Expensive Players to Leave MLS for Europe - Sports Illustrated. The 10 Most Expensive Players to Leave MLS for Europe  Sports Illustrated,https://news.google.com/rss/articles/CBMihgFBVV95cUxQSjdkSzNKWXVNNjN3Zy1wNFAtT2xwQmxPUlFiYmQzeFRULUpMcHVaMG1JdGFuVFJudVVfT3FTbm9vdHFEdldId3NoOFYzQWZ5Rmk1emNHLUJVeGRaUEVsNGlaLUtVWDVINnlFNTBxbm9aUHhQT1ZsMXdDUGJzLVRBZ3FicldNQQ?oc=5,
rss_google_news,"Wed, 19 Ju",10 most expensive MLS transfers of all time - 90min.com. 10 most expensive MLS transfers of all time  90min.com,https://news.google.com/rss/articles/CBMie0FVX3lxTE9Nc09qSlAtYmVFWXctS0djcmV2TTRwaUNXblV1NGxLVDlZTGttWlV2VFNiaG1lbjFZYmdSbnpFT0U0LTFTaElpV3UyeVNvMmR2UVRVUzlDaF8yaXllUWU2enhBbkZ2c0lxZ1VPT21CZTNqMVFuSmo5R0cxZw?oc=5,
rss_google_news,"Sun, 21 Ma",Treatment of Chronic Lymphocytic Leukemia - The New England Journal of Medicine. Treatment of Chronic Lymphocytic Leukemia  The New England Journal of Medicine,https://news.google.com/rss/articles/CBMiX0FVX3lxTFBJSmJIaUVjUW9SOVVNQ2swWFlhSG8wcHd2SjZjdEc0dkdqUFlBVkphN0oxY0hJck5LcGVFcHl5M0pESFhGWVhBcU9PdVE4N2JpekIyMFd1NVpXQ19WOWZJ?oc=5,
rss_google_news,"Sat, 12 Au",MLS video review gives Kaka red card for joking incident with Aurelien Collin - ABC7 New York. MLS video review gives Kaka red card for joking incident with Aurelien Collin  ABC7 New York,https://news.google.com/rss/articles/CBMirwFBVV95cUxQMUt6NHNydjgtczdJSjdCc2I3VDNSVWk2Q3V0TVlmZE9GUFY2Vk0wTl9KZzhyOU4xUWRZVTBsU2hMY2dDanhDaDZlVldKSHhJamZDSkRQZ292bTB4OFd3VmRoSTdZN0JTV1RYQnhCTnRBMUpBd1dyUFNOY09PUUpkVVdsUk9jSjJxYU4zSTRGU1p3M29IcG9SemZQS2ZHY2JwSFM3cWFvMEVfT2VDclBv?oc=5,
rss_google_news,"Sun, 08 Fe",How much does a Super Bowl 2026 ticket cost? See the cheapest and most expensive prices - CBS News. How much does a Super Bowl 2026 ticket cost? See the cheapest and most expensive prices  CBS News,https://news.google.com/rss/articles/CBMib0FVX3lxTFBBdW1zVlZibTlLdTNKLURVbmtpZG5PTmxrOXJuNk5teWhCNHRoRzZEWExXOEtTVUhjblh3NUpJR25RalV0X0NmQmdEZFZRblpBcDBacW1XTW9DaE52MG1LRHRmMDdzSXB3V1R3cFlYUdIBdEFVX3lxTE16RzBLaDhEbkotYWF0ZmNIWVlVMnB2c3NEeHZnTFFPLU1McDJMYWo3cFc1ZE1BYzZXTlBCVzhfUDEyTkE2X3VWWmF6US1jeGptSjdUOVE5OFJoYlRjZGZpWlVYb3VBMmVPMUFxZVpyM3h6UnVl?oc=5,
rss_google_news,"Tue, 25 Oc",Almada wins newcomer award - Atlanta star most expensive player in MLS history - Transfermarkt. Almada wins newcomer award - Atlanta star most expensive player in MLS history  Transfermarkt,https://news.google.com/rss/articles/CBMiwAFBVV95cUxOZWxSalp5VVgxVlBYY0Z4U3cyRlhUcFE2RXQzSUlHRnZHZFFHNjlUeVRGUkJDNGtZVjJ0Rlh5bHBhTDdsdXRCQ0VKbnI1STYwS0NrcC1nS3R6TzYwNzhFNEFERnVsZE1mcTMtN0tSd1pDNGhKUzJ6dGk1MmMwUTBqNktad0ZTdFA0cjhjdGR0b0E5a0FuR1RCeGctYzFUbEN5N1RpQUk1czV5VXY3cm1OV2c5eEhBd1MwOWw2TTJ6ZDQ?oc=5,
rss_google_news,"Mon, 27 Se","MLS review: LA Galaxy desperate to hold on to play-off spot, while Nani slips up for Orlando - planetsport.com. MLS review: LA Galaxy desperate to hold on to play-off spot, while Nani slips up for Orlando  planetsport.com",https://news.google.com/rss/articles/CBMisAFBVV95cUxNLU9YeFRENG9LQ2Y1UC1DLWo0RUdRX3NuZ0xMNzhNRmRXYWJBbURzbWo3YUQteEIybzBIVTctZFdxaUlLQ1haeFlnakYzVU5McXpqd0MtdHBlVnNoeUFIdlVDWmRWc3RST2gtVS1yb0I0QTAzN1Nrdm8zYVhnbzIxV0ZHdmYyeGhMQnFZemlsZzR2eVBQdVExcmpJOFJQY240LXJNNzlRaThJTm9oLUFseQ?oc=5,
rss_google_news,"Wed, 24 Se",Cut in half: Nike Revolution 8 Review (2025) - RunRepeat. Cut in half: Nike Revolution 8 Review (2025)  RunRepeat,https://news.google.com/rss/articles/CBMiUEFVX3lxTE9FQ1JwVjhWbWpfX3Eza212eXdSMVpxUU83YnlxdkVlbnV4NVAtMUJHM3Z3Q2szZEdjdVRyS1p2QU4teGNQMEZZbTdfaXdaMHZB?oc=5,
rss_google_news,"Wed, 03 Ja",What are the top 10 most expensive transfers in MLS history? - Diario AS. What are the top 10 most expensive transfers in MLS history?  Diario AS,https://news.google.com/rss/articles/CBMikwFBVV95cUxQNzk1SVI4a29DX2IwbFBGX1J2ZnIyZGhFeUVVekMxVXl3NEhuUXFOTkNrRXpvZWJhdl9DTV83SGtOTEtyY2RCUWRFaTlUTkFKbV9qS3NFSkhrZ1NpSjVMQ2ZxVkNoYkpUS2N0bGRfM2ZmNTdROEx6X2pndnZkNHBjZ2pVcFhZc1EzY3Y5NllHNzNXLXfSAacBQVVfeXFMTzBVcWpiVWhkaW95YkI1ajRZbk1vSGRuTURIQm45WmNmeWkwQ29TZXYwNVE4cnpLUHNkcndEdVJ5WS1QZmtGbzYzcGdnV2hZcVZnSjJDUHBBdFBicGl0VDlHQ3RNWFRsQm5jZ05rYkcyNEpTdUpUbThReENLUVBzeUNCTjVFYnA0TUFFd090dGlhdG9FX01wb1hzQ0dKdmNXNTdYUVVUNDg?oc=5,
rss_google_news,"Wed, 04 Oc","2018 US Open Cup qualifying Round 1 review: Christos FC, La Maquina, former champs among 52 to advance - TheCup.us. 2018 US Open Cup qualifying Round 1 review: Christos FC, La Maquina, former champs among 52 to advance  TheCup.us",https://news.google.com/rss/articles/CBMiyAFBVV95cUxQbTQwQkJfVncwNGZQbDdlOERBV2Q0V0NMM2FfOVIxaW1xUmpLZkpCbzZUNzdXWVp4V3lIRTdEVzBSQjZGMEZ3X21GNDlnVmxKOEh6UnI5anp6S3BKd1dmY3pyT1huSkVraXpyTW9vQ3VObXp3dGNQcnhBbFMyOFlCUHpLY2ttNDRuaXN3OVk0dm9XR1FaeGlTRDRDX2lxMEtUTlhwa0x5bXRYajRfdThQMVpMVUwwN1pIdlh4SnFjNjE4cV9tc3dqaA?oc=5,
rss_google_news,"Thu, 03 Oc",50 Most Expensive Cars in the World - Motor1.com. 50 Most Expensive Cars in the World  Motor1.com,https://news.google.com/rss/articles/CBMid0FVX3lxTE9nd29rZmNTRFBwUHg2Q3hxcDFpeS1QOUFyMjU3cXl5V25iSUZRLTJhOE1qc2VBN2ZJRmxrWERkaFNzRkh0cGd1cmJpdUJFSnJUemZ2UzdJdWFHdTQwdW1YTllTeDBIazZWV2FZVXMzVzE4Z3Y3Q1pF?oc=5,
rss_google_news,"Wed, 19 Ju",Offshore wind energy will come at a high cost to Northeast taxpayers - Bergen Record. Offshore wind energy will come at a high cost to Northeast taxpayers  Bergen Record,https://news.google.com/rss/articles/CBMisAFBVV95cUxNUGpRN3JVeFc5RFFBcFZ0T0ZXbU96Y2JVdl9nVXV2aWhCUWw3TU4zcnJuSjE2a244emtLek1PZUlsX3U1QjJ5TEM2ZmZXM3NYc3I3UEhDMGE3ZTVUaWJzMHlKMUVEd2RiQl80cjBVYlVxZXY2VDlENlBPSjJFcXNteHFyR3FnaFN1dC1sQ1JqdHd3ZHpleXByTnVTR0lTbGtEQVpLWl9zT09MYU9kNzBYRw?oc=5,
rss_google_news,"Thu, 30 Ja",10 Most Expensive Sales in MLS History (Ranked) - GiveMeSport. 10 Most Expensive Sales in MLS History (Ranked)  GiveMeSport,https://news.google.com/rss/articles/CBMie0FVX3lxTE1nRTBWMi1SMzQyUzc4ZG9OY2ZSazl2cURmOU9JemJST2FSbkVOWmNrQmNWSWh1V1E1WEFfWkQ0MHZzeVVTMkxSbVI4QURvTDhVYzBLZjFaT0U0RDB4NGxpWWIxRms2ZDdtTXk5SlVjT2x0dXlWNmhjWU9oVQ?oc=5,
rss_google_news,"Thu, 02 Ma",Review: ‘Bull in a China Shop’ Finds a Revolution in One Woman (Published 2017) - The New York Times. Review: ‘Bull in a China Shop’ Finds a Revolution in One Woman (Published 2017)  The New York Times,https://news.google.com/rss/articles/CBMiqwFBVV95cUxOdnVDY1RMSmZCRnczQjdvSUxUblBlTVF0UmU5UGpVMWp0OVlXd2Q1SzMxclZERVBtVl9WQXBkbkphTVdqcTJuNDBFNV9CZEdWRlMwTDczQlVuMGl4OHFhSS1zSXV1TVVMRzFLb1RZaWFfZFB1LXlrSHNMOXFlMzAxYTZBcmpqWGoyM2J4RVM2RDh5bmlYdk5fVUlwbVVCQ3RnQURXdzQ5dm95MGM?oc=5,
rss_google_news,"Mon, 30 Oc","The War of Independence, Seen Through Six Sets of Eyes (Published 2017) - The New York Times. The War of Independence, Seen Through Six Sets of Eyes (Published 2017)  The New York Times",https://news.google.com/rss/articles/CBMiiwFBVV95cUxQel9mdkZ5Mmp3WEdpWXgtYUU4RTlhZEhYa0pmNmtvdUpNa3FPdHR4empmbTAyU2RpMGM1eWJzVG1LdWpXeUhGelNKd0UtQUdDNEprd0JnSFU4clNZYWFWdURCRTBwMXJHa251dnl6dXVEUU5vQ194eUNCZ2ZJdGdzN09TNF9WVmVfYTlr?oc=5,
rss_google_news,"Sat, 01 Ap",Outdoor Research Revolution Review - GearLab. Outdoor Research Revolution Review  GearLab,https://news.google.com/rss/articles/CBMikwFBVV95cUxPZnAxdTVIeW1aRE9vX3Bfa29ybG5KYnF2SjJrMDZqVGc0OEdCQmlBZ0ZhRHBISG5xalBDcy1rUDFnb21lTTJhaVJsYUhhMUdIaFZfbDN0S3pXSVFycng1T1Rha1RhVEZycVRxZUZiX2hreXU1R3VkdjhKSnBrUWo1TXZlMGgtNnJmSGdobW5sdVpTbEU?oc=5,
rss_google_news,"Fri, 27 Ma","‘Washington’s Revolution,’ by Robert Middlekauff (Published 2015) - The New York Times. ‘Washington’s Revolution,’ by Robert Middlekauff (Published 2015)  The New York Times",https://news.google.com/rss/articles/CBMingFBVV95cUxPSTgtNXNsRVdGSF9OUzNfaDNnLV90TG9RaGpPQ3JfRzh5Wk1pRDljVF9ESEh2bmJjLUxwZ2ZSQnVmNDdSTF9ReWxWNXB4OE1hRkpIOU9tWV9FVzc5czEyY0praklTalVRdDVKMkFHbXNQZ29hNXVPMUx4Qzl2dHYxdUhHblI2TFd2VlhBRUhCZGYwa3o2aW50QTZja0lmUQ?oc=5,
rss_google_news,"Sat, 19 Oc","Inter Miami vs. New England Revolution: Preview, Where to Watch and Betting Odds - Telecom Asia Sport. Inter Miami vs. New England Revolution: Preview, Where to Watch and Betting Odds  Telecom Asia Sport",https://news.google.com/rss/articles/CBMiswFBVV95cUxPbFJZbHBUQkJiSGhPeDhUNG4xLWR3MGxoQmpyNHVZLXY0anZyWUlZelVYOTlKdDR4V2dFMDk2RVkyV3ZjcFI1NGxjUV9mNmNLcm1Femh0a19JTTFEN2NjcWh4T0twUzdnbUNfUGwyLXlpUXRPRFRkTGpEdlpnWF9mQWlQaHlfaUFGTkgzaGliZTJuOHBXY0JuRGNXQ2tkRThnX1RwUjJMX0d2c1hhVHF0UzVpZw?oc=5,
rss_google_news,"Thu, 12 Ap",Human cost of Mao Zedong’s mistakes exposed in powerful novel - South China Morning Post. Human cost of Mao Zedong’s mistakes exposed in powerful novel  South China Morning Post,https://news.google.com/rss/articles/CBMiuwFBVV95cUxQVnVhR2R2bTNzVVZxUXl5U3dFOVFSQlMxcjFLZC02UXJCcFFUS1FJblFYX2ktOE9ZMzJ5dnVuWVctYmxyNVZFMVBfdVoxQkZCOEpWUlZYUGFqcmNLRWJLNWN6Z21rWTVQSXFJS09IVjJEcDFoOHEzR3VSUHM4dlpjU0s0N3pOYk1yeXBKd3IzQUdsZUlhWHBsWTlXSzJvVUdSYk5SVmtIUmRneTJiWWwwdElYMnFacGc1T2tV0gG7AUFVX3lxTE9WNTdxOGs0NHpNaVJpVEtXUGxtcXFSU3Q4TkE2UEw5OGJQRHFPQ3pGVXJkbnA0eHZPME9wNGd4ZFRhMi10alkyb0tyT3VBZzUwR0F0WWItdm41V1ZqbjBTYUg1MWVmeFFhSml2elhGd0dyU0hCU0pNUVBlZ0JWREtkUms4TE5uLUZYelZiUkxwUWRQczVDQU5idGU3WkpNeU9Mb25vcVhaNVJIRmJ1M01GbWVpS250d2ltWUU?oc=5,
rss_google_news,"Wed, 07 Fe","Apple Vision Pro review: The spatial computing revolution is here, and I love it - TechRadar. Apple Vision Pro review: The spatial computing revolution is here, and I love it  TechRadar",https://news.google.com/rss/articles/CBMi4gFBVV95cUxOeXJYWXJoYzhReEc5MXd1V2Z3RTBtUWljdkRJNW5mZDhZZnFmOWN5allHYW1XbzFiSHFJTU1zWTF6SUZCWW9kQUhoOEpBb3JWY0VwVEpBY0dJWFB6UUlyMmF3Yml4a1EwQmo5Vkoyc2tTN1pNQXJERDZuNnJhWDMyOUhEMlN3bmhMTHNKUEg2UVVVZmhFVU12MW9ZMGkxT1R2RHNrWWFqdDB3cTljVURtVURxYjNJZHREUTFfOXRXMDdTMy1GRkhOeWk2VEg3Sk85ellQS0FpdWlGSkYtRGg3czNB?oc=5,
rss_google_news,"Sun, 27 De","2009 Sports Year in Review: For every season, change - Seacoastonline.com. 2009 Sports Year in Review: For every season, change  Seacoastonline.com",https://news.google.com/rss/articles/CBMitwFBVV95cUxPSGdKNXBjSFlMVThaTy1FN3c4MEY0VHRNS2RFOTJKRkNvTmhyS1BweFVpaTE1QVRFUHc1RDZDcEs0U0dfcXp4TEY5X1kwRmV5Zm5TNTRTVWFCdklycndVbk1pZ0tCTm4tTG5Ob25TWkVzTjVVOHpfVEpBbEFJVkxBZTdkQUw4Umx2b0VqMmY3MXJWZ0ZwOTZVczBGZ1hRaEJPTVc0cnhneldQRVREZkV6UXNjd0VXWms?oc=5,
rss_google_news,"Fri, 27 Ja","Nonfiction Review: “Improbable Patriot: The Secret History of Monsieur de Beaumarchais, the French Playwright Who Saved the American Revolution” by Harlow Giles Unger - Newcity Lit. Nonfiction Review: “Improbable Patriot: The Secret History of Monsieur de Beaumarchais, the French Playwright Who Saved the American Revolution” by Harlow Giles Unger  Newcity Lit",https://news.google.com/rss/articles/CBMiowJBVV95cUxPdXNnSmVIMkRjMTN4LVdhbGVrSUlJZy03eWVOeXJobnlodWI3ODlMSkdabnNSNExld0JNdGlSa09tU3JkczVVSF9lMHlxU2lJUS1SRmxZaWRmR0c5RHNwSElfOHo1Q05seHg3NVlVaUIxSjBOVXBMa012Z0h4RGdUV2ZVbUk0TGxaMFh4c2IxRUNCcXdJUS10clhsaHo4Tmdsc3Q2dS1fLUUyVUU4aU1MdW1Bd2NvNnNKbGVtSkdfVmhvTkxQX0EzMC1mcmdyT3dPTzFHOVZJYlUxZWduc05WRG9vVHJXajNsT0I1U1R4QVljdVFFSVVlUFEydHlRamc3QlNfZmZCS1c4VGdOMVdfcWtzUW5KUFBnZTJQdkhJOVhIMUU?oc=5,
rss_google_news,"Tue, 18 De",Brian Bilello '97 - MIT Technology Review. Brian Bilello '97  MIT Technology Review,https://news.google.com/rss/articles/CBMid0FVX3lxTE9BYXBEWi1BdG1IdGE5RG9GY3hTMDNBTTJlQUtQX0hCbmIzbkxJT2lYWFdxeWhoSldKb1RwWkwta3laYXNDMVFETDBtZ3p5Q2RIenpaNWNzQm9VLVV0XzFEMmFvQUsyUEN2NnFtNjRtZ1NlZWYxMkYw0gF8QVVfeXFMT09fTVY0QlIxaVQzUExZODJlTjl6UEVTdGw2TUNQV1dRREFLamkyOEwwVW5yVGYyX09QRGphWTRiMjJBOGZOOXlCdWlXbXhDdzBQbENacHhJVktZQmlBRTB2dXpGVTYwbDhNeEZuRHJXNHpiNkdCTDRrb2tFeg?oc=5,
rss_google_news,"Fri, 20 Fe",Supporting LA Galaxy: Fan Clubs & Supporter Sections - Ticketmaster Blog. Supporting LA Galaxy: Fan Clubs & Supporter Sections  Ticketmaster Blog,https://news.google.com/rss/articles/CBMiYEFVX3lxTFA5UHh2eXd2cng2bTh0cVJaYl9vQVpYTm1aZzgtSmhEYVhiNkFpbGRjSzlhdXJDbXMxSksyMUZLTjc3X2FkcWhRc0hkcnA3OWFpcS02bE5tTGtOWjdScTdPdA?oc=5,
rss_google_news,"Sat, 14 Ma",Boston Legacy make NWSL history but lose long-awaited opener - ESPN. Boston Legacy make NWSL history but lose long-awaited opener  ESPN,https://news.google.com/rss/articles/CBMiowFBVV95cUxQZmF2TnMxdmJhdm1UekNVVHNZY3VGTEQyTFlUWl9KRzV3RFJtZ2tkRWFPYVJVWmZDMnp2dFhUNWxCYVlNMHNqVlRwWUEwellVLUtYRTZ3b1phUWsyYS1icjBVSnh4TkkwMVpsVkZfSklHUktLNWNnakdTMXNlQUZsSDZnWkpLUkZxdl80dFRQQzhfX3VIX2h1THRuU2FPU0NRbEVv?oc=5,
rss_google_news,"Tue, 10 Fe","Mike Vrabel greets Patriots fans in Foxboro after Super Bowl loss, says ""we're just getting started"" - CBS News. Mike Vrabel greets Patriots fans in Foxboro after Super Bowl loss, says ""we're just getting started""  CBS News",https://news.google.com/rss/articles/CBMifkFVX3lxTE9hWUdzOFFHY3ljalhFVUpSNEtpSE50c2I2M3dtcEkwR2hTR1JLbFpfbzRnbVlqOWoxa1NwTXRqV0JGdmE0b2c1WnA3MUlDTENvUXU0WUltbzZPbTYtZ2wyUUZ1Q29yTEF0Sl9KUkZnSmtObHN4NnZzUVFMdm4tZw?oc=5,
rss_google_news,"Tue, 26 No",Why New England Revolution Fans Should Be Thankful - The Blazing Musket. Why New England Revolution Fans Should Be Thankful  The Blazing Musket,https://news.google.com/rss/articles/CBMifEFVX3lxTE1Sa2FRNGtKZEdtSWtaWTczZy0zWWUtckd3WkhBWWVmTWQtT01yQUQwamlKSVZ0dVcwWnZVNGg3UnBEZk03NEEyN1F6dWNlaFRvSnVTQnRGRjZxS2pIcDBQX0NQazhrS04zZWJsTkZHWFJsVFAyMEFPT29qRVM?oc=5,
rss_google_news,"Tue, 26 Au","After testy exchange, Caleb Porter clarified unprompted postgame comments about 2021 Revolution - Boston.com. After testy exchange, Caleb Porter clarified unprompted postgame comments about 2021 Revolution  Boston.com",https://news.google.com/rss/articles/CBMiygFBVV95cUxQVzU1OUFxU3hwVFA2X0Z6VGRKblM4TGVXQkotSkY2RkdqMVg3NmNCbzVEUmpPSzQ3WDI2eFpZcWtNdFdzeFhpTkRkZHFOenBIS3RzMmpqLXR1SE8tRzRtdS1Bd2RkV1lvenprZXJsczFTVDViZWFXZVpjZm8wWHBQaXY3ZW9pY05lZXNUZld0eWZHWnljVHR5d1VxNHpuenkxbERINldPUVB2TUc2anpfSTM4OTlWRDVzVTZoLVdpUThOM1R5ZVNuZWZn?oc=5,
rss_google_news,"Thu, 10 Ju",Inter Miami beats New England Revolution at Gillette Stadium; Lionel Messi scores twice - WMUR. Inter Miami beats New England Revolution at Gillette Stadium; Lionel Messi scores twice  WMUR,https://news.google.com/rss/articles/CBMijwFBVV95cUxPWWwxYTRnaWVteDdnZW5iV3U3clpsY0lkUmh1aENFQllwaG5hVVpPNGJuYzBRSnZrTVN3bURBWjhfeDIyVVZuMXp5NzhoYmFtS3ZNVm1tcmlhRzJnaGZjbi1JR0hzOXJJZnZkdEdiTm4zdkhCZkdwNldwYU1pZjRVX09RMDZtMTBMMWozS0VrRQ?oc=5,
rss_google_news,"Tue, 21 Oc",Where does the New England Revolution go from here? - Boston Herald. Where does the New England Revolution go from here?  Boston Herald,https://news.google.com/rss/articles/CBMilgFBVV95cUxPM1RFUk9wZVI2TmhaLWw4VEFHbWZUTDByUkd1bWNhS0M5bjhIb2JmeDlrR3hjU2ttcjF5b3BkWlZGbU1sM3YtYW1tZ2RqNFBaZXNiTXFjSHAxbTdWaE1wTWE4Y0RTV0VDMVR2akd2enFzQS1fMWNBYlY1QzhFeW1GSXdsWWdhVUtFX21sYS1ON1JLQi16UXc?oc=5,
rss_google_news,"Sun, 28 Se","“We are family” | Through loss and grief, Fofana found strength in teammates’ support - revolutionsoccer.net. “We are family” | Through loss and grief, Fofana found strength in teammates’ support  revolutionsoccer.net",https://news.google.com/rss/articles/CBMilgFBVV95cUxPRHBUVHdrZTlOQm9rTzBGTmQ0eDRrZzZkYnZhTV9JV3EtWmtYU0pEcEtOaTZWQUNRZERaU3hZLUpzMjl1V29oUGxwN2hXbDFnY3pueEc3ckxSeDRIVm1ZeHVPbkxXU1pCTzBtQU5Xbkp5V3ZZSHdBY1RBdHZXUDdvdVRjMjl2Zy0xMktaTWRZckNhMExlZmc?oc=5,
rss_google_news,"Sat, 23 Oc",New England Revolution win 2021 Supporters’ Shield as Major League Soccer’s regular season champions - revolutionsoccer.net. New England Revolution win 2021 Supporters’ Shield as Major League Soccer’s regular season champions  revolutionsoccer.net,https://news.google.com/rss/articles/CBMitwFBVV95cUxPelpGaEw3UGdybXdibUdDLWQtM3VmV2RKc1RRQ0FueEtNTDEzejVUTEtjUGlxUmo4TkMyZmxKbHJXMzJPRGdvTXR6dGdZRWhDSEN0WmpTSjdSV1liNm1xYXNKVXUwa2l0dGlfNS1IX2JoaHhscE5nQWcwVWR1NXhxUUVuR0w5Q1k1TFZybVc0WWdyTTQ4MXp5NVhuSTNjbnd3WG9vTHRaNWpiWkxYY1BaZnJfUmZUMmM?oc=5,
rss_google_news,"Sun, 07 No",Recap | Revs lift Supporters' Shield following 1-0 loss to Inter Miami CF in regular season finale - revolutionsoccer.net. Recap | Revs lift Supporters' Shield following 1-0 loss to Inter Miami CF in regular season finale  revolutionsoccer.net,https://news.google.com/rss/articles/CBMirAFBVV95cUxPTl9fTnJyMmpxUUFUU2tsdE82U3l5RU5LT2NIcFFNYi1ON1JtZUxTTjdEVXNwWlMyVzRJRkhmeGxGdkM0dTRSWGFUSnJvZHk5LXg5Rm5iRmFzLTFGVzE2YzVJUTJERGFqTDcxdzlycE1ObG5PNWIyb0lpMWtSRkhiOHhWQXpmSTVLLXFqdGFENjE0V3hFdXpseG1tdTQyZG5CQ0k3U1JhSU04Zll5?oc=5,
rss_google_news,"Sun, 07 No","After 26-year wait, Revs lift first Supporters’ Shield | “It’s a special moment for the club” - revolutionsoccer.net. After 26-year wait, Revs lift first Supporters’ Shield | “It’s a special moment for the club”  revolutionsoccer.net",https://news.google.com/rss/articles/CBMiugFBVV95cUxPbERYVlItTTd3S2wtUnVOWmZlZTV6YVkyenBCZVdJZ2VTYlh1czZNMGE5ZXZfMURuTXpmcUNNRHNOOEdCS1lxMDNWcjNfRlB1RVhMaTJCOTh5aFIxUDFneFlIUEZVN2tPMWVlb0l4akJjSTBxekdVV2d1cFpnenhvd0pXcFRuU1NOQk4tQmI5OGtySnFoODdyU3JYRUVwLWJ6bUtYSVVEQTF5SXp2S3A2ZlZLbHk3VENQM1E?oc=5,
rss_google_news,"Wed, 02 Ap",Will Sands named Revolution's ambassador to the New England Amputee Soccer Association - revolutionsoccer.net. Will Sands named Revolution's ambassador to the New England Amputee Soccer Association  revolutionsoccer.net,https://news.google.com/rss/articles/CBMisgFBVV95cUxPUDdITC1zZUd4UUVLY2Y5RzUwdnZXR2VUZDBLUkVndmRmbWVLZkVpSnJoZlRLekVMVkNXVkFEbmZpNEFMRmxXRC1WbFBpVWpVYVJnQWVqWm13OUF6VnZHUEplZ3RUQkFqc3JTWjBtWmVWRnQtX3BKTGFoZXR2MGxpVmg3LU5vSkF6RkdScUNGRXE0UXBYVGowbWdTcnlTcms3Y3d2aFZVT1AtWjBlbmhpSktn?oc=5,
rss_google_news,"Mon, 08 No","New England Revolution celebrate ""special moment"" of lifting Supporters' Shield - MLSsoccer.com. New England Revolution celebrate ""special moment"" of lifting Supporters' Shield  MLSsoccer.com",https://news.google.com/rss/articles/CBMiqwFBVV95cUxNWHBYTjI0MHF2SVFPQ2dERzdFTGFQbE1FZ0ktdU9mODBQZ3NvbWkxY0ZENVZxMTBaNXczdUxVLW8talNSb0Z5QjlXV1JRMDVYRTFtcW8xMzNRODFrcVUtLVhZX21iT2FHS3lzMWtKVnZHX3k0RFh4b1dOXzBZOHBvVGpDaU54S3I0ckgxVUVEMWNGb3lsVlBtVGpYVkRRSl9zUFA4dW1LQUtybVU?oc=5,
rss_google_news,"Mon, 27 Ap",From supporter to New England Revolution president: What drives Brian Bilello - MLSsoccer.com. From supporter to New England Revolution president: What drives Brian Bilello  MLSsoccer.com,https://news.google.com/rss/articles/CBMioAFBVV95cUxPT21NbGo3eEpsY0RsSU9pRHpERGpEV0x0b1VPUkloQjhqUHFhMzR6b294NjV0V2VhZ0ZYeEZ1N1hPOXRIS0VoaXBSa2ljZzd2UktaZnFSR25xRmVPTmdJOXVNY0FfX3NLOXR6WWtSZGFhXy1aNzhXRjI0TTlnUFdhY05xdGhTSHpXS2FMNUlCR2VkeklreVRROFRxREhQUzFl?oc=5,
rss_google_news,"Fri, 29 Au",MLS flag policy sparks defiance: ‘Fans should not be punished for supporting their player’ - The Athletic - The New York Times. MLS flag policy sparks defiance: ‘Fans should not be punished for supporting their player’ - The Athletic  The New York Times,https://news.google.com/rss/articles/CBMioAFBVV95cUxONHZYM1A5X21iWWlNanZmSWFrMHJGQlpyNmVPejBZUDAzZkd4dm0wYlZyTjN5bHV4THE2YkYwR3B4Ym1DMlpNd1luN0xTMmhadzE3b3NrbS1ldGRneENNODFZSkZRRXZKUUhEX1UyOEhTMFJkc1FHbzc2aUpkQTdKQW5sMFJVUU5NRTR4SXZlcUFfTzYzSDlhVDFEaWhTRl9V?oc=5,
rss_google_news,"Fri, 15 Au","Match Preview - D.C. United @ CF Montréal on Saturday, Aug. 16, 2025 - D.C. United. Match Preview - D.C. United @ CF Montréal on Saturday, Aug. 16, 2025  D.C. United",https://news.google.com/rss/articles/CBMilAFBVV95cUxNclFQRHNiOUVIOVIzX0NpZThrNG5hM2ttcXB3eTZYTkE5bnJURVlRLS1Gc09JSHBEQmVFVGJYS2hDZ0VpUldjNllySHlGR2RaY0ZIeS1sS1daZVZMdXRodXhjS1pTc2ZuRENpNjZBODA2QjM4aDR0TElydHBsS3FRUmhPUXRpYjF5N2x5a3N1ZFpzaGtZ?oc=5,
rss_google_news,"Fri, 09 Ma","Match Preview - D.C. United @ Toronto FC on Saturday, May 10, 2025 - D.C. United. Match Preview - D.C. United @ Toronto FC on Saturday, May 10, 2025  D.C. United",https://news.google.com/rss/articles/CBMikwFBVV95cUxOeWJUTDBpeF9TXzVTSG1sLU1CbVBHSFZsWDFzMVJCMDVGVmpiZFlyNGhoQlJIUDFIaEJDWUZZWFRUMHZzQlIwYnFzenFjam1hbGs0ZWUzLTRXOUIxc3pXTDNLc2ZIM18zcDdCa2gzWTZBaDNOY0J0VDZFRWR4ODhrQlc2cThoSGlGQXI0NkNNOGM0VTA?oc=5,
rss_google_news,"Sun, 07 No",Revolution raised the Supporters’ Shield trophy despite losing regular season finale - Boston.com. Revolution raised the Supporters’ Shield trophy despite losing regular season finale  Boston.com,https://news.google.com/rss/articles/CBMiqAFBVV95cUxOT0hjZld0bGJNRVZFRmdyLVFxdC1MV3Y4bnlOQ2lXZ2dXdlFMMUtEZWZLenBnTUFLOG9sWWNLWXY1WnlPOGIyU2YxOFZjM2FhQ2lKNXF0MnVaTmtRUnlDTzRieVJRbU81a0xyRGVHdnYtY1JaSE1IaVltTHdXTHM0ZjdXWkpZV2lQODdNZmY1ZVZra01uZEdLMnloQ2xaU0FmQUpsTENiQ0k?oc=5,
rss_google_news,"Fri, 11 Ap","Match Preview - D.C. United vs. FC Cincinnati on Saturday April 12, 2025 @ Audi Field - D.C. United. Match Preview - D.C. United vs. FC Cincinnati on Saturday April 12, 2025 @ Audi Field  D.C. United",https://news.google.com/rss/articles/CBMirAFBVV95cUxPaWJod0RVT0YzMzhGX1dqUjVCLWpqcU5PMUdKWkZHNHRBRVVNLXJEZms1alIxX0pSekE2Y19OYl9VSS0xdFJKUDRnenJ0NVAwcXltVW04NlIyR1R1SDlnWXRDRHUwb2ZPV0FPWW0wd3RrSHg1SjVvNXdKbVl4Mnc0ZEdxRWdXemcxWUVhY0laX0pCMEZ0b1ZwWkprQkNXWDBsOGxrZEdmTnJHd2Nn?oc=5,
rss_google_news,"Fri, 11 Oc",Should The Revs Move On From Porter? - 98.5 The Sports Hub. Should The Revs Move On From Porter?  98.5 The Sports Hub,https://news.google.com/rss/articles/CBMigAFBVV95cUxNMWpBc3FVUmJLdjd3djEwVm1PeEZPdnBCTGFocGNVRmNyNklkTEwxS2VEc3VGakozMHZoZkJwT3dEMnpwck9SUlJ6ZTBEcHpycnZZcGFuLVJfUE8tcTJabmt0TGt4Y3JMelVEQmJrZW9tc2RPWjliOE5FeHNHSkFzcQ?oc=5,
rss_google_news,"Tue, 30 No",Recap | Revs eliminated from playoffs in penalty shootout by NYCFC 2 (5) - 2 (3) - revolutionsoccer.net. Recap | Revs eliminated from playoffs in penalty shootout by NYCFC 2 (5) - 2 (3)  revolutionsoccer.net,https://news.google.com/rss/articles/CBMipAFBVV95cUxPdWtvOW9QN1REdzR3VkZ5bmtxc1g0ZlNGX3FsR09UN0JJZnV6dXBnRW9SYjZZLXRzb1ZOMUtLUTJSbmpNOGstVDctTVZEbENUbFZMZ3JqRXJyeEVZZ1IxLThleDg3NFVMM2dkLVRNVHg5cGtOQ2FXQkUyOVhJR2V2ZTE5OGs1bG5tVUdJUGI1WHhIRHQyRjlJZGh6dlA5NUI4QnAyNQ?oc=5,
rss_google_news,"Fri, 29 No","Oral History | A decade on, 2014 Revs recall magical run to Eastern Conference title - revolutionsoccer.net. Oral History | A decade on, 2014 Revs recall magical run to Eastern Conference title  revolutionsoccer.net",https://news.google.com/rss/articles/CBMiqwFBVV95cUxQcmNfM1FwZFlVZEI5bk42RnJMT2Q1bGJkZU1neE4xcnkzdi1QTlExQnpTSndtSUlNSnUxOGltYW1OUXRfTW1EVTExRG5YTHJZRHczRGlfaEVRaWRVVXpoVWVjcm5NTVh2ZkRiVjhub3FzRDZrS052MDNVclRIWFFnQkY2OFhHbzYyYW5iQWZxbm1DQmdJM1pxTUFKRk1jVmNSQUd3VFczQXJVUGM?oc=5,
rss_google_news,"Tue, 04 Ap",Apple Newsroom | Behind The Scenes Of MLS Season Pass: Celebrating The Sights & Sounds Of Matchday - Los Angeles Football Club. Apple Newsroom | Behind The Scenes Of MLS Season Pass: Celebrating The Sights & Sounds Of Matchday  Los Angeles Football Club,https://news.google.com/rss/articles/CBMiqgFBVV95cUxQTTZCYWo4QWV5eDM1YklMVXk4UERCMnctV0todDZfd0hzekc3V1pOOGtZZ0JQdVM0R2VWdnVwUVJUY1ZwQzhJbi05N1hnWDk4VDB3OWZyMG1aeHAwdVFXQUo4TUx3bXQ1djB5Sl9MYlpnbFVUZDBwdGExbVFJN0c1STNNVVBBTmNiTGhROGstT1JacVBKOFo0ZThfbTFtQzBHWmhibWNJYnJtQQ?oc=5,
rss_google_news,"Sat, 23 Oc","New England Revolution Clinch Best Season in MLS, Their First League Trophy - NBC Boston. New England Revolution Clinch Best Season in MLS, Their First League Trophy  NBC Boston",https://news.google.com/rss/articles/CBMivgFBVV95cUxPV1l2ajc3YVJaa2dDVi13QjNhd1NSMU5VaVAzS05Ua192cW1COFhRcE5YUW1fb0JQTG1sZlpOcEdtTFJhWU1naDdYMXd6VTY1YkZVdENrZmlMeTlKZ08tQ0pjRHpMcElxT2IxRFZHNU5PRFRyblNEZEFtelIxTDlVbW55QVlNcnFEbXVzWlNJdmhmMl80M3FNWE96QkJra0c5eGxfM3dpR3RNSnJxclJjeVpNVzRSUnNucGpJWHB30gHGAUFVX3lxTE9TT1k5bWZlbkZqWnFpWEpNU0hWZ3lXa0s4dWRpOE1SVGNVcXBoeHExaVF4QmJnNktmZWJxVk5acWtXNUlwbVhNNzZPWGhQOGhsenBmejNIdzYyTzNQWlozTFFsU0hITmtGMjVyQWpZMWQ5UnNHTS0tdzhzbzZTWVFVemx1azBFakh6OUJPa2Y4ZS1HOXpFN2hwTmUxc05XSXpESFEtellBamNoTFZDeVRqaVZpTFFrZVluNWxXWmNuWlVwX1FXUQ?oc=5,
rss_google_news,"Mon, 12 De",BMW Ultimate Fans: Rhonda and Jason Moles Have Seen It All - Nashville SC. BMW Ultimate Fans: Rhonda and Jason Moles Have Seen It All  Nashville SC,https://news.google.com/rss/articles/CBMilAFBVV95cUxOcVQ5aTlsbG5SNlBONWpnMVpnOHJjZHJMSmlLXzZlRUNWakFTN1RmUEZKZXJUQnBpaE1FdGFBRU05NHB4WDl3eEVidkpfMGlBUkFEdndpZ09oc3FLOWp2S3hkenV4bFprakdHVFRoMWsxS3ZUZTc3QnJtZ1BpUG5NbGVSdXFBNDV4YjAtWHRiSTNZSk50?oc=5,
rss_google_news,"Sun, 25 Ap","Revs relish ""great feeling"" as fans return to Gillette Stadium on ""amazing"" night - revolutionsoccer.net. Revs relish ""great feeling"" as fans return to Gillette Stadium on ""amazing"" night  revolutionsoccer.net",https://news.google.com/rss/articles/CBMiqgFBVV95cUxOaTBMazRJRmRPZDJsTFpqN09vWHFuU2NYd05yMXdjYVNxRGFiUEpITTYxTm1xWlFRLVpCaFE2TnctTUhtMkVEXzNSSm9VUkpqNjdMdXpmMEg5WEZpTF9fejFmYVlxS3NTYkdiaGxjSXlCWVJzZUI2d3g4eW9ZLWRFdWZxSkhnOHNBc0NFOHgyOUhVR1hnUC1GeEhqRno5d0xOZ0F5MHBfalNPZw?oc=5,
rss_google_news,"Fri, 03 Oc",New England Revolution to face Lionel Messi and Inter Miami in Florida - Fall River Herald News. New England Revolution to face Lionel Messi and Inter Miami in Florida  Fall River Herald News,https://news.google.com/rss/articles/CBMi2gFBVV95cUxQTENockpVTkl3UnppbU10Wm9rOS00Q3B0RWF4MlljM05ieFpQQlFVaFRiQk10VjlnVGNjRFRNUW1zTlAzU05uUFZUMGZTOVRQaDB2ZWZGaEUwTVdQekw1ODBIYjREbGM0Qm1acGZBUDgxeEFrbzRPZTF4c2lWY3R5TXZjNjBmQWEtWmV0WFNDd3Vld1dPdjc3WXQ4bmlib0doUllmYk5HMU5DMTFKdnY4QWhCQ2RYWmVaelVzeUJHbW5NSnZ5NlNfNmZ2QmtUdjhEM1BHSGZTNUNmZw?oc=5,
rss_google_news,"Mon, 14 Ap",Memories Of The 1996 New England Revolution - The Blazing Musket. Memories Of The 1996 New England Revolution  The Blazing Musket,https://news.google.com/rss/articles/CBMidEFVX3lxTFB0ejdxWXdtUHEwWFZRNC0yQksydzZwdWtkY3pQbHBqZmFzV0N1ckxyZ0haWXNndkJjTlZyU0d0VUhvMGkwNEZFUUY4bk5LbjdJUWhJX0JXdUFVTVd6ZUdlQ2ZkOVBBNHdadWVQQ0k3SHZnUmRa?oc=5,
rss_google_news,"Tue, 04 Ap",MLS Season Pass kicks off a new era for soccer fans on the Apple TV app - Apple. MLS Season Pass kicks off a new era for soccer fans on the Apple TV app  Apple,https://news.google.com/rss/articles/CBMihgFBVV95cUxQaWpZdDJRLUdGYXB3WXV4Yk5lZnlWeGR4cUpaUUhhOGtaU2dUc3ptMHV1aHpYUlZsenNLY1d3NkFwS1djM1EtOUtDQV9ORDVOT29CZk42TjNLUUZ0WWhOd0szeVVHY3A1LVhoU21Nb0lzLW9FQ1d4ZWl6TzhWc0NVT0JKcjZ0UQ?oc=5,
rss_google_news,"Mon, 09 No","Philadelphia Union feel vindicated by Supporters' Shield win: ""This is proof of concept"" - MLSsoccer.com. Philadelphia Union feel vindicated by Supporters' Shield win: ""This is proof of concept""  MLSsoccer.com",https://news.google.com/rss/articles/CBMiowFBVV95cUxNbXpjRGhfTnFScFNhV0l4QTJiS3B5WFMtXzVycGh2TFJndUFFakh3SXVFNFdCUDJEMDJpdUdZRnRZQVVod01xbEV5d1lQRFA3bzlhb2RnSC01QjFPTmNIUjdGTmRGRDZjRXdfN29PSG8wM0FsOWZSTVBRX2xmSFRYeEtUOGdEaTN2U0Nial9hLXpGMlRqMEg1UjlERVBEbGhlWTdZ?oc=5,
rss_google_news,"Thu, 13 No",Bless the Rains: How Toto’s 80s hit “Africa” became the Revs’ unofficial anthem - revolutionsoccer.net. Bless the Rains: How Toto’s 80s hit “Africa” became the Revs’ unofficial anthem  revolutionsoccer.net,https://news.google.com/rss/articles/CBMiqAFBVV95cUxOcFlMTXJSaFNfcnBKUXNHSE9fUk1nTS1LMDhuZGw5Z2ZpclVoWHM3S0ZBaE56ZWtGekk3VWJzMW5NVlpkN09LWGVncktMYmVrM1JqUEhjTXRWa3Z0Vkp2bG5jdEJzNkx4bXBhZlFIVmVES1dFa2p3N3JyUllHOG9yN2RRa2U4Qjh6VXdlNFN3SjVRLUFBX3RGeklBS0ROOHZ6UzRNOEFHejg?oc=5,
rss_google_news,"Thu, 02 Ma",SeatGeek Fan of the Match Testimonials - Minnesota United FC. SeatGeek Fan of the Match Testimonials  Minnesota United FC,https://news.google.com/rss/articles/CBMihwFBVV95cUxNN3N4YzNGeTZMYTd1RUF3SURNc0tOd21pZVBuMUlQQ0ZZTS1VUGFPM3J4aVI1NE5jeXdvOHliSFJWSUlKa18tdDBjeFgxYzlnQjJ5WUpnNFJTZF8tc0FMMEpUZ2Q3OExUZzJ3c1dlVTFUTUpOMU8wY0JKRVBVUEJqTU5jRmotUEU?oc=5,
rss_google_news,"Mon, 28 Ap",Charlotte FC's Wilfried Zaha Responds to Fan Criticism on Snapchat After Loss - Sports Illustrated. Charlotte FC's Wilfried Zaha Responds to Fan Criticism on Snapchat After Loss  Sports Illustrated,https://news.google.com/rss/articles/CBMigAFBVV95cUxQa05XS1FiRGllVEl5UmJLampaSWVQLWtpeDctd2d2LWc5OUM4R2hPUVNqbXhLWHpfbkY0VVd1aG9JbUpsc19QS0hqSlNnZHlvWnREUUJON253aFZrOHBWNzhxS3VxOXNHNEVqdEJPLU1ULWZ5NGRndk1MZnZjbUR5dQ?oc=5,
rss_google_news,"Sun, 26 Fe",Charlotte FC opens MLS season with Anton Walkes never too far away - Charlotte Observer. Charlotte FC opens MLS season with Anton Walkes never too far away  Charlotte Observer,https://news.google.com/rss/articles/CBMigAFBVV95cUxOcTZBVW1aUllzQ2ZPNlJiTmM4eGIzT0lsSHlnNGpXQzBoUWhKa3lLdUtDZkl2b0NqV0tGckVxRXhESGM1SE9TSWF5blRBUGhMek1aUEVnODBsZkZVRVhzUlNuZkg0OXFuUXo4OExTXzZEcDRNTXF2U3NFU0NzY0otedIBgAFBVV95cUxNVGdHWnBMbDZxVjhOb3NtTHg3RExJX0pJNS02VFk0djdmd0lUaTNWcWZ5LW1nT0xJVjQtbzF5eVltUWpNNVhMMXYwZ2hOV1luWnhRTTZCR2RMQzNLMnRNUnJQY29IODFPTVV0amd1Qm9raURzcjl3RGtNeHQtNk1yWA?oc=5,
rss_google_news,"Tue, 01 Ma","Atlanta United Leads MLS Opening Weekend in Attendance with 67,523 supporters - Atlanta United FC. Atlanta United Leads MLS Opening Weekend in Attendance with 67,523 supporters  Atlanta United FC",https://news.google.com/rss/articles/CBMiqAFBVV95cUxQeGdrRWxoM25qZDBNQk1pTHVqUWpkeFFQRUxVLV9BV0xTTzZWVnN2amFWZldraWlVbzJ6Ql9CVEpJUEljSmZtUmNfQkdfNEpOajFtV1FxR0JVZmlGTGJGN0NIYnFqQ2tRMDRZS3hucEFPbkJuTnhKQkN2OW12OUUzU3VodFBjQnhXeFJfXzZ1YmxUVlpNMVdQWGhleXN3NWExSTJ5dktUeTc?oc=5,
rss_google_news,"Thu, 03 Ma","The Coleumn: As a New York sports fan, which Boston team do I like the most? - dailycampus.com. The Coleumn: As a New York sports fan, which Boston team do I like the most?  dailycampus.com",https://news.google.com/rss/articles/CBMirgFBVV95cUxONjJEZ3ltX0p5ZmdQMDY4X20yNjJ5elFRSzB4eUFnM1l3a1c2N21ELVE0aHFzNjVPXzlxZGFEVHhtV25IdFNWa2V6YTVDTElGdWV1NUhPRHRHUFJST2loZlo4TmdPdV9ZcXFqU0ZreUhWMlVlZHhUX09WOVI2cUN6aU9qMHBYTWxnNm96cVlQV3BseHNKb2hsdEpUeHA4THZEeG0yd0s0aEIxM3BOcVE?oc=5,
rss_google_news,"Tue, 15 De",Top 10: Recapping the best off-the-field moments from the Revolution’s 2015 season - revolutionsoccer.net. Top 10: Recapping the best off-the-field moments from the Revolution’s 2015 season  revolutionsoccer.net,https://news.google.com/rss/articles/CBMiowFBVV95cUxNNXNlTXdSb0tOYjlUdjFJQUZaVXJvRElmWGpFWUtPUDFwTTk0MWxaWEhnRVdJWVMyWmhqVHpQU3JKbkxmbUF4dXN5M2VXV19maHk2alNqSllYYVNDdGJnYWVsX2lqWUprbzVrellqVXFtZjNsNGYyR1RCUU9YTHVhc0tpTE5ZSUg3T3VVX2FPdkF4VHZIMEpnRWhIX05wSC1XVVpN?oc=5,
rss_google_news,"Tue, 12 Ju",NYCFC remain plagued by fan misbehavior - Hudson River Blue. NYCFC remain plagued by fan misbehavior  Hudson River Blue,https://news.google.com/rss/articles/CBMifEFVX3lxTFBiU3VISWlFM0lwQ0pOTENXSUFVend1UkF4OVNYQWVUNkdEb2d6NFZnT1FlWkFfNDk4R2RJQUtndjlYUHJpNGU1aUMwOFlsQk1zdlBKalAtUmRYX21oNHZtbUNtSFQ1T0JvU29XZDB2ZUZGT3E5VEhyNWRVd3M?oc=5,
rss_google_news,"Sat, 11 De",Portland Timbers lose Major League Soccer Cup to NYCFC in shootout - Oregon Public Broadcasting - OPB. Portland Timbers lose Major League Soccer Cup to NYCFC in shootout  Oregon Public Broadcasting - OPB,https://news.google.com/rss/articles/CBMimwFBVV95cUxNaXBsaU1LcTRGejRHelZxd0N4MDgwNENORzFoU2t3cG10WUhieXhjYXN3Zm91OHpSeXZxM3pNbmpXbklISnl0d2hKLTlYc2JEU1ZUS3ZSby1TWWxFZ2lpWVJ4SE9kMFcwSWpYN2RLQXlveDZ4QUZqU0toRGxZSlZvMEJ2VlVYbG5PUEFuTjlVOGxvVmk3N2NaMmtxOA?oc=5,
rss_google_news,"Thu, 14 Oc","South Ward Takes RFK: 1,200 Red Bulls supporters travel to D.C. for Semifinal - New York Red Bulls. South Ward Takes RFK: 1,200 Red Bulls supporters travel to D.C. for Semifinal  New York Red Bulls",https://news.google.com/rss/articles/CBMipgFBVV95cUxOOWkteENWM243M1ZGLVJNXy13LWJZU1Z5dE9ZcEhaM01QeHE2a3YxLXltTGRURjRSWGZTOUozdWw3UG9Ec0Y3VU1zSjNtaEJ6VDJCa1E5NmpTRmJ1b01BUWpwNUtkbzZKc0xZc3U1R2hoSWdRaC0ySVNYR3ZxcWplOHRFTWMwUERnTmNtSnJ5MzE5TG1IVUxORTk5eEhIc1MzZVFKSjVR?oc=5,
rss_google_news,"Mon, 09 Fe","Despite Super Bowl loss, some Patriots fans are optimistic for the future - CBS News. Despite Super Bowl loss, some Patriots fans are optimistic for the future  CBS News",https://news.google.com/rss/articles/CBMigAFBVV95cUxNWUtHdWo2NjdCc2ZIYjM1cXVPVW8xTkgzcll6ejkyQ1lCX19abHZXaEQwcXJ1T19McnJ4VWd2OGI5dFZFY01aS1V0T1hTTW10b0VWcFhsRmlodFU3Nzd3bmF2VXJsbTFuNF90SUdISV9ueVpFd25DNWxuOGlWcnNKRw?oc=5,
rss_google_news,"Tue, 09 De",Can the Revolution ever thrive in the Boston sports market? - The Guardian. Can the Revolution ever thrive in the Boston sports market?  The Guardian,https://news.google.com/rss/articles/CBMiqwFBVV95cUxObVNURml2SlVSYjlBa3lzM1RPMzBKam5mdkh0OWFsSFNHVVpiMGk0MjlGQmdRLWxlMGVCdHFfMzFMbDd0eS1BUnFqbW5KRlFVZEROVGhuUzlCU1hEeVlKOTZLWlR4SjdIX1F3dmNCZ2FJNm9Tblh1QlVPQkFUbzJNd1JmWEpDaVViczhOTDF5ZGtNVTl3Y1pHMHE0bzdVU1hOSXJ5Uk14VEd0YTA?oc=5,
rss_google_news,"Sun, 01 Ma",‘It’s Loud Here:’ Nashville SC Fans Create Unforgettable Atmosphere in GEODIS Park Opener - Nashville SC. ‘It’s Loud Here:’ Nashville SC Fans Create Unforgettable Atmosphere in GEODIS Park Opener  Nashville SC,https://news.google.com/rss/articles/CBMiswFBVV95cUxNTnE0WlBpSi1mSEZTWHRtejZSblVDLWtfbW90SUtfRnBmYVFxeDAwQ3dBMXdFWExVX28zR2taUDl0RWhoVWFheEw1RkxELWNUSXhhVVI1aGpMWkhxcDNMeFI2UDE2Z05kaUoxVlZGN1pPaklkb1p5YVRnRTltQ0hNUjR6Nm1UQmJ2VWYyU0V4NmFiSFpqazJ4YzZvbng0MUNFaHBPcFpTWU1tcHUtU2h0ZjFSMA?oc=5,
rss_google_news,"Fri, 02 Ju","On new stadium's opening day, here's what casual fans should know about the Columbus Crew - The Columbus Dispatch. On new stadium's opening day, here's what casual fans should know about the Columbus Crew  The Columbus Dispatch",https://news.google.com/rss/articles/CBMiwAFBVV95cUxQYzV2NF9hSlNPbDctRHh3QVZrbDJ5dXp3Tkp3cHhsckViLWxUc1ZaTmk4WG5GM3hNWjlwb2lCeFdtUDdvOW1FWUtTMU5ibFdrM0s3MlZYUHpXd2wzX1EwMlcxa3ZLYkh6eG5pMHFuaUF5YUZ3a3NlRXFyQzhFdWNTWjNaVUVCWHo3VEhTcTBLc2lhVXJ3VnZtQk5Wemk0V3lGamUtcXQ5NE0xSTRqYjdUcUppMEN6MEFEQzVNcTZYNGU?oc=5,
rss_google_news,"Wed, 01 Ju",An Oral History of the LA Galaxy's first MLS Cup win | #GalaxyThrowback - LA Galaxy. An Oral History of the LA Galaxy's first MLS Cup win | #GalaxyThrowback  LA Galaxy,https://news.google.com/rss/articles/CBMikAFBVV95cUxOLThxSjMyZnplS2hDOXBsM0c1RjhHV1VOY0VQZFk4STN6VGlRZEloYTFabGpCdUQzM3k1T05PZzdmLWtDZmlTckhJNXRmTmpuOEtwREhYdUVGT0REWktKOENBUHhIdDlTVzNWQmhOQ0dPazY2eTJyMzRwQk95WWhORG1vQUthRTV1UlRaaTNURDM?oc=5,
rss_google_news,"Sat, 03 Ju",Columbus Crew comes back from two goals to tie New England in new stadium opener - The Columbus Dispatch. Columbus Crew comes back from two goals to tie New England in new stadium opener  The Columbus Dispatch,https://news.google.com/rss/articles/CBMivAFBVV95cUxNMGRheUNpVlJPUTY2MDRZT0ZUQ2drUDFsR0QyancxZlJtYkVuY2g3NGtpbmpKbGxydlJCZ0w1WkZjWmdTbUNUQ3VITWZaU0VoaE5BMkhVc01pazZPLTgxRklwblBSdVExc18taXQwakJrdWZUTXhHNHY3YWpRRFl6dEJsTjNISXJvRmVaNFE0bjFCd3J4YXBWamkxUXFHVlhrNG51Q3Q5VmhtSS1wQk45WUd0YS1iWXg1eEJGQw?oc=5,
rss_google_news,"Mon, 09 No",What is the Supporters' Shield? - MLSsoccer.com. What is the Supporters' Shield?  MLSsoccer.com,https://news.google.com/rss/articles/CBMiY0FVX3lxTE1nRXk0cXFLNWZlU05fazFNdWRJX1Z3M1pIWndVTXR3emY2eG9xNFFiZk1TQVpjUnd3RFhOUWpQaDZ3ellaV0FYa0ljaEVDd2ljMmo4ODNxVnhYNG9LLTlNNU1XNA?oc=5,
rss_google_news,"Sun, 08 No",Philadelphia Union Wins Supporters' Shield With 2-0 Win Over Revs - NBC10 Philadelphia. Philadelphia Union Wins Supporters' Shield With 2-0 Win Over Revs  NBC10 Philadelphia,https://news.google.com/rss/articles/CBMi2wFBVV95cUxPUzNxN0NJdXZUUDRXLXBqeVlLb216OVZGOVFELVk4dW9KLUdzaDFfV19oOHBpdGplOEdTY0ZUdUpaaVF0RW1tdmxhZDJ3elBSMnRRUjRmZm9fVXJCVEI1LVgxU3FKTkpMQWZHeENmOTFnbkl3b085VVlvMVY1alhHRVE3WDZnQkVaZTFzaERQTllGUHFmeGtubzB2Z3BzaXkxUTVieW83UUVObmZiS2YwUlBEcU9BSTg2WmZmZmlXSGtUZjNBMzN6Z2lvTG1BQktpRmVVdm80bVFzRmPSAeMBQVVfeXFMTXZ4UXBUc1RzcFNHVjhzWWNRbHVRMXJQa3g3WFdYZTFlVnNMaUNkbGo1UWRicjAxWmU3dUx4bEU5WjQwMXdEa1JtTm5tRGpyQkV0MUlEek1jeUNJanpQelYzLVBhbndEVlNEcXdKTnJ3VHl3bmNKSUUyR3hKdTN6bDMtY0FwRUo0S3NhMnRjLWdFZUVmM0VhQTV5MlA2Rl9ZUW5Zbk9PaVJQdzdQazhqU3o5Z2dWQnFRbUxoMnVCVGY0R1pxNXROcWx4RUFVQ1F0SzRZRGYydFp2ZjJ2MHlHeWRMbVk?oc=5,
rss_google_news,"Mon, 25 Ma",Taylor Twellman slams New England Revolution on Twitter for 2-0 loss to FC Cincinnati - Cincinnati Enquirer. Taylor Twellman slams New England Revolution on Twitter for 2-0 loss to FC Cincinnati  Cincinnati Enquirer,https://news.google.com/rss/articles/CBMi4AFBVV95cUxPRnlxNFlSZzFQdUJaRmRfMjNEZTljYlQyOWoyTkNRSU56cGNmZExnYWhoZjVjYm1GLXVVMVNkRTBQWjJDN2tKUFVOdmVMR2RDWTd1NEVRZ25ZaGc2X0Q3aDIySEUtb0pQMnlFVjVRTWVzM25xbWEyczhkeFkwd3JZVVNZU1pvM2hwX0tQY3QxX0ZJSWJFcDg0VUJMQWk0Ykdlc0RuYVlxaEFBNkthYnhHajd0cXhFeFZvem1XM2xqaFlIWWtmdC1JM3FkLVVIeGVqOE1oU3JlLTFiWWdSbzJBMA?oc=5,
rss_google_news,"Mon, 14 Oc",Supporters' Shield is nothing if Inter Miami doesn't win MLS Cup - World Soccer Talk. Supporters' Shield is nothing if Inter Miami doesn't win MLS Cup  World Soccer Talk,https://news.google.com/rss/articles/CBMipgFBVV95cUxNWDZhRE50amRzVjdGaWNfUnRJOUpBaHZJRkhxQkV6M1AwRk9LQWNTcmZxaWs5TFJ3REctVFhNQ3UtN1hCNW9Jd0UwZTQ3RXR5VFNheHVLaFdreE5KbzE2bDI1YmNrSE1qb255MzVWMnZKa3NqaU1kb2pjVENfdlg2bkVSRkJGQ19HRE5OV0JhZGt1NGhhVGZvUGF1SmVYc2tianFDUWh30gGqAUFVX3lxTE9fYTA0Qk5aLTJMQ0V3Zlk2NGc0aFpHYVJSak9xUTc2LVFRd0t2ZHdhdkNLTGlQaXptZmNvR2F6bFBZTkhEeVB1RElHMTRJWS1RMXphb3JvWGJMQ3BTUUhQVlJfdEFHQ1hSM3RCS3dJTUltZHItSmd6aE9MR2tTaDlLb3N6dUdzc29qeG1FYXNGMlFPWVZHc0d4Zlh5MG1NWnJrZnZsbVpvd3pn?oc=5,
rss_google_news,"Sun, 28 No","The Revolution won the Supporters’ Shield, but when they want to show it off, they have to ask their fans for permission - The Boston Globe. The Revolution won the Supporters’ Shield, but when they want to show it off, they have to ask their fans for permission  The Boston Globe",https://news.google.com/rss/articles/CBMi2gFBVV95cUxQenFickxZblZaaGt2RnRHbG56SnZTQTlPdTF4Y3Y1dW9PUElNdFJQcjBSeUI1M1dEN292VE1IYmxLZlZfdnU0Qk1FU0NHMERpZFhjSUU5OXZfVFFHRjJHTE14TGNWWS1jaWZ3enpQWHUwS1lDZTVzdVZJUjZ0V0o0bVVKRnJpU0FEcnZfbFlSYVNEeFV3VjBGQzZCell5aHMyN3lzWWhOQ09OMWtRVXYyazJqNzlRNi13MlBlZmI1SFFsSUJXNDRoZTB3bnd2ZTFYT0Jwdm9JbEo1Zw?oc=5,
rss_google_news,"Tue, 06 Ju",'Incredible' fans make the difference for Whitecaps FC - Vancouver Whitecaps FC. 'Incredible' fans make the difference for Whitecaps FC  Vancouver Whitecaps FC,https://news.google.com/rss/articles/CBMigwFBVV95cUxPQVlTWjk4YnRLTTI5ZmNOWXZIYTVwUEJGQzlFNnpxUzNDX2l6RlRPekp2NlpvZG1vd2o3b3d0UFZHMmp3M0k4YVhUZUFpQ2pmOTJGVzFQYXBiczhXUU1iUVdXV3dDM3VwbThDZDBoQ2wwZmlkN05QNWhiRG5hSjdtakFMdw?oc=5,
rss_google_news,"Tue, 11 Fe","Soccer's Misery Index features Man United, Rangers, Malaga and other painful tales - ESPN. Soccer's Misery Index features Man United, Rangers, Malaga and other painful tales  ESPN",https://news.google.com/rss/articles/CBMinAFBVV95cUxQQWZBUjFrU1I5S0s5X08ycGVNZEtqYmFJc19LY3BGMmgzRW9kQkJpUU1tTGVwLWs4TEpqQjd4U0swSlpJVHZHeGsxamRBMS1sU3l5bERFei1hWUFILVVnTkIzR3dUNzZrVlRtMWU1MzhRbWhlSzNob09DbUlOemxXaVMwZlBieURzSHhaV3VfS2hGbGxKVTVYUnN3UXU?oc=5,
rss_google_news,"Fri, 05 Ma",Local Fans Of England's Premier League Forge Tight-Knit Community In Boston's Pubs - WBUR. Local Fans Of England's Premier League Forge Tight-Knit Community In Boston's Pubs  WBUR,https://news.google.com/rss/articles/CBMibkFVX3lxTE1ySDVMQVk5bmxFaU14RDVWMHNfUFBkNXh1aklET0NLY05zOHpySnZTczFadmoyMkdMaG9wM3ZkRThoMGZ6WTFOR0dFNkdJTXJaZE5OWVp2UExlTnloVDI0WWxjMkZSN0t2U3VYVWhR?oc=5,
rss_google_news,"Mon, 18 Se","Why Colorado Rapids fans are protesting, another entertaining El Trafico and more: MLS Weekly - The New York Times. Why Colorado Rapids fans are protesting, another entertaining El Trafico and more: MLS Weekly  The New York Times",https://news.google.com/rss/articles/CBMilwFBVV95cUxObjVIVlplVThWWHRGNTJ1SWczcE9weXhadWxDQTZBWUluMU1oX29lR3A0eW8wOGFmUzNrOHdXVFBYdUJxWFVIUElWVFJJc2FZRTZDbHk5YXV0REM1bTRXMHNNd2ZxcFlYZUgzci1GbVJVNHZZTDk5R0FJTHRuWDlrbkNtWHZSUGh4SU9vZm9vOXVYaDQ1YTJZ?oc=5,
rss_google_news,"Thu, 24 Ma",Robert Kraft - New England Patriots. Robert Kraft  New England Patriots,https://news.google.com/rss/articles/CBMib0FVX3lxTFBIaWd5ek84WmY2UG52LXA2Ujk1cTJJRmJwY1hmaHZGRXFRNHd0VGNBN2xJX0hRU0V3NmN5MTFsYkQyYXhpS2QwVkFKOFF3eVdwb0FDU01LY3c3bllmMnF3a0NCbWQ2WnEweHFNb081aw?oc=5,
rss_google_news,"Mon, 08 No",MLS 101: Supporters Groups | PTFC - Portland Timbers. MLS 101: Supporters Groups | PTFC  Portland Timbers,https://news.google.com/rss/articles/CBMiZEFVX3lxTFBMNGkyOENtRFZ0S3EydWRFX3JMdFJBZlJaRXl2aEw4WlNVY05PX3FyNGgwNl9USHY2Z1lwMGlYV0w2ZktfRURwdDRqTnh0ekFxR3RoUW9IYnh3X1Q0TzJweFVTRkg?oc=5,
rss_google_news,"Thu, 01 Ju",A New Home: The opening of Columbus Crew's new stadium marks a beacon for the city - The Columbus Dispatch. A New Home: The opening of Columbus Crew's new stadium marks a beacon for the city  The Columbus Dispatch,https://news.google.com/rss/articles/CBMiuAFBVV95cUxPbkVTRTFTX1JCTkhiWVlvTUVuWnJmQTVlaVowaGhnOE8xUVU4YWZQdUpIYm5YVUdSSlNZODNCN3NGcF9aS0Z4YlJqWHJkQTN3em1BaXFSSU9ZSHpSZTFwSmhtMmpmTXk5RjFiS1M1N0ltTktWMUZDS19VYjhSQUhkVFRiQ1BNak0zalRXT1ZRTjNrRm4xWXNldzlqMjBCcVltRGFNYjY3Mm5jekM1anhmLUpJYVF6TnNN?oc=5,
rss_google_news,"Wed, 04 Oc",Red Bulls down FC Cincinnati prior to Supporters Shield celebration | Replay - Cincinnati Enquirer. Red Bulls down FC Cincinnati prior to Supporters Shield celebration | Replay  Cincinnati Enquirer,https://news.google.com/rss/articles/CBMi7AFBVV95cUxQb3MzblNROXdCem9XS0J3V2FxclNDbUhlakNhS2FieE1BWDQ1VDB3NXp4QTdwTGVLT3NJM0s5QUFUNm1vZVBKYm5hU08wcnB6UC1SQXJrbHJuZ1pqdWR6MmJmMENURTIzNWtVdWtxeUtpRjUya19ET19jdHhNcjZJVDRNQ0lBcWw4UGp6SUE1dkF3V1NCZlQtOVhwSlY4ZXFpcHFDQXJpT09Bb21lVXIzX25UZEpjcENLNXJtQ0tXSDBxZ2N1UG5Xb25sUmNLTVpja1k2bERhUjVJMnVfeDZ4cjNNNFE1U0FvejVDWg?oc=5,
rss_google_news,"Fri, 09 Se",Red Bulls Player Gets Three-Game Suspension for Blasting Ball into Fan’s Face - Crossing Broad. Red Bulls Player Gets Three-Game Suspension for Blasting Ball into Fan’s Face  Crossing Broad,https://news.google.com/rss/articles/CBMiugFBVV95cUxOT1lFNTVNajZVbmtNdjF0bUx2UXo3UHRqenJGMDJNcXhKaTdoeGZ5VzAzOE9YQjI4QlZiQnVtU3JBME9xWm5VbXc2blNza3hXWUFpVVdPVHlKMHZVREg2Q3JrMnREUGZhRkZLMTE2U2d0bTZmWEphUnhXY01adWRXVVloM2h5QkNpR0R0bUFnYmR3THFrQTZhZ0c1NHlFTFFJdkJwNVhIUkhRbkUwVjFNUWQ5ZFZHYzN2Y0E?oc=5,
rss_google_news,"Fri, 16 Se",MLS weekend preview: LA Galaxy eye late bid for Supporters' Shield - The Guardian. MLS weekend preview: LA Galaxy eye late bid for Supporters' Shield  The Guardian,https://news.google.com/rss/articles/CBMihAFBVV95cUxPRFBVaHBJYkdDZnFsSFZPLWRDVDhzcVhGX3VGZ1oyTGl4OXNPNzJGM3pPOTRINm1HV0lhVDhaYU1USlhCY0VKV1lscWkxQVZMaWI4WHZYODY0alEtVnl4eVNuN2QxRXdDVnBYSmdsUUJXeHZvOVpGUnlrMVk3MlNwWWh1S1U?oc=5,
rss_google_news,"Mon, 05 Ma",MLSE boss asks disgruntled TFC fans to stick with struggling MLS club - Toronto Sun. MLSE boss asks disgruntled TFC fans to stick with struggling MLS club  Toronto Sun,https://news.google.com/rss/articles/CBMivgFBVV95cUxORmJqN0FsN1VMRE11ejF2ZGw1V2ViYncxaEgxeTBYMlNqdkpmNjdiZFhHOHQxR1p4TmNuM2ZzM05valFVa1BadzFObmpWQW1BZ1NLbGk3UlpFWlNvbUNZcVh6TVlNRTNuSC1PaFFuNmNVZGJrcjlpdlVqaDU1d2ZxZkJ1RGdMV3JPZ1hCMEh5N3dEblpEQjNBWFNKb2YwRFZxQmx6R2U3OTI1S2ZfS253TmRjS0EyTlZqQTJiNVFR?oc=5,
rss_google_news,"Fri, 03 Ja","Jahlani Tavai says Patriots fans need to ""know their place"" after booing team - CBS News. Jahlani Tavai says Patriots fans need to ""know their place"" after booing team  CBS News",https://news.google.com/rss/articles/CBMingFBVV95cUxOdHZjZFV2RHk4em1mN1d4QURFQjVlTDhScVZxNmd0cFZINnpTZWxRS1JlQUh5SEdrMzdqWGRyc05SY1R1UE1DUVpCbkR0c1Vab2xHVXVHRnpEZ3V1QlBJbDRaX01VMkltYkh0R0Mzek1YeTRZS1NzeFZ2RGI2Y1o4cTdwOW9WZG1WYVVMSmRiLWtBM0hyRXRvX3ZTcldNZw?oc=5,
rss_google_news,"Sat, 04 Ma",Rapids supporters unveil 75-foot tall “All Will Tremble” tifo at home opener - The Denver Post. Rapids supporters unveil 75-foot tall “All Will Tremble” tifo at home opener  The Denver Post,https://news.google.com/rss/articles/CBMihgFBVV95cUxPTnZIMGdDNGRYOUZRaS1BZGlULXhMd0NsMmZsUzBWRkpUUDVXVEVrZTlQZmZjUXZ0QzJxTHFTaUlqUFNJbGRvYzkzX3BLNjNFdUtreUFBMGlWcTZqNTh2QjJjMTV4aDFfQ19MWDNEQ05PbGhtb2R1MDEwTFR2MnBEenlKZGhKUQ?oc=5,
rss_google_news,"Sun, 17 Ma",Minnesota United faces New England Revolution in Foxborough with playoff positioning at stake - artthreat.net. Minnesota United faces New England Revolution in Foxborough with playoff positioning at stake  artthreat.net,https://news.google.com/rss/articles/CBMitgFBVV95cUxQZTA4a3VVbk10RG1NVk5PZnd4c3lJVzRsMGNyaXdwLS1HOENUSVdsdEQzY055Yi12NEExY09BYUZjY0xlQzZSYk40TXU1Q2dyRXRHWFJ5V09pU1o0bjlzMVR6eFQxUjh0cFFOZGNUc29TeWMxeWJjcmFiTGRJb05sR2g4Um14VDBkakJvOHh6WlU1SE9NYzc1bWhwZ25aRHlKQ2lNdXkzcDRZalAzLTBwWjV0QTFEUQ?oc=5,
rss_google_news,"Mon, 05 Ja",What do you think of the Kraft Group’s deal to build a New England Revolution soccer stadium? - Boston.com. What do you think of the Kraft Group’s deal to build a New England Revolution soccer stadium?  Boston.com,https://news.google.com/rss/articles/CBMijwFBVV95cUxPc1pmSnJRZHU5X3kyNUJCd0NRS0RqRldNa2ZKZUYwcnNwd2RaejlMcVdGU3d6SW9OSk9uczgyZm9OdENnVnlTZWRkeDhFQkhLVTBTUDZEQ3oxM2R2aEg5bUVKQVIwRFE5eDNjTEQ2bkZNdVdOUXdrRlkxdmlaZk1LTV9NYlB0aFVKbG1SWl9qYw?oc=5,
rss_google_news,"Fri, 20 Fe","Which MLS teams are most entertaining? MLS Watchability Rankings, 2026 edition - The Athletic - The New York Times. Which MLS teams are most entertaining? MLS Watchability Rankings, 2026 edition - The Athletic  The New York Times",https://news.google.com/rss/articles/CBMipwFBVV95cUxPUm5DR3A5Nk9fUU4zSzNTYml2YVJSNFVDZ0dZXzB2dHdPZ3o5MWxXUjFUSDJsUVRXQklxamFkRWwzbVR4bUZPcjk1Tjh1SHZzcy14UkU2NTR2YjcwY1RCcEtqR3FYY1VDY2ZGZkJ5enlLZk0xVDgtdXVMV1RMRTNMc3FNcDJqVzIwZkR2aUpIZDM5X2V4cWZDaU1QallFb3B5XzQ3dDVTbw?oc=5,
rss_google_news,"Wed, 14 Ja",‘Electric’ Gillette Stadium atmosphere brought back memories of the early dynasty days - Boston.com. ‘Electric’ Gillette Stadium atmosphere brought back memories of the early dynasty days  Boston.com,https://news.google.com/rss/articles/CBMizwFBVV95cUxNQVNLTGFwdFEySjY1ZVMzQm9VUWZ6SmNOaG52T3U3Nm1RTU9UaG16WnV3T3NLNE9SVU5pNHVfRGtfRm1RMmN2YjZHbGFEUExfa19nSUdtdnMzSzNKd0FnZFhUSDFWb2tRSnZveGd1d2tBTUd5UHo5bGlXR3d2YkE4VGs5SlNmUzNpR0g3OUFkM3FPem1TT0ZyaE1iT1hDQVNobGZScTZINHdtRDVqQkJDcTl2NHdJTW4zWTExQUZzSzFGZzY1dENkcjRBLTlRMDA?oc=5,
rss_google_news,"Thu, 22 Ja",NFL owner reveals $1bn stadium has unique advantage he won't surrender as team eyes relocation - talkSPORT. NFL owner reveals $1bn stadium has unique advantage he won't surrender as team eyes relocation  talkSPORT,https://news.google.com/rss/articles/CBMipwFBVV95cUxOQXRXbFJuM0VIZVU1NWFKdTQ3NTFXNzJVa3RKTFlGUS1TTlJLUUpuWXdGSGhLaXdCbDYxZmptZWt4Y1NRRjF6QzN1MzV5bFA4Z1g3d3k0RVJ5bG5ZQzF0ODBBRVItZGZ5LV9XQmRjU3UyZ05VZTMzSFlBWFNGb2QycE5pZ2ZuS3hpWGNNeUJScVJtWGJsZzJaV1RtemhIeC1Nd3hVdmlaVQ?oc=5,
rss_google_news,"Wed, 06 Au",Proposed Soccer Stadium Bordering Boston Kicks Up Controversy - Engineering News-Record | ENR. Proposed Soccer Stadium Bordering Boston Kicks Up Controversy  Engineering News-Record | ENR,https://news.google.com/rss/articles/CBMinAFBVV95cUxPM2VoUlJubTZJZ0FIWnphU09Rb04yN190OEg0TU5OemU5YnNxV0N1Qm1vZ28wWXlKRU80VXpDQXNQdzRqZk5xcXp5OHFBUnJ1YWNjVDVfYlpHdE5DSXozaUtmUE0tS1ZIdFpBY3ZELVBMQnoyMm9MMFRfS2VqYmkwQTZDamxWa18wWjRFZDhFRXNjc1pyOXhESzcxVEQ?oc=5,
rss_google_news,"Wed, 31 De",Kraft Group and Everett reach deal for future Revs stadium | WEEI 93.7 - Audacy. Kraft Group and Everett reach deal for future Revs stadium | WEEI 93.7  Audacy,https://news.google.com/rss/articles/CBMimAFBVV95cUxOeXR5VGhMaWM2R2ZQanVfSWtlaGREaFFXaXdyQnlTQm5JUmRCRjlRR21MX082STFxZ3dsRmE1LXlzdmR1NkhKWmJrQVVaUl9zTHhGQ0QxSDBxR1NrYnQ5RDdZZGctckVVUlBQSVZTbEt2bkM1N25ETGNpTE5Ud2hsMTl3VWNybHVLcV9OUG1weXViUG1OTW15Vw?oc=5,
rss_google_news,"Sun, 04 Ju",PORTER | Lower.com Field atmosphere ‘exceeded all expectations’ - Columbus Crew. PORTER | Lower.com Field atmosphere ‘exceeded all expectations’  Columbus Crew,https://news.google.com/rss/articles/CBMimAFBVV95cUxOVnVtdHJlaktyV3dKamFRa1gtSEZEbkJzWnZCNmRZNXhXbU9SWDBoU1EwVV9TRWFWZkdnUUpzNjFlRUtNa0hLSExqeGVvOEFReDF6ZU92bVR1THdPQmg1dmlPaldVelJ0MnVZZDBuNXY5T2t1eHRQTFoxZlR1TEJHakE2YlBhbGFkQ3FfM2VHcXRLQTBnZDM0Rw?oc=5,
rss_google_news,"Wed, 18 Ma",Gillette Stadium - New England Revolution - Stadium Journey. Gillette Stadium - New England Revolution  Stadium Journey,https://news.google.com/rss/articles/CBMibkFVX3lxTFBlYVhkSTFWSjRXQ0c2MllsYUFqNThGNTI3aDBEYUlPdjFtN29JQ3dWbUpZVnAtSlprTExfRjlLd01mV1JzYUdUV3FfN3BUdWU2ZDJWQ0JtRGFTZEtiMjV6eDJUYncyQlJnR3p4bTF3?oc=5,
rss_google_news,"Fri, 24 Ap","MATCH PREVIEW: Inter Miami CF Back Home, Set to Host New England Revolution - Inter Miami CF. MATCH PREVIEW: Inter Miami CF Back Home, Set to Host New England Revolution  Inter Miami CF",https://news.google.com/rss/articles/CBMiqwFBVV95cUxQTWR1N1ZMYVpzWjd1OWhZQjM4dW5uRk8ycnlxcVJVREpWMGpxVzllYURGd1p2SFdSSE1UekdCWDljeVNUZzlkSXlfS0ZVMDNqN0o2LWZfS0FGVFZBZHJST25yaDZId0ZYRXlZOGlnbUFWVl9xNXpIT2R5TjYzMDByX2lUZmdOb216TDR4NFFENlBpTVhQcFBXX21CUVU2R3J6Vms4dDFCbGNLbUE?oc=5,
rss_google_news,"Wed, 31 De",Kraft Group reaches deal for new Revolution stadium in Everett - CBS News. Kraft Group reaches deal for new Revolution stadium in Everett  CBS News,https://news.google.com/rss/articles/CBMiogFBVV95cUxQQWhVNE1rZmEyTWhVYmlqRTNLRE5VaF9FbHFfZ2cwN2IxNUZMTk1icjVPbVFiNmw1MmdmUHpBMG5iazJrUEN4MGRFRlJTVzlIajZOQlhLc2ZpWDg2VDJJUU9pQ2RyOTlrQ0xtZ2d6YTc1NXhjRS1vYkJZeEVFU0JyUEdEZ2RpU3JyVEQwYVhUbzJuQ3hKOXd4WEUta2F1dzJaZGc?oc=5,
rss_google_news,"Tue, 06 Ma",Preview | Revs return to U.S. Open Cup with Round of 32 showdown at regional foe Rhode Island FC - revolutionsoccer.net. Preview | Revs return to U.S. Open Cup with Round of 32 showdown at regional foe Rhode Island FC  revolutionsoccer.net,https://news.google.com/rss/articles/CBMiogFBVV95cUxQcW9WSzlwcEpTLVRiZGhFVkw1blo2Z2pMYUdwMmw5ZjdlZkZaX1gyQkpiY3NxVzRick1YVnlCTFdwVVJhOU1aZTJjTGdmWHNrTTRlU3hUb0gxLUJySktCemJhcS14OThSNlVfRU9PaHF4TEpLVktHX2JaQWtDc0NDc1hGdmkxUEdYaExSb0g2S1dRWnlaS3RwbGZ4VHpIYUVRYkE?oc=5,
rss_google_news,"Tue, 01 Ap",Robert Kraft cited issues with ‘political people’ over Revolution’s Everett stadium proposal - Boston.com. Robert Kraft cited issues with ‘political people’ over Revolution’s Everett stadium proposal  Boston.com,https://news.google.com/rss/articles/CBMiwwFBVV95cUxNUlhOY0ZwRzlXUmFVMFlKdm5oQml3WHpaN0Z0eUZLajFGMnBxX1FodUVPYmloWVp1TGlDTWJabWkyWUNPLV9ZNWRVWHUzYmhFQjhCYWxHcko1QjBFUjNNYTRvdEZ6SDdxTHlEQTI5MGRZZ0VmUDZoa3VTN1UxVzdEcVA2MXhHcU9pYzM1YzdqX1BKTHpCa3kxWXVSY00zTXhSTFFmYy1FUmlhc2Y3WWVDWEdtYWV6YjdoUjhoOF9mdWFxSnM?oc=5,
rss_google_news,"Tue, 29 Ap",“A dream come true” | New England Amputee players relish chance to shine at Gillette Stadium - revolutionsoccer.net. “A dream come true” | New England Amputee players relish chance to shine at Gillette Stadium  revolutionsoccer.net,https://news.google.com/rss/articles/CBMirgFBVV95cUxNT1ZJU29fdHZqWEg1OHdFbWZLamZ3NmFWZ2NrbGVETzZORlVlUDJvRUswMUc3UTlqX3NGdWhqbVBrSUt4Rl9hdi1aVExfVnFyd2EzZG5UU1cyMHlkTWZrUC1SQUtNUzJQYVBZejlySGQ1T3h4dzVoRWlmSVgwWV8xRnp0U1p3QnNEUWlxOThuaTVLY19EcTNHUVJhcFNtUlAzeHJ1bnlkOUxlRFVteEE?oc=5,
rss_google_news,"Thu, 02 Ma","Preview | After season-opening win, Revs prep for home opener vs. Houston (7:30 pm, MLS Season Pass) - revolutionsoccer.net. Preview | After season-opening win, Revs prep for home opener vs. Houston (7:30 pm, MLS Season Pass)  revolutionsoccer.net",https://news.google.com/rss/articles/CBMitAFBVV95cUxNZjYzN2M3ZGo5N2JSZUhrdmpIc3FMbFlmNHR2eUMwZlVqOEZxVDl0aXZKYnIyczVzTHJHZnNyeVoxZmVMMXc0UDEtc1JQN1R1RVBxSl9yMUFwNGFYdFcxYWZ5cXdoUU5qTGF3WF9wYjNZSTA4UjFXM0FrcGN1VF96Q2VFS1VfSktEMDdsM0NZMU9TcHowbTZQS2VzMFFZMFVFdDU0cDlNdU4xZlpwVkZJeGh5aFU?oc=5,
rss_google_news,"Fri, 19 Ja",Your Friday Kickoff: Ranking home-field advantage for every MLS team - MLSsoccer.com. Your Friday Kickoff: Ranking home-field advantage for every MLS team  MLSsoccer.com,https://news.google.com/rss/articles/CBMinwFBVV95cUxOay1CZ1NvNXBPbDNsZnZVbGotWjE5MWdzbnhCMy01N2xqTlNMUmtmQktGTHFKcXJQMGM2a0xGZ2ZBdVFlUWhJSkF1TGFoT1d4Unc0clBHYlFYRkRzbVluazkwWWo2QkF4Smd0eXltOWt6UVN3RHB5Tm1Ua0VHUkozVEl1bW1SLTBlazh4eEFGUnZJSVpINkRZc0VHaktMSUE?oc=5,
rss_google_news,"Mon, 09 De",Revolution unveil $35 Million Revolution Training Center - revolutionsoccer.net. Revolution unveil $35 Million Revolution Training Center  revolutionsoccer.net,https://news.google.com/rss/articles/CBMimAFBVV95cUxPc3FOc1ZtcEVFdUQ5aUpka3ZSUWlRTHg1Mnl2dm9NLVE5RzA1OFRUWVlQMWdsUFpOVU5iNkEzeC1pRFFMRzlzX1p0OGNsNm5GVHg0OVg5UkJWU0V0c3pxMW9SV0tYX0wySDBFV3dQbVFnVklCQUZFaFNxdmdfSTVRMVlmSng0MDZBOUkzSVYyMmgwazkyVDVEQw?oc=5,
rss_google_news,"Tue, 02 Ma",New England Revolution launch 2021 Community Kit with nods to The Fort - MLSsoccer.com. New England Revolution launch 2021 Community Kit with nods to The Fort  MLSsoccer.com,https://news.google.com/rss/articles/CBMikwFBVV95cUxOUmF2TUJJRkI4QlVzSjExbl9Qdm83eEtkWGtUQ3lTNGpjMGNBM254NmlROUhKbVFFYnFvQW5sOS1XUnllYjRJX3VNQVJQVnRhTlVSeUJQQ1dYYm5tdnhKZ3Rwb2JmTTVfRFBGcHZ6QzhkeU00VVcwcHpMRU14UWp1R1oyMzVJZ2pkVjd4TUJOV3AwOE0?oc=5,
rss_google_news,"Sun, 01 Ja",Stadium Journey's Major League Soccer Stadium Ranking - Stadium Journey. Stadium Journey's Major League Soccer Stadium Ranking  Stadium Journey,https://news.google.com/rss/articles/CBMinAFBVV95cUxQQ3RlU0lPc056YVMtVU9IYXJUZ2piQW1nbzM2cFVmbWxJb0Y3cmNnR2VYako4bmRzR1pEYkpuSmQyaXlvQWNJaUtDeVZBaTl0LXBDLWM2eGNVR0RxZWwtMjdRaVRrdlo3SE1yOU5RSWxueUdMTzFNekNJQmZlV1h1bzBPYjBKMDV6bzlvSWhYckxOdWtRRVBFdE1nZDU?oc=5,
rss_google_news,"Sun, 04 Ju","‘Loudest 20,000 I've ever heard’: Columbus Crew reacts to atmosphere of new stadium - The Columbus Dispatch. ‘Loudest 20,000 I've ever heard’: Columbus Crew reacts to atmosphere of new stadium  The Columbus Dispatch",https://news.google.com/rss/articles/CBMiugFBVV95cUxPS3diT292MTFIdUp1a3FYVWdBaVBGektuNkpCODZCRWQ5UlNoVTRYT2dNaXo3amstc1ZsS1RSRElIZmlCZWR6Q1FYcDZkMW9pLWIxRzhRdnFsX0wzUDVRWFdKTnlRWDhhaFJMMU12YUZjVkNLYjl5VGdXRndDVVVNR0xwNEpaRnZYdmZjSUZ4SE1WQUYxQ3d4cklqOVdZUWVsVlFqT0lyQTVzMEc5Vm9IZ1UzVXVFRzFMN1E?oc=5,
rss_google_news,"Wed, 09 Fe",Ranking the MLS stadiums: Part 1 - The Philly Soccer Page. Ranking the MLS stadiums: Part 1  The Philly Soccer Page,https://news.google.com/rss/articles/CBMifEFVX3lxTE9wSVhXc1dQSU5iUGhJS2cyX3Q2TmZsUVlWako1cEdVMFlhVnhyQjY4ZlpzRlhxTlF6TThmekpNbzM1ZWZhZ1Z1Y09EZVVOUDg0OGpYMElRME1TWVpzelpRUUp6UVRnc1F1d1kybVBlcGpBcmlPUkZmVHFDckQ?oc=5,
rss_google_news,"Thu, 28 Au",Ranked! The best stadiums in MLS - FourFourTwo. Ranked! The best stadiums in MLS  FourFourTwo,https://news.google.com/rss/articles/CBMid0FVX3lxTFBRelpnOTRlVnF5a2FPc05YNzhkUjloTEJZSFA4V1FDRUxDeElxbGw4djZsbzJMdGtrdFE1SWtKZ2VfMkVXOFd5ZWFQRVdJdUZQN3dLRlNkLU1TNUgwQWxndkVZZVNNVl9xY25kLXktMVptUGt3YU5Z?oc=5,
rss_google_news,"Thu, 01 Ja","Kraft Group reaches deal with Everett, Boston for new Revolution stadium - CBS News. Kraft Group reaches deal with Everett, Boston for new Revolution stadium  CBS News",https://news.google.com/rss/articles/CBMirgFBVV95cUxOV0tPUC1hV21lSk1UVUplMjJpdHk1c1FWLWVMa19RMVJWTmhHenZzZy16RDJ0N2xKanY3OS1SQjkyYUFKRFA2OU5DdVFjTXVhdDZ6ZGltZ1RnVGhpcWVJR1hMc3RkbVhnZHA3MXgxRms5SE00MzUxa1dSOVlKdmZrMVpsTnJVdDFuSFc3cExlZmFBakpuN3lmRC1HWjQ5WEozSkJON2gzWERwN2xlZWc?oc=5,
rss_google_news,"Thu, 07 Ma",Training Notebook: The best atmosphere to play - Atlanta United FC. Training Notebook: The best atmosphere to play  Atlanta United FC,https://news.google.com/rss/articles/CBMinwFBVV95cUxObEhGNno1Wm5UNXFkVjN2d2xLdFNoeDhlM3BXQXZaWTFHX0RsNTIycFV5V3R1bmQxa2taMDVjUG1uRlF6ZGRWSlZtYzdWbkUtbGN2bnozek9wUF9SWnZGUmlKOGdEUDc0alZNTWl4Xy1ibGxTeUVLOUdFd2lRamRZUTB5LU9UaWZxWWVzbWstcDMzTE1DWVZFbFo0RE9IMTQ?oc=5,
rss_google_news,"Sat, 28 Fe","MATCH RECAP, pres. by Provident Bank: Hall Scores Again as Red Bulls Top Revs, 1-0 - New York Red Bulls. MATCH RECAP, pres. by Provident Bank: Hall Scores Again as Red Bulls Top Revs, 1-0  New York Red Bulls",https://news.google.com/rss/articles/CBMisAFBVV95cUxOWk9mcld4cGE1S0xITTFXN1UzS2VVRUtCdjQ2ZDkzNzQyZXd2VTktQk04UzhlNzhqeUNYOTBXUkpPSDZtR2hiNEtBOG1ubmJjdVQ4MFFaYk1zX1RjeDNJckpqR1NESm1uRVhtdElRVC0tdHczTTdzRzk4MnZOYndwN3ZLUzhxeXJTZnZUOWVsTFg5dGpzLU5QTGFwUURSQmxreTg2VEVESUp6RVJzb2F5Rw?oc=5,
rss_google_news,"Wed, 14 Ja","Robert Kraft says Patriots playoff atmosphere ""brought me back to the old days"" - CBS News. Robert Kraft says Patriots playoff atmosphere ""brought me back to the old days""  CBS News",https://news.google.com/rss/articles/CBMipAFBVV95cUxPZG5KY1kyeGhaVktLcW0yYVdpeWhtUXpmVHdOeXhpU0ZsOTIzd2hQMDBSUnFYZ0l0ZTF0QUdKbHcySmp2aEY2Z05ldHpDMFRkaWdtY3c3dENIcEhPUjJQQ1dXSUttaU4xS0RqUHY4VTRPT2RrUHRnam5Lam83dlM2WDFzZlo3SHB3cGhocDlpTkJyQzRHdXJIWXU2SlUyU0c5OUJoQQ?oc=5,
rss_google_news,"Tue, 01 Au",Blasts From the past: The New England Revolution’s End Zone Militia keeps MLS originality alive - The New York Times. Blasts From the past: The New England Revolution’s End Zone Militia keeps MLS originality alive  The New York Times,https://news.google.com/rss/articles/CBMi3wFBVV95cUxQOXBoSm9faXdyQkhCbk1Tcll2ekxMWUhvN2VIbGhhQzg1MzVzUHQ5OFJKRHB5d2dKUERKaWU5VVlOWklsVWFKaDdCMjBaR2NWWFkzd2kwbEJoa1hMbm5FVzc0TkVkVlFnR3VfRmZlLWFfQmxxb1J2aVVvcTZnRlhyX0oyVENicVk4M0VydVYzckxsYlR2SEc0SlRnSnhxd3Nkei13b2x4cjFTR0Uwb3FLZFRZWS0tTkNrRkhoWTlWOTJXejNoTnJibjk1M2xhSzRnMDFETTJpLW9oVFNoRlI0?oc=5,
rss_google_news,"Sun, 03 Ma","New England Revolution vs Charlotte FC: How to watch, live stream, TV channel, and kick-off time | Goal.com US - Goal.com. New England Revolution vs Charlotte FC: How to watch, live stream, TV channel, and kick-off time | Goal.com US  Goal.com",https://news.google.com/rss/articles/CBMixAFBVV95cUxNOTVuSlhJUVkxMGVBLUNQWi1NTkVhUmdUV2RCc052Zkd3MXhpNzZvRXdIUWJNQ3pFRGxaeUU2YzB5WnhFZXZpUVFfcDhfMHVwYXdyaFFxYlhyLXZfdnp4Zl9wRVUwVGZZMzlmMjhQbzg0cTRzTmh1M0JfM2tBRXdtbWhZNUF2Z1pvSUZUc2JNOEdzVEZaQ3hJQ1RBbXdSTUxmdGJkWFhiZFBuQURaR3RtN3VXZHljaTI2YnhPcms0bWFUcFhx?oc=5,
rss_google_news,"Fri, 13 Ma",CT United FC Announces 2026 Home Matches in Storrs and New Haven Ahead of April 11 Home Opener - MLSNEXTPro.com. CT United FC Announces 2026 Home Matches in Storrs and New Haven Ahead of April 11 Home Opener  MLSNEXTPro.com,https://news.google.com/rss/articles/CBMixAFBVV95cUxORGM1enc1ZXNIR1BDZWR3dnFMUkkxMDRGUTdZV0cyQ2tfcjhvelc1TlZ5SnZ4YzExVXo4Tms2ZDRqeVJsOThwc2daclFtQ2xGMmdvbVpOa0tKbnA2N3ZnR1RfVlllcHdEMUxaZkdfMFdwMWYzVmRDdVZSRTc3UmlIbTU5TC1DeXhNazFiTXIzbUI0MXJpTWpaQlpwYm8yWTNmSVF1SXZQbTlQc1BNdWZ0cktJMGJjdlI3S1RDU1Y5WnZ4R2Fm?oc=5,
rss_google_news,"Wed, 25 Ju",Nashville SC beats New England Revolution 3-2 behind Sam Surridge's hat trick - The Tennessean. Nashville SC beats New England Revolution 3-2 behind Sam Surridge's hat trick  The Tennessean,https://news.google.com/rss/articles/CBMi1gFBVV95cUxQLVhsWVhXaEQ0V2pYelBhbGRNYlliQ2VWLVJ4aXQ5QUtpNnlDczVGT1RXUFg0dTFCbzc0WHRrMDJMMTdsc0Z0ZDBzVGRIZDJpUnRDcmwtQVgtbE1wZFVkSTRFV0ljTGlNV2JDZmtUY1RkOFZ6Zk5Sd3hja2Z0VmJlbHFIR3BOSXRDajFITG8zSzg2a012QnNPM18zNkNPX19YcFlKVUtSZ0VvN2xXOUUxVUZNbk4xVDlsY0c1OWo2U1VqNkd0Q3R1VmxZRmpVaFd1RzNjbkxB?oc=5,
rss_google_news,"Mon, 24 Fe","A Complete List of MLS Stadiums: Locations, Features and Capacities - Sports Illustrated. A Complete List of MLS Stadiums: Locations, Features and Capacities  Sports Illustrated",https://news.google.com/rss/articles/CBMid0FVX3lxTE1DMGM4OWtVaWlFV2xKYS15ajNFU1NvMTF6bzRmY2hrWVEwYzFVa3ZRVFJuNEpkWDN5NnNXeW42UVdrOXllQnVTejM4TXlkNWZIcHE3S0RpRm53UzhLTEFEbmUxREl0SnFIbUdGWkxRdnc5Y3JiMVhZ?oc=5,
rss_google_news,"Fri, 19 De",NYCFC kicks off Inaugural Season vs. Orlando City and New England - New York City FC. NYCFC kicks off Inaugural Season vs. Orlando City and New England  New York City FC,https://news.google.com/rss/articles/CBMikAFBVV95cUxOeGxaR0dmSzA0azBZNFktWWdoX1g1eF9VYWhqbTc5djlJaXNfbWdQWVpXN05hYnZTbFgwR1dmbkxCWk1UVmFyaXlnS1Q1clhsdHJLUHVzX3hlREFXYXNuZkRnNWVLa283WGJrZEVVNGJGTXpDcXV5V0d4Qm9HcTBKVm1yZFMxQ0pfUlRtaVROUmU?oc=5,
rss_google_news,"Mon, 09 De",New England Revolution show off new training facility - Boston Herald. New England Revolution show off new training facility  Boston Herald,https://news.google.com/rss/articles/CBMimgFBVV95cUxNazV3UmFkTlpRTDhQbS1NcTV5NmtWcDNGMG82MldjeDQ0dzBueFhYUWIweE55cS03NjIxcmdhQ1R6eks4ZzluT0Rhd1BiT0FfQjRzOERZV3NBTW02aTVRVVNZelFBdkV5Q09MSkN1cDNCM3g3d05fY1dQcWxYVWh3bGJhWjRxd3pZZXpKSkZkYWRuRTBZTDhiZmln?oc=5,
rss_google_news,"Fri, 14 Ju",Kurt Larson: The 10 toughest road trips in MLS - MLSsoccer.com. Kurt Larson: The 10 toughest road trips in MLS  MLSsoccer.com,https://news.google.com/rss/articles/CBMieEFVX3lxTE1JbjR6dTJmVWxEQUJYQ0ZWQlR2WFJuajFQV3dXTzJyZ1VQRzEyU1FPV3JocDM1N2FnNnMtNU10UVJiUkllRjhKS1BIR3dtc0h3UzFRN3d2R3IzdFluYWs2ZXZVWG1SVTNLLTFTOU9DcmxMcmx4aXFjbg?oc=5,
rss_google_news,"Tue, 17 Ap",Ranking the best stadiums in Major League Soccer - OregonLive.com. Ranking the best stadiums in Major League Soccer  OregonLive.com,https://news.google.com/rss/articles/CBMimwFBVV95cUxOXzFVQVBieFV1XzNzZTVFYTdESXJfckU0ZTgxamJMaGE4bUdrMnZMQW5kSG1SQzVQb2RvUzcwVWhqNzZNRnFSS1dtNVFMSXZGbmVwTjZveHlMWHV0LWlYdmFPQkJzNzktQ1VJNEpHY2RHZnNuUjl6RVZ6TkZlbFhXandsS2FSSG0zMWs1S3pmQ0I1a1lBM1AxbVA1Yw?oc=5,
rss_google_news,"Wed, 06 Ju",MLS Futbolito returns to Gillette Stadium July 8 - revolutionsoccer.net. MLS Futbolito returns to Gillette Stadium July 8  revolutionsoccer.net,https://news.google.com/rss/articles/CBMiiwFBVV95cUxNMEt0YnRzdlNLSTBvc3pMdnFybV90UkxFWTBMZzZfRTVhbElUTERtdmVtVWlSMW1OSWpPSEMxWUN6ZUlOTEV0dUlObmVoeDRfclAwYWxBQW5tRUNjajVSd3diRUkzczNmTHpLc000MEhDUTdvY0N3enNtSUJLWEJib0gwdHBwSUpQVVpV?oc=5,
rss_google_news,"Thu, 10 Ma",Supporters Week: Players rank MLS' toughest crowds - D.C. United. Supporters Week: Players rank MLS' toughest crowds  D.C. United,https://news.google.com/rss/articles/CBMihAFBVV95cUxOb2tqYmtUWlpfSW9xOGtoc290N3VmZ2pCd1FsaFdDQzgyVm1wS0pycTBXTGdtUzk2Sng5OVZIMS14N2g1b3NTb29Eb0RhejZFRDJHd2V4SndWLUpGRHdXb2MtSTZ6OENFV20yQktNME9RZFo0NTBHbUVmaFBVTGJqQjhXWnA?oc=5,
rss_google_news,"Mon, 11 Se",“A lot of memories” for ATL UTD in first match at Mercedes-Benz Stadium - Atlanta United FC. “A lot of memories” for ATL UTD in first match at Mercedes-Benz Stadium  Atlanta United FC,https://news.google.com/rss/articles/CBMiigFBVV95cUxOZkR3M1lzczgxVHByUFNNXzdSQlFDamFWanA3dzZ3dHZ5WkhqOVg4NWlYRGVyQ1dJVDRweVNpbWRna2p5S0FHMHJYODJQM29hYjlkSE13MU4tcHhNYkJ6b2VrZU1sS1lzMzMwRW91TWtiYjdxMzI2ZEJQX1ZTQWdvZVdEWG1tdU10S0E?oc=5,
rss_google_news,"Fri, 17 Oc",Gillette Stadium adds more stakes to Medfield vs. Dover-Sherborn soccer rivalry - MetroWest Daily News. Gillette Stadium adds more stakes to Medfield vs. Dover-Sherborn soccer rivalry  MetroWest Daily News,https://news.google.com/rss/articles/CBMi-AFBVV95cUxQUThuQXNKeHhPbGFsRzNJZHo1WmNleFAxMWN2NHhzamNCWFJKSmZQZWVRTHVTX0xvQW0ydVlxWVpuZW9XaHIyY2xxNzdRWWNLc2ZkYW9FUW9MR0p4RlBERDFZbnF0czVZU01SVWhDLTNRSnFCaWU1YWEzVnBwUDNlaGFYZkg4Qi1seFVLU2FOV1VTWEdfZEo3UTdyLXpieUxVUVFnRVRTNkJvLU92OUdUdDhUaVg5REJwQ3VydFdZbEhaZ19pWV81Z0k1RTB5THJJSHVZSXBjRXljT1A4TkRmYUFFT0RYeFJLQmNLYkFQUXFFYjE2eTNBWQ?oc=5,
rss_google_news,"Thu, 15 Ma",CenturyLink Field set to open up for the first full stadium match of 2014 season - Seattle Sounders FC. CenturyLink Field set to open up for the first full stadium match of 2014 season  Seattle Sounders FC,https://news.google.com/rss/articles/CBMimwFBVV95cUxObkFuZUJCRkhVS2ZJSmh5cEVJaG5Gc1JxUWV2M2stOGZ3ZEZyQ3ZyNTBUTmI4TkdTZXR5ZTJPa2U4Ni1CX05FVUpKZVRBb0d3OU5vQ0w0a1JacFZ1dUswcWJ5T3d1ZTlvOVVNQ19hT2pqNklybHN0T3R6Q3Y5TTllMWdvTkVJLTJkNkdWeEdPYkNmTUxQaVRuaklZOA?oc=5,
rss_google_news,"Sun, 02 Ju",The Twin Cities have a beautiful new soccer stadium. Why doesn’t Boston? - The Boston Globe. The Twin Cities have a beautiful new soccer stadium. Why doesn’t Boston?  The Boston Globe,https://news.google.com/rss/articles/CBMi4gFBVV95cUxQZGJKb01Qa001UkFFQzJJVEJnS0FVZjdPM2lkZ19uVG1vaDNRblZsRkdiSGJfZlFrcmpZbENtVUJtMy1sakxzdzJHenRFOVZscWNSMW1EakVxbTFqSnVCdGxPQ3MwdV9tcFZaNW1rdmtqOFBkNnRZUGQ0ajlRaTgtZkE5Wk5mTmE5c2RKaFBGRW5lc09rX3lRbVJrVHUyY3pZLTg1X2E4WW9IMXR0bUVEUWlhdHp5MU96WXdZUUoyZHVxTDVURTdoVUc4QVprWXphWmNKbm54VjB0QUUySmo3cDVn?oc=5,
rss_google_news,"Mon, 25 No","Rhode Island FC is opening eyes, changing minds after impressive debut season - The Providence Journal. Rhode Island FC is opening eyes, changing minds after impressive debut season  The Providence Journal",https://news.google.com/rss/articles/CBMizwFBVV95cUxPcGktNXRMNnM3R1hDc0RmcTVYYXlfZlZid0xJNEp6ZDNfVGw4UTFaMzNhdFlmOHJNV0Zza0ozRTRmeVJ6ZWtjQnFvcGpIYlAzckR3LUFPQXJBS3BVVW9XbHBxSldudVVxRmI5Y0xuMHZBVENIQm5vanA1eVFrend3dnZ1MGJ3b0M0X1FrNUxLOXlaZFByc2hzcVlQT01JNGdFR21RWm5iVEFUSGc2U0ROVHpEbkU1WWhIWTJqaHFoMkphdE11N0dtdnhBQWk1Z1E?oc=5,
rss_google_news,"Thu, 10 Ma",Supporters Week: Players rank MLS' toughest crowds - LA Galaxy. Supporters Week: Players rank MLS' toughest crowds  LA Galaxy,https://news.google.com/rss/articles/CBMihAFBVV95cUxQWW4yMUQzcllXVnZHZ2JxN2dwWm5Tc2s4SG54Yk1SSG94Qk90ZzJFTkUzQ3ZKaXZfVF9aWVpUTTM2VzF4UGY1OGZyQ0VrcHJLT3UzcGc3LVg2UWg5bmxjOVg5YUY4bGNNSmxWX05sbnlNSGlLOFhxa01vTlJJT0FqbHNqX0E?oc=5,
rss_google_news,"Wed, 22 Ju",Unforgettable: The most epic full-venue moments at Mercedes-Benz Stadium - Atlanta United FC. Unforgettable: The most epic full-venue moments at Mercedes-Benz Stadium  Atlanta United FC,https://news.google.com/rss/articles/CBMiogFBVV95cUxOeHlnYWNld2lFZVhKQXJVUWZuV0lRRS1KMzRISGFEcDJhZkx0eS1wNjVnaXI1cjdwWEpZZ3o4a3VuM1NKYWdsY2dIY1lBc1h0dmc0cXRaYU9aa1dGNThBNVhkSGFIWHhOWHFBWlIwWkV2M0tBYlJPTDVHbnZQVUdhZWNfUE5lbVduMjlEYkp4QW82TnZtaWVNZEhYVFpZR0hUMWc?oc=5,
rss_google_news,"Thu, 28 Ma","At Gillette Stadium, Cincinnati FC player Greg Garza recalled the good times he spent in Portugal - Fall River Herald News. At Gillette Stadium, Cincinnati FC player Greg Garza recalled the good times he spent in Portugal  Fall River Herald News",https://news.google.com/rss/articles/CBMirAFBVV95cUxOZ0JuUTlPYWw3T1pRTjZaaFlWLWVHMXlqaGdfTW1TUDAxMm80UmdHcUZQM09wcy1wX24wNzYzbld6dFd1LUxtdl93UkFrSENMZ1FSV1IzY204MTc5a0dzc3M2SzA1d2VaUGVfbThuZ1pBbldZZ3VPUWVpaEZTbFhVLUdLNzBNTDZZaHktNWlWQ0lvZUloUy1iNEF5SFBfcmhhTmxsQk9SV04wNXN3?oc=5,
rss_google_news,"Thu, 17 Ap",St. Louis City SC vs. Sporting Kansas City – Breaking down the rivalry - prostinternational.com. St. Louis City SC vs. Sporting Kansas City – Breaking down the rivalry  prostinternational.com,https://news.google.com/rss/articles/CBMirgFBVV95cUxQUkhfQlU4S1Rqc0k3ZWhUT3RTNFVpVEh5RUNWWDdQZUswR3JCNFpPVy01Y0EwTldNcTQ1ZmxITm82Zk9XM0hMNVFORFpJdUlUNzJmRnFVZDFyeTJzSG12SkNuRnBSQkhuZS1PeWdmUWk1MGZpOHlGT2NhYUNTdnNyeDNzY093LVY4LTBOX2N0dFh4RFV2WVpFMU9ra2hVYlg1RTdfejF6T1VTMUppQ1HSAbMBQVVfeXFMTzhxYzlnV3pTVmtmTFFxUEpZNE1LMEpzcHJ3VWNqZlhBNmlyY2NGd3JKOUxPUGk4VVljZVEyYzZZV2ZUSVBTYV84Yng4Ylctb09YWFBxMUg1N2pDYURWbG5memRJbnkydEkycmVCYS10YUF5VWU1dGNMVnFOanBwcGlQZVlIZmtEeDNOS3hmNzZRVFNrM2otU3F5OXYzdmxOMlZXclpLbUpDUkd2My1BeTgtbkk?oc=5,
rss_google_news,"Tue, 28 Ju",Foxboro: Revolution might leave Gillette Stadium - StadiumDB.com. Foxboro: Revolution might leave Gillette Stadium  StadiumDB.com,https://news.google.com/rss/articles/CBMiigFBVV95cUxNNFM1elJPYjM2TWpYTHFvalZMajUxWmZaTEdIbDZrUUR4dlNnWEtTNnUyc1JzQkZJVTBCaUhnb0prbXdJMjVvZndqMjRTUjhaMmFnVnljQW9wemR4ZnIzYXpaY1drLWlLaXZMektvcDNDRVBWUGxCa0t3Y2J4VVRCVmRGekpZWHJoQ1E?oc=5,
rss_google_news,"Thu, 16 Ap",History-Free Soccer at Yankee Stadium - The New Yorker. History-Free Soccer at Yankee Stadium  The New Yorker,https://news.google.com/rss/articles/CBMijgFBVV95cUxPc2o2NndJbExyckI2THQ1Tnh0ZkRLbE5fMGIwUmc0V0l4Y1p0dmRpN0MxcXFGOGZlblp3RmtxUzYzaDZmd1c2QmQ3dmo2RmR0aDE0VXBoLTFzVk52eFBLNkc2ck5ld2I3NE9vdFBRb2p0Vll0cm1FRy1jUzBrNGxYalZTaG50V1ZTTVdfeU5R?oc=5,
rss_google_news,"Tue, 03 Ma","This is the way: MLS Opening Weekend full of tifos, atmosphere, celebrities and Mandalorians - ESPN. This is the way: MLS Opening Weekend full of tifos, atmosphere, celebrities and Mandalorians  ESPN",https://news.google.com/rss/articles/CBMiwAFBVV95cUxPYlJOcllUTEc0N3N1RFdFZU83NFN1VlRzTUdkeGtWajBLX2U2SDlUa01xYmRBMkFzWnJsY1VsMlRJS1NETkhTWG5NeGpQa1k1V3JkcUhwQ2k0MlFQUnF6MzVjYzdnd0xrOWREM3BCSE1RMWs2X3BSZTc1QU9YaHBaeWVuS184dTE0ckF5dlNzUktqcUZHc1RGSExpeHlzbWRpb0ZyUm43N1VmWEpMZ2xmVFNwUHJvSm9JcmhfbzY2c0g?oc=5,
rss_google_news,"Tue, 11 No","Revolution owner Kraft says Boston stadium still the endgame, idea progressing - NBC Sports. Revolution owner Kraft says Boston stadium still the endgame, idea progressing  NBC Sports",https://news.google.com/rss/articles/CBMitgFBVV95cUxQaEo2amlrNjBoaEFzWWpuR3dGSnNjQTFCNmpROXcyZlJRQTFKWkxDZV91OVRzTFl4eXVCN2lZY1RVdTY3NHVNRk5HZW5xRGhISXphZUxZSDEwMktRczFzNHdRU0VkTHdkU2l4eTVxN0staUJiM3NsWnI1aFFQRUFMU2ZxejFEZDVNUS12NnpWRFdYSm5xZ0hlNTMybXlJSVBxWTV0c2o4NWUwQTJPQjROXzFVb2x6dw?oc=5,
rss_google_news,"Sun, 10 Ma",Biggest football stadiums in the world: A guide to the largest grounds by capacity - Football Ground Guide. Biggest football stadiums in the world: A guide to the largest grounds by capacity  Football Ground Guide,https://news.google.com/rss/articles/CBMie0FVX3lxTE5GZXlVemVpaHdKZHlzSmstZF90bEVSSnFxb3pVMFNtN2dyNmo1dzBzakpVRTZ5WkFEY09GYUtyV1NkSno4STVDcndHa3I0dHhzTEZZOXdiWERvWXpUOEFueWV5WVZsRm54VjY3REdIY0dlQjh4Z0VJNGxodw?oc=5,
rss_google_news,"Wed, 22 Ma",Major League Soccer tifos through the years - USA Today. Major League Soccer tifos through the years  USA Today,https://news.google.com/rss/articles/CBMimgFBVV95cUxPdllSVEFEcHVpd21oclhzdG45RVF6N0lGNVBvejdGdzRIeEl0TW5iaUxyYWhJc3hEeTBIbFJVWHE0ZS1lVi04VmgxMU5zTzVvZDE0eHVUVkVCalBLenZjaURoZlB0cjlQeTRjZ0JKWHJtQ2lWWjBQREszTFQ1YzZ0bXo2QzVkVXNmOHpUYVdaNnJFT2NyWXNXWFZB?oc=5,
rss_google_news,"Fri, 27 Ma","With Red Bull Arena, Building for Future and for Fans (Published 2009) - The New York Times. With Red Bull Arena, Building for Future and for Fans (Published 2009)  The New York Times",https://news.google.com/rss/articles/CBMickFVX3lxTFB1X3NFd2h2RXRCaUlQZi03cURHNEVoeDVMZEgwMm83XzZ4NjZDcGdORW9Vd0xtZ1A0ODB6UE5ocFM3S1hkZm9lU0puVFZJVWhuamJFMFZWbjI0VzMtRFVmQ0N1NERVb2RrTDdqa2IwMWM2UQ?oc=5,
rss_google_news,"Wed, 13 Ma",WORLD CUP STADIUMS - dailymail.co.uk. WORLD CUP STADIUMS  dailymail.co.uk,https://news.google.com/rss/articles/CBMilgFBVV95cUxPQzhfM0RjekN1OF9FMUhEUkpLUk5nb3VRc2htMTVxazFQdkhrR0w1MjBleDlQYmdxcWJaSWlzNzlKU2xXZS01QlVGLUI2R3BXMVlvdzZ1VWJBLWpMb0szaUI4NXhEUE45MTRoRW1QbXRicDhaRzFINlhnN01NQi1ibVR4SFNuSlhqZTd2TjV2LV8wTkJwMHc?oc=5,
rss_google_news,"Tue, 05 Ma",World Cup 2026: Explore Boston Stadium’s Secrets in Foxboro - BVM Sports. World Cup 2026: Explore Boston Stadium’s Secrets in Foxboro  BVM Sports,https://news.google.com/rss/articles/CBMilgFBVV95cUxPWUVJaUh0RTgzY2JYQkxRUVFYeFRHeW94NTBVVE9rSDVUWUd5bVJWZ19QbWV3Z252SFpKZzhXNmxYeC1MM0h2OWYzOEFiRXFRNUpVYkZEY3lkRmtXU005QTZkYWloeExCSGhHSklISVhydUUtSU13NldxSk5uTnFmdkNtZXBTSHVNbkxrMUh1R0l3bjdfd0E?oc=5,
rss_google_news,"Sun, 15 Ma","RECAP | New England Revolution 6, FC Cincinnati 1 – MLS Regular Season - FC Cincinnati. RECAP | New England Revolution 6, FC Cincinnati 1 – MLS Regular Season  FC Cincinnati",https://news.google.com/rss/articles/CBMihwFBVV95cUxQZzNJMGRGYjMtdXc4VkEwdEk5bGtvYlMtWDBUUzBSMGdhVGlMWHBNaDFLWUs0Zm9YSkJ3SkZ4V3hPek5OUXMxTmU5b2pjTi1VV1dWcmR0TWk4VmYtWUM5T0R4YTg0SmZTOUdqUE1pQXFlclhkNnRGSDBaVE1NWDNMeTdnVFE4RnM?oc=5,
rss_google_news,"Sun, 19 Ap","Lionel Messi sets another MLS away attendance record in Colorado Rapids vs Inter Miami, breaking mark vs LAFC - World Soccer Talk. Lionel Messi sets another MLS away attendance record in Colorado Rapids vs Inter Miami, breaking mark vs LAFC  World Soccer Talk",https://news.google.com/rss/articles/CBMi2gFBVV95cUxOMU0yZUdZbF9ZVlNUQU4ySER3UkNEUFVmRS1Qb2NEN2lwUjJNX0l1blRUTEV5STZmbHI1bVlpSnZ1bU9EbkFXYm9XY0tfYmZYd3hqbXRCM2FPLVNIRzdzdUJCTUNKbjEzYlFXeGVRdXo0cmROdXR5RGJVcWtTSGxXQjdCZlE3eTBqdlJwSkZ5S3B4clRKRnFtbWJrMkJ3eTY0QjFRRjFBTXB0T0t6ZWdrdVltVUJFckI1REJNR1EzMXhPNWFqOFVMY2VUX3dBaEZ5MUUzOFZJcFJIUdIB3gFBVV95cUxQcHRFNVNGTEZjNjNjSV8tdjhoaFpQOWFuZW1UejJjZ1ZUT3dvZ2lWc1hYTktPeUxxTkFpb29XcE1QR3dEa25VcDRtdm1tcVhKa0RXWi1RN0JlcTU3cDl0b1ZCTVBVR1IycVZITlVyaUZSSmRORXVWS05jV2VfVG51S3lpNF9lU2txUWhxSzRmR19qejJwNjA4QTQtcElXdFppSnd4Y08yTi05bFQ1QWE1amxENmFFckoteXNOMGJ4ek53SURpay1ocHZwOWNJOG1rNWRxcXFqYmRTTklPaWc?oc=5,
rss_google_news,"Wed, 18 Ma","Getting new stadiums in big markets “critical” for MLS, but cities aren’t driving hard bargains - Field of Schemes. Getting new stadiums in big markets “critical” for MLS, but cities aren’t driving hard bargains  Field of Schemes",https://news.google.com/rss/articles/CBMi1wFBVV95cUxOcm5UTjd5X3lJYjlleTgwQ2tqM042VF9ibVVVSV9NWVZnLWVTeTU0Y2c0MnFVcmJaMEZ1dWdxVExBNzhkWW01bGhQcXFTZUtNOEJhVTBnRHN1WXZzYUlGVFhHNW9QT0N3TUp3ZEZqelctU29DSXI4d3BxdG5RV3Z2cDZoYlVJQUhYUjlEbDZQY1BReDFHMUFYOTlsR0RrUV9nbEwwUW9fcHVEeVA1MzdGT05udTNNYTJkVDdFczFtbWhFc3Q3Wmh2dmpSa2FHNmxaOGJlcndjSQ?oc=5,
rss_google_news,"Sat, 18 Ap",Colorado Rapids vs. Inter Miami draws historic attendance to Mile High - MLSsoccer.com. Colorado Rapids vs. Inter Miami draws historic attendance to Mile High  MLSsoccer.com,https://news.google.com/rss/articles/CBMiogFBVV95cUxQSXFfODh2RDFIc25JdWVBNGZvUlN4WFctaXduajNZM3FBS2xBcDNmeFZIc3QzZHdjeW9icGFRQWR5OFJpWGtXTHJNQTUyc3BqSUNTcjhZaVIzWFQ0VVlBR2d1b0MxbjR3NVBkX243bzZoMEI4VzhsaG5OQ3V6T0tDWTlhMUY1Q1k2VUxUMlJoXzM4T2FvYUY3LVlmN3l4b2E5bUE?oc=5,
rss_google_news,"Sat, 07 Ma",How many fans are attending DC United vs Inter Miami in Baltimore today on 2026 MLS Matchday 3? - bolavip.com. How many fans are attending DC United vs Inter Miami in Baltimore today on 2026 MLS Matchday 3?  bolavip.com,https://news.google.com/rss/articles/CBMiwgFBVV95cUxNLUI1N3Zkd2VJZTIyRFBHNDhMWHktV1JFN2xuaElPTmNJbTlyX0JYMC1VSDZOQzcyYXpkeU01RGx3QV91Mi1qWjNQT2RVYlRoSmJ3QkNrU2NpTENJaGhOOWJrRHotVEFkSHV1bFdhRTJ5bkt6MGY4Z0VRSzU2NHNIdG5jalQ1ZTFGQXh6WXpwSW1fYTJfcEtWS0c4NTNNX1BEaGdrQ3lrTHk5WGs4ZXhjSFZxMEtVbXBTaDdqeHlXZUN5Z9IBxwFBVV95cUxNWXFSQWFIdlhrVUVJNVQ2NENhWUNKSjdteUxYMzNmV2FNaHRtRkdxeFlKX2pqV3NyU3ZtNUdMYXJTY2lzbnBTVWViNFBVSWhpRF9FY2QyVUxNcTJVa0s0VlJyQ2gtRUVmU2t6ZGt1Y2pHNWgwVmtiSGNIQjBuLTlJMWxGNXhoZ21vTkstUDNyVFZBSFZYNlBoeGRRWmFvNko3VFY4d21zY2hOalUwbXFKbW0ySEpOVDRkN3dmcU0wSWFYbE8tcDdv?oc=5,
rss_google_news,"Wed, 22 Ap","Recap | Revolution top Atlanta United FC, 2-1, for fourth straight win - revolutionsoccer.net. Recap | Revolution top Atlanta United FC, 2-1, for fourth straight win  revolutionsoccer.net",https://news.google.com/rss/articles/CBMipwFBVV95cUxPS0s1bkxFeldTRC1rY3hTbVpTaVpWNXhwUXBIa0hkYmF2M3hBMHBERjdtT2NwZ2lLcnBxQzJKeXpnc2R3WjNYNnIxbHJPdFc4RTdkb2RrQk92c0FzV0ExQi1LU3AwajFwbWZGU3h6NnR6dFhacWM2WFloX3BZOTFta2FjMUYyQ3pVRjhDUTBDaUhDT0xfWmkxY3ZJSUpXNy1ZYUxPeFZJbw?oc=5,
rss_google_news,"Thu, 23 Oc",Major League Soccer's 30th regular season brings unmatched fan engagement - MLSsoccer.com. Major League Soccer's 30th regular season brings unmatched fan engagement  MLSsoccer.com,https://news.google.com/rss/articles/CBMipwFBVV95cUxPMnVuQVJqeHZXSjFjbzRuN1hYRWtoeEFzbXUyUVdjUlNQUFVtMGk5M0xkb0FQN0dTdkt3ZWo1UklzZFNENWtaUGtSREt6Nmt3aUpyR092VEJ6aUFabDVld3VjYzFJa1Fzb0ZiZGRsS2tqdjZMdnBwV0QzNkphQ0hoNkVTd1gtdXhuLUNYNFV3ZzlOdG10M2JiVE8xSFVUellrTWQyRnIxTQ?oc=5,
rss_google_news,"Sat, 18 Ap",Recap | Revolution rally for 2-1 win over Columbus Crew - revolutionsoccer.net. Recap | Revolution rally for 2-1 win over Columbus Crew  revolutionsoccer.net,https://news.google.com/rss/articles/CBMilgFBVV95cUxNOVA4c0NfTTlQU1FRczN4VkFHcFNaZFJQd3lOdHAyU0kxYWRub0pqQUxueGp5a2ZQc0VIMnFwekV2V0s5bk13bjB4cVBlX3Roa1lwaDlxNVVEWWJtYUxqemRsSXFIT2UzVTVBUFpRSG5wREV6NlpLYk1FRVJweXdYNDBRRGRrY2FsSTc0ejNDcG5UUTlmZ0E?oc=5,
rss_google_news,"Sat, 02 Ma",Recap | Revolution match best-ever home start with 1-0 win over Charlotte FC - revolutionsoccer.net. Recap | Revolution match best-ever home start with 1-0 win over Charlotte FC  revolutionsoccer.net,https://news.google.com/rss/articles/CBMirAFBVV95cUxNMTBwRlh2ay1wVTdjaVRDYzk2NDdWMk1wX3M5bTVWMjVFanAtZklqNDZieF9fT2pGZk0zSHo0TlNsVWVRck9pUjRBVF9kUXgydTczZFJvUl9ybVlDR2p6Y1RuZkRVRURoeGRDNXNvWS01NzFFRUNjN2c4NXd2c3pmWkhiYU5rcUZDYmV3dHBSS3NFUWlha1d1dFJNa2x2NUM5U2IybHN6UmlaRE9M?oc=5,
rss_google_news,"Mon, 23 Fe",The Pitch: Record Crowds and Rising Stars Signal MLS is Back - MLSsoccer.com. The Pitch: Record Crowds and Rising Stars Signal MLS is Back  MLSsoccer.com,https://news.google.com/rss/articles/CBMilAFBVV95cUxPUW5VNnhsZ2hlMUJaS3hkaEU5b2dwc2l5VVQ1Y19TVkN2Y291aXVxVjYxXzVvMmZ6Rm9tZDEtWGE5VzE3eVFqSkZGT0NEbnRxWDRMVG9Xdi13bHJ6WUNvUm9HbHJLckdiUklEUFdTLXUzZ3pHSGd2R182dWRzWEFqU29rUC1CbmxZanhJMUg2cmstSzlr?oc=5,
rss_google_news,"Tue, 10 De",MLS Second-Highest Attended League in the World - Charlotte FC. MLS Second-Highest Attended League in the World  Charlotte FC,https://news.google.com/rss/articles/CBMilAFBVV95cUxOM0xIYXRxazdmX2lJZnpKOVVMREplOVlHVkVZVHo2RF9lOTdDSDlCRzJNM3l4aTBDNm5oTkJ4OTVjSVc5UF81RjNSWDAwNC1ySHU1dHZmNHZJaV91cVZrd0M5XzZBT3ByZHRzRjhhTWg1N2F1aGxNQUdPaklGZUdtZGJVUW5CV3J4NUIxQWVHSEJKZmFW?oc=5,
rss_google_news,"Fri, 09 Ja",New York City FC attendance climbed slightly in 2025 - Hudson River Blue. New York City FC attendance climbed slightly in 2025  Hudson River Blue,https://news.google.com/rss/articles/CBMijgFBVV95cUxQUWNkS1VfeF9iWkFhSUhTWVZBOGpuZFZSWm9OT3RjODdLYkJPQVhUcWI0azg0bWc1a1JJQ3c2STk4eTNJTGtpZGMtZU8wYnVRMm5ZaktFMlIxWXVmNmxlU216aXVUbU5BMjJLaEIzU19zS1B1ZXhSNGdJdUNEX2pBZHd5enZKcUpzcFp5Nm1R?oc=5,
rss_google_news,"Sat, 19 Ap",Lionel Messi sets another MLS attendance record in Inter Miami's thrilling win over Columbus Crew - World Soccer Talk. Lionel Messi sets another MLS attendance record in Inter Miami's thrilling win over Columbus Crew  World Soccer Talk,https://news.google.com/rss/articles/CBMiygFBVV95cUxNcVBkZmhKS3pBZU9rVjE4ZVlJSEtaRldTcEh2bFdHbUFHS2dvbm01cWhxdE83Tm9Yam1MWmxBRFhyWmNzaC1qMzRmNGxtd2FONWpDRDBPLXV5ZGRpdXVkZ1J1Sl9Hd3k5eWR6QXQ0emF1RnJxVnc4cTRGTTdFNlM4Tk51ZGJabnBmNnJ1OXdQcGRDREVwS3BkTm9KeHdkOFNKLUZXMmVKZmIxNjJNdjFacGtZY3BQYnhId2NESVp1OFpmZkRMQ2NHYUxB0gHOAUFVX3lxTE92UktjaWFVN2JqcFdibEJIS0ZPQ0FzM0w3UEZvdUl5ZWVTcG9naDY0TXlrRENMRktURXZnOUxScHloaldSZGI1Q2syWDBpYjllSFp2eXlFR2VwUW1nOUw3djlLYTdPa1NCRlBTaTVUN204UmI2SE15SmVrSHRkUDdaVVRMd284MENleXp1eVY3Vnl2Tlg4RHJ0cjFPbGc2OGUzNXFuVzlUUktpTUQ3ZFZKZlpLSkR1V29KUFNybm43RUxLamxzLXJ4N3lNQUVn?oc=5,
rss_google_news,"Wed, 30 Ju","MLS sets new attendance records in 2015, LA Galaxy rank in the top five of overall average attendance | INSIDER - LA Galaxy. MLS sets new attendance records in 2015, LA Galaxy rank in the top five of overall average attendance | INSIDER  LA Galaxy",https://news.google.com/rss/articles/CBMiqgFBVV95cUxQZ09sOVU1US03a0tyT18yLTlibWZMNTdONmZnVmNIeXFwMzR0WWJCeDFfSXVzTWlrUWowR2wzcmpsNWlmY3FzQmhDY1drLVJueUdRUC1fRDVfZ0RITENvZENMUWJ2QjJpQnhpaUlOLUhPVVg2eWRGY0FkRV9rM0ZWNVNzeWNJc3p1RHZqaUxRSVNueTFPTlNreVdEYm4zdHdUZEMxemo1TzZWUQ?oc=5,
rss_google_news,"Tue, 01 Ma",The Pitch (Week 2): Charlotte FC Set for Record-Breaking Home Crowd Against Galaxy’s Chicharito - MLSsoccer.com. The Pitch (Week 2): Charlotte FC Set for Record-Breaking Home Crowd Against Galaxy’s Chicharito  MLSsoccer.com,https://news.google.com/rss/articles/CBMisAFBVV95cUxQUWcweEJBZEtQMmRZcmNXbFV6R1g1MmlMQjdsQ09oMXcyT3RWZ1hSekhKNEdFOG5CUm1idHpHYUtrUERzXzdnM2ljZUZxS2tqLWxTUERLOWtSV2VGZVJBMDNwU1cyeHI0QndiUVl1WFVfR05HZC1FOTVvZDNONVNraGxOUDZJTnQ1bnd4VDI1dmtvNWZ1WWNfN3hkU0JyaFdpVzEzMi1kN0Z4bHQzZVZXSw?oc=5,
rss_google_news,"Sun, 06 Ma",Charlotte FC set MLS single-game attendance record - MLSsoccer.com. Charlotte FC set MLS single-game attendance record  MLSsoccer.com,https://news.google.com/rss/articles/CBMiiAFBVV95cUxQUVRKYkpTQUtpQ0VlQmI0djIwTlNyNjc0dnNFblp3ZElfdzJNNDNiM2w0c2twSkN0ajNPUG9fNUp0cFJkVkdSNkZMMkQ4bHFJU21SSGRQTmJpTVAzeEhMV1ZFMXpNTjI3SHhTdWNxcUdaaVVLZkdfeWhKbE5zTXpNZDFLSUdOV01n?oc=5,
rss_google_news,"Sat, 05 Ma","Charlotte FC set Major League Soccer Single-Match Attendance Record with 74,479 at Bank of America Stadium - Charlotte FC. Charlotte FC set Major League Soccer Single-Match Attendance Record with 74,479 at Bank of America Stadium  Charlotte FC",https://news.google.com/rss/articles/CBMiwAFBVV95cUxNTUUwck9heXc3RDYyVmd5ZERQNl9rWTlWWUVvMUJmcjFmZlpSWkdLbUJnTHU2eExVN3Y4U1p3UHlWZGFDUjkxVVZHZmRfWTcwekd2bmlPeWgzQTZNVGY3aVUwNk1DV1M3VHFtb0M0WVc3YXBwUVlQemRmOGhUbWJERy1teHdfcmdTRE50eDlhUU0tSjZvc3ZaRDNXWXlVdXhIVFhoYVhHM0w3VFY2SGxFb2M3MHI2d2lnbTFpalhHN3o?oc=5,
rss_google_news,"Mon, 13 Ap",Colorado Rapids vs Houston Dynamo: MLS stats & head-to-head - BBC. Colorado Rapids vs Houston Dynamo: MLS stats & head-to-head  BBC,https://news.google.com/rss/articles/CBMiYkFVX3lxTE0wTmFiYlphTWdTcTB5a1BTcXFaV2lKZ0xfMmtORWJQTzVvMWJkblU1WjNvQ09uV3dIMXo1MXl3a19YX2FzX2FZdThYVWFaMW52OGlsWi10ZUVuREpma1hUT2ln?oc=5,
rss_google_news,"Sun, 22 Oc","Atlanta United break attendance records, paces MLS to single-season mark - MLSsoccer.com. Atlanta United break attendance records, paces MLS to single-season mark  MLSsoccer.com",https://news.google.com/rss/articles/CBMioAFBVV95cUxQTUhGTEQ4S0o2S3FrcnljTWpnOTN4a0NmSlpjcXlfeGFiem8wSzNnR0k2UDRCMTJqS2g1SzV6aWZlUEpwLXliV2ExV083OFhXNzQ1YmZVNXhNVkUzeXJSRnBIbTVIbjN4YTU2MXlhSjBLMi1NaEtweng1Wl90bDgtaUllNllaaVppUE9Ic0JBY0s5X0RDWHpsWVk2VjVoME9k?oc=5,
rss_google_news,"Wed, 05 De",Atlanta United ranks among global elite in average match attendance - MLSsoccer.com. Atlanta United ranks among global elite in average match attendance  MLSsoccer.com,https://news.google.com/rss/articles/CBMimwFBVV95cUxObkJLZWRfSktVbk5hNjJ3RXRLTzJsUG5WM3hxTnBsVWdzWUl0amh1dGJnanJhb3haMi1ISWZaUUdOSkpCcm9vMHpRNUVLNExsZFVSLTM5TmJmYXBrT3JGUG02QkV0Y1ZLSHRCNWdIanNRVXdYUXBwdVRreFM5VGpNQW5kZzRVVVNVWHVQWnB4VDdFcEZ3eTRRSlRNNA?oc=5,
rss_google_news,"Sun, 15 Ju",Atlanta United again set MLS attendance record - MLSsoccer.com. Atlanta United again set MLS attendance record  MLSsoccer.com,https://news.google.com/rss/articles/CBMigwFBVV95cUxOY3ZEb2RjVVg0b0xRVGlhc0ZhUk9wYzhhZW5MVWhIWVRRUlFMWFZVVGczeWJ6ZVlzZ0VJaUtjbml0Ym40SGNkU0syTVRleWxzdk1IcGNONFc1NnlVS3RuLXRkb1Z6T25rSnp4eFVDQjlmMzF4SXZzRUZTWEZKMmhrWTBBcw?oc=5,
rss_google_news,"Sat, 02 No","After CenturyLink Field sellout, a look at the top MLS Cup attendances - MLSsoccer.com. After CenturyLink Field sellout, a look at the top MLS Cup attendances  MLSsoccer.com",https://news.google.com/rss/articles/CBMicEFVX3lxTFB0SHJYZEtITVg0QlEwZUdDa3E0N2pEUXpOTXR0djlHUlh4WGNGTWJDUWUyeHJNR3hFSHpjVmIzNkFhTUZIMjJYZFdXeTlFbUFibHVTaG5CT3BmWmxsdFFiYjZtSWdvQTJ4YmhUellQUHY?oc=5,
rss_google_news,"Mon, 09 Ma",Atlanta United holds every top 10 MLS regular-season attendance record spot - MLSsoccer.com. Atlanta United holds every top 10 MLS regular-season attendance record spot  MLSsoccer.com,https://news.google.com/rss/articles/CBMiqgFBVV95cUxQWjVhbFFfemNzS19xSDM0V25yb0ExZ241Nk5WYmdCZG9PNm5vcGpCbTNqbDREQXllOEVrNnpvTGpwRm9IWHpybXktRHN2UDhUcV9rQktjcm00OGEwZnFURS1HUlBUandWQ2RTeFN6QUdvSmdTc0d5VWhpaWU0a0ZIQWJnc2tJT28ySVBxWTUyUjl6VHZlc1dBaThuVFgxUEMzRXl2YlhhZkVmZw?oc=5,
rss_google_news,"Sat, 08 De",2018 MLS Cup in Atlanta shatters previous MLS Cup attendance record - MLSsoccer.com. 2018 MLS Cup in Atlanta shatters previous MLS Cup attendance record  MLSsoccer.com,https://news.google.com/rss/articles/CBMimwFBVV95cUxQUE1KT3VJMVZjaFRaWlIwblNPMDBEaVZKSEJrYjdFOUsyX3FZSjlqZE9Mc1NxYWtwb1Z6T0xFLUpNbUVXaW9IUlBDSUV0bjdHN2puV0tBT1JUTndJQ0o1UXJtU0JVbXNCTUNOdUxISUtGQUhINDhHM3UzNUtzR0RQSml2Z09aOEdQbldBdGVLUHBGeVNjOW1fSVBXNA?oc=5,
rss_google_news,"Tue, 01 Ma","M.L.S. Returns With New Team, New Faces and a New York Champion (Published 2022) - The New York Times. M.L.S. Returns With New Team, New Faces and a New York Champion (Published 2022)  The New York Times",https://news.google.com/rss/articles/CBMic0FVX3lxTE1WU1YxZXRFQ0lCZklIcGZPQ2dtdkE3Mkk3c1Bqc0wyS0J1eWMwM0VqUnRVeHc4SnZ5ZENXQnZ1NThfNDJhQm5oaVV6Wl9iTzRicUtRVS0xUmtycmFDMndtRmduOTlVeXc3WkQ3QkFoM3E0Qm8?oc=5,
rss_google_news,"Tue, 25 Fe","Major League Soccer could expand to Indianapolis, or an existing team could move - IndyStar. Major League Soccer could expand to Indianapolis, or an existing team could move  IndyStar",https://news.google.com/rss/articles/CBMizAFBVV95cUxNWmFlU0M0c09jVmp4VTUzVm9BR2FnbHRtVjN3SDNwM0NyeHBfOExsd0tCdnpyZ1FrWDFMRkRDV0laYm5yRy1qOGdETUJROE14U1pTb2tlY1Bqdk84WURCVzZoR3FqZnI1TDZMSW5wVWpCUDN3d3RET0l0R0ZKRmZoTE9DYU1VWmNlRWloNUdqVnRDa0EzdFRiMkdFRVp4ZWdBVFdzMXliQ3JzRnJLQjNYN21FZEF1WjlNMmhFNGxyRjFaSHZCd2JibFctNkQ?oc=5,
rss_google_news,"Sun, 21 No",Match Preview: Atlanta United vs. New York City FC - Atlanta United FC. Match Preview: Atlanta United vs. New York City FC  Atlanta United FC,https://news.google.com/rss/articles/CBMiqwFBVV95cUxQZ0pQVm1NT2Z6TUZhQ0J0V3ZsYThjcUJZRUpBMWduYkh4UHVQeHptOEZ6ZVcyV2xkYm1EYjB2d1Z4a2dFNU1vazBkOG1BMTFVSXdpNVgyZGtIN245UEJXNF9uLWJibTJ6ajhBNmtCM2l0OFI2eE9yTXVyRTZOMTFQaV80RHRaOUxEQWFSWWNVdVNwNGNGZEFZMzM3SFgyNG12U2ZmY2gwX1BTTTQ?oc=5,
rss_google_news,"Sat, 16 Se","Atlanta set all-time MLS single-game attendance record with 70,425 fans - MLSsoccer.com. Atlanta set all-time MLS single-game attendance record with 70,425 fans  MLSsoccer.com",https://news.google.com/rss/articles/CBMijgFBVV95cUxPNTc2VnJqM0ZkSEp6RGFzdElfdEcxUW1NcktXeVNiUlNUd2JlTDFBNDN5VTl5ZVJ1a1A0RGhscWI4b3hiV1VBLUh0Z050Uy0xRk5RNlZESWc1d1A4RGh6WGxyYWpWWjZ4TXo0TTMwRjV1M2pOSEdFclRpanRxS1A3UmtfTFlkV2VwWHA3ZnlB?oc=5,
rss_google_news,"Mon, 01 No","Atlanta United leads MLS, ranks among world leaders in attendance - AJC.com. Atlanta United leads MLS, ranks among world leaders in attendance  AJC.com",https://news.google.com/rss/articles/CBMi2gFBVV95cUxPeXdaVUNwcmxuVUtfZVpDdm5hZjNZT2JfUlNQN3JYbGQ1Qnc5TzdJR3k1REF3ZUU5VGNyOUN4Nm14bXYtTnQ0cjJhM3FKVTVpYkxqc08xaXNZNjhsZDVUWnpXb2E2RmZCQ01tLVdpU2haYW56Z19tSXFRZ3ZPbm5KTE1hZVJoTjZMcTRLc2JwOENrVXZrcmpPb0o2LXhkYTlnU3cxbHFWRnkwcmFsUEgzbktWcEtnODdEd1plRkhLd0RMeFFReEQzSWo5QTFYTUx3cWlyS2tpTXp3UQ?oc=5,
rss_google_news,"Sat, 16 No",MLS 2026 Attendance Data - SportsPro Commercial Guide - SportsPro. MLS 2026 Attendance Data - SportsPro Commercial Guide  SportsPro,https://news.google.com/rss/articles/CBMifkFVX3lxTE5DaEpNYVZ0ckhiMlU4NHNPdENlSmpPVmo1b0ppNDNjSzJMYlpRc3h4NFV4V1NoUXhFQThSUElQYzZTNUZyZnhpM3FFa2Jib0NhOVZwWktYTUVCUGluTWlRYjdOWGM2TWc0czhscUJPRVlBODMwRk8zYTQ0U0g3dw?oc=5,
rss_google_news,"Mon, 24 Oc","NFL vs MLS - Revenue, Salaries, Viewership, Attendance, and Ratings - WSN.com. NFL vs MLS - Revenue, Salaries, Viewership, Attendance, and Ratings  WSN.com",https://news.google.com/rss/articles/CBMiS0FVX3lxTE42djJkcmFxN3V0eFI4Q082cUtsWVg1eTRRU3Y3Wm1CeWVHYzF0Sk1KQ3dRTm5UVzdYRG9EdFhJQ24zVEdhY0cyUkNjbw?oc=5,
rss_google_news,"Sun, 17 Se",Atlanta United sets MLS standalone game attendance record - Goal.com. Atlanta United sets MLS standalone game attendance record  Goal.com,https://news.google.com/rss/articles/CBMitwFBVV95cUxPQ3M0aUFuSlRwekFicWZDNnNfY3VmZEdnX1lwa0hpRXZBYU9RRHV1Nmh1cllnRFFBWGVfLVc4WnduOUhRV0I0T2dZdUxBLWVuYVoxWlF3WmRaSEZkcG9WbU1XMXdpaDY3UHA5bHpLM3lNdGJpMEE2MVZsUFJfcER2SElZU1l6Z2UzTV8wVlhwTkJnUW9FZVM1S1pDWUVGLVpURldoYkc5cHBMU2hQVndDZks3RTdMTUE?oc=5,
rss_google_news,"Mon, 27 Oc",MLS Sets New Attendance Record In 2014 - World Soccer Talk. MLS Sets New Attendance Record In 2014  World Soccer Talk,https://news.google.com/rss/articles/CBMingFBVV95cUxOcVFWbTZnUjU5aFpMSkRpWFhnVENzSk96dTItR01QdTZHRXRXUWNnZzE4VUZMWXU5eG9kcjJNRkU1OGNrMGRMeUpnVmd3TFBXeU5vUl84bGktWlJrVXdrZ0R3bDk0N0VPTXR5bGtwdW1JT0NqRmlqZVJIS0dpVHNVWG9fdTFraDU4Mjc5M281bWlGRDhPaEN5MkRpSUpDUdIBogFBVV95cUxNOXkxS1liRUhaTmh4R3Z6WFlkcU9FbEI4ell1RWdQeTQ0YmtOcENKa0trSmx2LVBydS1uMUFJMnJJa1JFLVo5TldnSDlmTXhhYjFncEFWbldVcEx0TUwzd0lReXpfaHhPRHRBOHJrczZnc3gwN1E3Q1QtMjREUkxQSW5HVlpORmJaVFlhUDVHSG9RbWcta3JvZ2pxMks0aExVaWc?oc=5,
mls_soccer_web,2026-05-21,"Power Rankings: Nashville, New England battle for East supremacy.",https://www.mlssoccer.com/clubs/new-england-revolution/news/,
mls_soccer_web,2026-05-21,"What We Learned: New England's X-factor, Jack McGlynn's USMNT value.",https://www.mlssoccer.com/clubs/new-england-revolution/news/,
mls_soccer_web,2026-05-21,"Team of the Matchday: Portland Timbers, New England Revolution set club records.",https://www.mlssoccer.com/clubs/new-england-revolution/news/,
mls_soccer_web,2026-05-21,MVP man: Carles Gilâs late heroics propel Revolution to record start.,https://www.mlssoccer.com/clubs/new-england-revolution/news/,
revs_official,2026-05-21,LAST CHANCE! Voting ends today for 2026 MLS All-Star Game presented by Chime,/news/voting-2026-mls-all-star-game-presented-by-chime,
revs_official,2026-05-21,"âYou canât do it aloneâ | Shouldering weight of expectations, Miller learned to lean on support system",/news/shouldering-the-weight-of-expectations-miller-has-learned-to-lean-support-system,
revs_official,2026-05-21,"MATCHDAY GUIDE | Revs at Charlotte FC (May 23, 2026)",/news/matchday-guide-revs-at-charlotte-fc-may-23-2026,
revs_official,2026-05-21,"Fofana previews final game before break | ""Very important for us to finish well""",/video/fofana-final-game-before-break-important-to-finish-well,
revs_official,2026-05-21,"Carles the Consistent | Amidst a changing landscape, Gil has remained Revsâ driving force",/news/carles-the-consistent-gil-has-remained-revs-driving-force,
revs_official,2026-05-21,Boston 25 and New England Revolution Partner to Air Select MLS Match Replays in 2026,/news/boston-25-and-new-england-revolution-partner-to-air-select-mls-match-replays-in-2026,
revs_official,2026-05-21,MLS Team of the Matchday presented by Audi | Gil lands amongst leagueâs best for fourth time this season,/news/mls-team-of-the-matchday-gil-lands-amongst-leagues-best-for-fourth-time-this-season,
revs_official,2026-05-21,Postgame Notes | Judah Siqueira nets late winner as Revolution II claim 1â0 victory over Orlando City B,/news/postgame-notes-siqueira-winner-revs-ii-1-0-victory-over-orlando-city-b,
revs_official,2026-05-21,âEverything we do is relentlessâ | Revs get back to winning ways with gutsy victory over Minnesota,/news/relentless-revs-back-to-winning-ways-with-victory-over-minnesota,
revs_official,2026-05-21,Recap | Revolution battle to 2-1 win over Minnesota United FC,/news/recap-revolution-battle-to-2-1-win-over-minnesota-united-fc,
revs_official,2026-05-21,Starting Lineups (May 16) | Revolution vs. Minnesota United FC,/news/starting-lineups-may-16-revs-vs-minnesota,
revs_official,2026-05-21,Preview | Revolution II host Orlando City B for Sunday showdown,/news/preview-revs-ii-host-ocb-sunday-may-17-2026,
revs_official,2026-05-21,The Soccer Show | Fagundez talks returning home to New England after five years,/news/the-soccer-show-fagundez-feldman-lemieux-may-16-2026,
revs_official,2026-05-21,"New England Revolution Academy Highlights | May 15, 2026",/news/new-england-revolution-academy-highlights-may-15-2026,
revs_official,2026-05-21,Preview | Revs close homestand vs. Minnesota in final home game before FIFA World Cup break,/news/preview-revs-close-homestand-vs-minnesota-in-final-home-game-before-break,
revs_official,2026-05-21,"âPart of our familyâ | Revs, Special Olympics Massachusetts kick off 12th year of Unified Team",/news/revs-special-olympics-massachusetts-kick-off-12th-year-of-unified-team,
revs_official,2026-05-21,"MATCHDAY GUIDE | Revs vs. Minnesota United FC (May 16, 2026)",/news/matchday-guide-revs-vs-minnesota-united-fc-may-16-2026,
revs_official,2026-05-21,"Postgame Notes | Jake Shannon's goal lifts Revolution II past Philadelphia Union II, 1-0",/news/postgame-notes-shannon-goal-lifts-revolution-ii-past-union-ii-1-0,
